credit_id,sale_id,customer_id,credit_date,credit_amount,amount_paid,due_date
CR000001,S0000007,C0039,2026-01-01,200,0.0,2026-01-08
CR000002,S0000024,C0021,2026-01-01,90,0.0,2026-01-08
CR000003,S0000028,C0019,2026-01-01,70,0.0,2026-02-15
CR000004,S0000031,C0046,2026-01-01,105,0.0,2026-01-08
CR000005,S0000037,C0005,2026-01-02,25,12.5,2026-02-01
CR000006,S0000038,C0033,2026-01-02,190,0.0,2026-01-09
CR000007,S0000042,C0083,2026-01-02,50,12.5,2026-02-16
CR000008,S0000047,C0041,2026-01-02,110,0.0,2026-01-09
CR000009,S0000048,C0015,2026-01-02,144,144.0,2026-02-16
CR000010,S0000054,C0042,2026-01-02,105,0.0,2026-02-01
CR000011,S0000056,C0086,2026-01-02,110,0.0,2026-01-17
CR000012,S0000058,C0039,2026-01-02,48,12.0,2026-02-16
CR000013,S0000069,C0050,2026-01-02,45,33.75,2026-02-01
CR000014,S0000072,C0090,2026-01-02,45,11.25,2026-02-01
CR000015,S0000074,C0004,2026-01-02,38,28.5,2026-02-01
CR000016,S0000076,C0076,2026-01-03,72,36.0,2026-01-10
CR000017,S0000078,C0061,2026-01-03,22,22.0,2026-02-02
CR000018,S0000085,C0009,2026-01-03,50,37.5,2026-01-10
CR000019,S0000086,C0070,2026-01-03,135,67.5,2026-01-18
CR000020,S0000087,C0027,2026-01-03,135,135.0,2026-02-17
CR000021,S0000090,C0097,2026-01-03,104,26.0,2026-02-02
CR000022,S0000092,C0035,2026-01-03,270,135.0,2026-02-17
CR000023,S0000094,C0088,2026-01-03,100,75.0,2026-01-18
CR000024,S0000095,C0074,2026-01-03,32,24.0,2026-02-02
CR000025,S0000100,C0028,2026-01-03,35,35.0,2026-01-10
CR000026,S0000101,C0098,2026-01-03,15,7.5,2026-02-02
CR000027,S0000102,C0011,2026-01-03,45,0.0,2026-02-02
CR000028,S0000103,C0011,2026-01-03,15,3.75,2026-01-18
CR000029,S0000113,C0087,2026-01-04,48,48.0,2026-01-11
CR000030,S0000121,C0054,2026-01-04,300,75.0,2026-02-03
CR000031,S0000122,C0047,2026-01-04,290,145.0,2026-02-18
CR000032,S0000125,C0041,2026-01-04,40,20.0,2026-01-19
CR000033,S0000128,C0032,2026-01-04,25,0.0,2026-02-03
CR000034,S0000129,C0086,2026-01-04,140,70.0,2026-02-18
CR000035,S0000134,C0093,2026-01-04,155,77.5,2026-01-11
CR000036,S0000136,C0083,2026-01-04,50,37.5,2026-02-03
CR000037,S0000146,C0095,2026-01-04,220,0.0,2026-01-11
CR000038,S0000152,C0082,2026-01-04,150,0.0,2026-02-18
CR000039,S0000155,C0033,2026-01-04,50,12.5,2026-02-18
CR000040,S0000156,C0009,2026-01-04,270,0.0,2026-02-18
CR000041,S0000159,C0016,2026-01-05,155,0.0,2026-02-19
CR000042,S0000161,C0058,2026-01-05,180,45.0,2026-02-19
CR000043,S0000162,C0076,2026-01-05,8,6.0,2026-02-04
CR000044,S0000167,C0053,2026-01-05,50,37.5,2026-01-12
CR000045,S0000178,C0035,2026-01-05,100,0.0,2026-02-19
CR000046,S0000183,C0067,2026-01-05,100,0.0,2026-02-19
CR000047,S0000184,C0075,2026-01-05,50,25.0,2026-01-12
CR000048,S0000188,C0089,2026-01-05,60,0.0,2026-02-19
CR000049,S0000191,C0099,2026-01-05,30,15.0,2026-01-20
CR000050,S0000192,C0001,2026-01-05,80,80.0,2026-02-19
CR000051,S0000194,C0064,2026-01-05,160,80.0,2026-01-12
CR000052,S0000196,C0077,2026-01-05,18,0.0,2026-02-04
CR000053,S0000202,C0062,2026-01-06,35,26.25,2026-01-21
CR000054,S0000205,C0099,2026-01-06,155,38.75,2026-02-20
CR000055,S0000208,C0085,2026-01-06,280,210.0,2026-02-20
CR000056,S0000209,C0069,2026-01-06,104,52.0,2026-01-13
CR000057,S0000210,C0071,2026-01-06,104,0.0,2026-02-20
CR000058,S0000212,C0074,2026-01-06,50,12.5,2026-02-20
CR000059,S0000213,C0100,2026-01-06,85,0.0,2026-02-20
CR000060,S0000214,C0096,2026-01-06,255,255.0,2026-02-20
CR000061,S0000215,C0049,2026-01-06,240,240.0,2026-02-05
CR000062,S0000218,C0009,2026-01-06,270,0.0,2026-01-21
CR000063,S0000219,C0017,2026-01-06,429,107.25,2026-02-20
CR000064,S0000220,C0019,2026-01-06,610,0.0,2026-01-13
CR000065,S0000221,C0010,2026-01-06,60,60.0,2026-01-21
CR000066,S0000222,C0080,2026-01-06,50,12.5,2026-01-21
CR000067,S0000224,C0069,2026-01-06,285,71.25,2026-01-21
CR000068,S0000225,C0092,2026-01-06,10,0.0,2026-02-05
CR000069,S0000228,C0012,2026-01-07,450,0.0,2026-02-06
CR000070,S0000232,C0048,2026-01-07,72,72.0,2026-02-21
CR000071,S0000233,C0068,2026-01-07,52,0.0,2026-01-14
CR000072,S0000235,C0011,2026-01-07,100,75.0,2026-02-06
CR000073,S0000236,C0031,2026-01-07,45,45.0,2026-02-06
CR000074,S0000237,C0030,2026-01-07,72,54.0,2026-02-21
CR000075,S0000239,C0024,2026-01-07,525,0.0,2026-02-21
CR000076,S0000247,C0085,2026-01-07,1200,0.0,2026-02-06
CR000077,S0000256,C0042,2026-01-07,620,0.0,2026-02-06
CR000078,S0000259,C0081,2026-01-07,75,0.0,2026-01-14
CR000079,S0000262,C0087,2026-01-08,85,21.25,2026-01-23
CR000080,S0000263,C0012,2026-01-08,95,23.75,2026-01-23
CR000081,S0000267,C0030,2026-01-08,280,0.0,2026-01-23
CR000082,S0000272,C0039,2026-01-08,255,255.0,2026-01-15
CR000083,S0000274,C0048,2026-01-08,35,26.25,2026-02-07
CR000084,S0000276,C0013,2026-01-08,80,20.0,2026-02-22
CR000085,S0000278,C0028,2026-01-08,50,0.0,2026-02-07
CR000086,S0000282,C0037,2026-01-08,270,202.5,2026-01-23
CR000087,S0000294,C0017,2026-01-08,125,125.0,2026-01-23
CR000088,S0000297,C0014,2026-01-08,88,0.0,2026-01-23
CR000089,S0000301,C0052,2026-01-09,250,0.0,2026-01-16
CR000090,S0000302,C0063,2026-01-09,105,0.0,2026-01-16
CR000091,S0000306,C0078,2026-01-09,72,0.0,2026-02-08
CR000092,S0000310,C0093,2026-01-09,135,33.75,2026-01-24
CR000093,S0000313,C0088,2026-01-09,52,0.0,2026-02-08
CR000094,S0000328,C0085,2026-01-09,100,100.0,2026-01-16
CR000095,S0000335,C0035,2026-01-10,525,131.25,2026-01-17
CR000096,S0000336,C0063,2026-01-10,210,157.5,2026-02-24
CR000097,S0000339,C0076,2026-01-10,200,150.0,2026-01-25
CR000098,S0000344,C0001,2026-01-10,60,15.0,2026-01-25
CR000099,S0000350,C0055,2026-01-10,26,26.0,2026-02-24
CR000100,S0000353,C0080,2026-01-10,60,30.0,2026-01-25
CR000101,S0000354,C0012,2026-01-10,50,50.0,2026-02-09
CR000102,S0000355,C0056,2026-01-10,435,0.0,2026-01-25
CR000103,S0000363,C0023,2026-01-10,30,0.0,2026-01-17
CR000104,S0000364,C0073,2026-01-10,28,14.0,2026-01-25
CR000105,S0000366,C0020,2026-01-10,90,0.0,2026-01-17
CR000106,S0000369,C0040,2026-01-10,90,0.0,2026-02-24
CR000107,S0000372,C0065,2026-01-10,240,180.0,2026-01-17
CR000108,S0000378,C0091,2026-01-11,765,573.75,2026-01-18
CR000109,S0000383,C0013,2026-01-11,620,620.0,2026-01-18
CR000110,S0000386,C0084,2026-01-11,260,0.0,2026-02-25
CR000111,S0000392,C0099,2026-01-11,110,0.0,2026-02-10
CR000112,S0000399,C0006,2026-01-11,32,0.0,2026-02-25
CR000113,S0000401,C0037,2026-01-11,72,18.0,2026-02-25
CR000114,S0000404,C0057,2026-01-11,103,77.25,2026-02-25
CR000115,S0000405,C0049,2026-01-11,8,0.0,2026-02-10
CR000116,S0000407,C0083,2026-01-11,50,12.5,2026-02-25
CR000117,S0000418,C0037,2026-01-11,52,26.0,2026-02-10
CR000118,S0000419,C0018,2026-01-11,120,30.0,2026-01-26
CR000119,S0000422,C0078,2026-01-11,270,135.0,2026-01-26
CR000120,S0000425,C0065,2026-01-11,120,120.0,2026-02-10
CR000121,S0000426,C0026,2026-01-11,310,232.5,2026-01-26
CR000122,S0000428,C0038,2026-01-12,100,100.0,2026-02-26
CR000123,S0000438,C0041,2026-01-12,30,30.0,2026-01-27
CR000124,S0000440,C0092,2026-01-12,208,52.0,2026-02-11
CR000125,S0000443,C0017,2026-01-12,90,90.0,2026-01-27
CR000126,S0000447,C0026,2026-01-12,104,104.0,2026-02-11
CR000127,S0000448,C0009,2026-01-12,192,48.0,2026-01-19
CR000128,S0000449,C0064,2026-01-12,15,7.5,2026-01-27
CR000129,S0000455,C0078,2026-01-12,36,27.0,2026-01-19
CR000130,S0000459,C0082,2026-01-12,150,37.5,2026-01-19
CR000131,S0000461,C0044,2026-01-12,1550,0.0,2026-02-11
CR000132,S0000463,C0047,2026-01-12,60,15.0,2026-01-27
CR000133,S0000469,C0024,2026-01-12,610,457.5,2026-01-27
CR000134,S0000471,C0034,2026-01-12,90,67.5,2026-02-26
CR000135,S0000472,C0037,2026-01-13,324,0.0,2026-01-20
CR000136,S0000474,C0051,2026-01-13,38,9.5,2026-02-27
CR000137,S0000484,C0093,2026-01-13,30,15.0,2026-02-27
CR000138,S0000485,C0099,2026-01-13,90,45.0,2026-02-27
CR000139,S0000487,C0058,2026-01-13,180,180.0,2026-01-20
CR000140,S0000500,C0099,2026-01-13,180,135.0,2026-01-28
CR000141,S0000501,C0004,2026-01-13,270,202.5,2026-02-27
CR000142,S0000503,C0091,2026-01-13,405,101.25,2026-02-12
CR000143,S0000505,C0054,2026-01-13,100,100.0,2026-02-27
CR000144,S0000508,C0045,2026-01-14,44,0.0,2026-01-29
CR000145,S0000512,C0038,2026-01-14,290,0.0,2026-02-28
CR000146,S0000515,C0021,2026-01-14,200,50.0,2026-01-29
CR000147,S0000517,C0012,2026-01-14,270,0.0,2026-01-29
CR000148,S0000520,C0077,2026-01-14,18,18.0,2026-02-28
CR000149,S0000523,C0098,2026-01-14,96,72.0,2026-02-13
CR000150,S0000526,C0010,2026-01-14,95,71.25,2026-01-29
CR000151,S0000531,C0066,2026-01-14,108,0.0,2026-02-13
CR000152,S0000533,C0043,2026-01-14,188,188.0,2026-01-29
CR000153,S0000537,C0065,2026-01-14,72,36.0,2026-01-29
CR000154,S0000538,C0039,2026-01-14,96,0.0,2026-01-21
CR000155,S0000542,C0075,2026-01-14,160,80.0,2026-02-13
CR000156,S0000543,C0081,2026-01-14,46,46.0,2026-01-21
CR000157,S0000548,C0100,2026-01-15,43,10.75,2026-02-14
CR000158,S0000551,C0068,2026-01-15,105,0.0,2026-01-22
CR000159,S0000559,C0074,2026-01-15,18,18.0,2026-01-22
CR000160,S0000568,C0092,2026-01-15,45,0.0,2026-03-01
CR000161,S0000571,C0037,2026-01-15,40,0.0,2026-02-14
CR000162,S0000577,C0051,2026-01-15,245,61.25,2026-01-30
CR000163,S0000580,C0059,2026-01-16,15,11.25,2026-03-02
CR000164,S0000581,C0065,2026-01-16,42,10.5,2026-02-15
CR000165,S0000583,C0094,2026-01-16,30,30.0,2026-03-02
CR000166,S0000587,C0027,2026-01-16,23,5.75,2026-02-15
CR000167,S0000595,C0016,2026-01-16,500,0.0,2026-01-23
CR000168,S0000599,C0020,2026-01-16,52,39.0,2026-03-02
CR000169,S0000600,C0048,2026-01-16,30,0.0,2026-01-23
CR000170,S0000601,C0030,2026-01-16,48,48.0,2026-02-15
CR000171,S0000607,C0036,2026-01-16,75,0.0,2026-01-31
CR000172,S0000608,C0027,2026-01-16,280,210.0,2026-03-02
CR000173,S0000610,C0066,2026-01-16,76,0.0,2026-03-02
CR000174,S0000611,C0008,2026-01-16,72,54.0,2026-03-02
CR000175,S0000617,C0037,2026-01-16,270,0.0,2026-01-23
CR000176,S0000618,C0018,2026-01-16,30,0.0,2026-01-23
CR000177,S0000619,C0058,2026-01-16,52,52.0,2026-01-31
CR000178,S0000624,C0060,2026-01-17,310,310.0,2026-02-16
CR000179,S0000628,C0085,2026-01-17,490,0.0,2026-02-16
CR000180,S0000632,C0006,2026-01-17,90,22.5,2026-03-03
CR000181,S0000638,C0029,2026-01-17,206,51.5,2026-02-16
CR000182,S0000640,C0055,2026-01-17,50,37.5,2026-03-03
CR000183,S0000641,C0083,2026-01-17,510,510.0,2026-01-24
CR000184,S0000642,C0090,2026-01-17,90,90.0,2026-01-24
CR000185,S0000643,C0039,2026-01-17,135,67.5,2026-03-03
CR000186,S0000644,C0069,2026-01-17,15,0.0,2026-02-01
CR000187,S0000646,C0074,2026-01-17,100,0.0,2026-02-16
CR000188,S0000647,C0053,2026-01-17,506,379.5,2026-02-01
CR000189,S0000648,C0018,2026-01-17,93,46.5,2026-02-16
CR000190,S0000650,C0056,2026-01-17,60,0.0,2026-03-03
CR000191,S0000656,C0096,2026-01-18,32,0.0,2026-02-02
CR000192,S0000660,C0047,2026-01-18,54,27.0,2026-02-17
CR000193,S0000661,C0027,2026-01-18,38,28.5,2026-01-25
CR000194,S0000665,C0075,2026-01-18,186,0.0,2026-01-25
CR000195,S0000669,C0024,2026-01-18,45,0.0,2026-02-02
CR000196,S0000670,C0095,2026-01-18,135,0.0,2026-02-17
CR000197,S0000672,C0093,2026-01-18,75,18.75,2026-01-25
CR000198,S0000679,C0082,2026-01-18,253,126.5,2026-01-25
CR000199,S0000683,C0003,2026-01-18,95,23.75,2026-03-04
CR000200,S0000691,C0049,2026-01-18,310,0.0,2026-01-25
CR000201,S0000693,C0011,2026-01-18,100,25.0,2026-02-02
CR000202,S0000696,C0040,2026-01-19,380,190.0,2026-03-05
CR000203,S0000700,C0019,2026-01-19,216,108.0,2026-03-05
CR000204,S0000702,C0033,2026-01-19,310,310.0,2026-03-05
CR000205,S0000703,C0043,2026-01-19,206,0.0,2026-03-05
CR000206,S0000707,C0099,2026-01-19,26,0.0,2026-02-03
CR000207,S0000711,C0085,2026-01-19,103,51.5,2026-03-05
CR000208,S0000719,C0072,2026-01-19,45,22.5,2026-02-18
CR000209,S0000722,C0038,2026-01-19,140,70.0,2026-01-26
CR000210,S0000724,C0022,2026-01-19,70,0.0,2026-03-05
CR000211,S0000727,C0036,2026-01-20,75,37.5,2026-02-04
CR000212,S0000729,C0032,2026-01-20,104,0.0,2026-02-04
CR000213,S0000730,C0026,2026-01-20,96,0.0,2026-02-04
CR000214,S0000732,C0016,2026-01-20,35,35.0,2026-02-04
CR000215,S0000733,C0043,2026-01-20,15,11.25,2026-02-04
CR000216,S0000736,C0023,2026-01-20,135,101.25,2026-03-06
CR000217,S0000737,C0095,2026-01-20,30,22.5,2026-02-04
CR000218,S0000739,C0098,2026-01-20,35,17.5,2026-02-19
CR000219,S0000746,C0092,2026-01-20,210,105.0,2026-02-04
CR000220,S0000747,C0058,2026-01-20,70,35.0,2026-02-19
CR000221,S0000748,C0069,2026-01-20,360,360.0,2026-02-04
CR000222,S0000753,C0087,2026-01-20,134,100.5,2026-02-04
CR000223,S0000757,C0051,2026-01-20,76,0.0,2026-01-27
CR000224,S0000762,C0044,2026-01-20,260,65.0,2026-02-19
CR000225,S0000764,C0057,2026-01-20,270,270.0,2026-03-06
CR000226,S0000769,C0043,2026-01-21,95,71.25,2026-02-05
CR000227,S0000770,C0052,2026-01-21,38,38.0,2026-01-28
CR000228,S0000771,C0024,2026-01-21,60,30.0,2026-03-07
CR000229,S0000773,C0055,2026-01-21,36,0.0,2026-02-20
CR000230,S0000777,C0026,2026-01-21,52,39.0,2026-02-20
CR000231,S0000778,C0086,2026-01-21,290,0.0,2026-01-28
CR000232,S0000779,C0041,2026-01-21,85,0.0,2026-02-05
CR000233,S0000781,C0027,2026-01-21,104,26.0,2026-02-20
CR000234,S0000790,C0041,2026-01-21,260,65.0,2026-02-20
CR000235,S0000793,C0065,2026-01-21,33,24.75,2026-01-28
CR000236,S0000794,C0063,2026-01-21,240,0.0,2026-02-20
CR000237,S0000795,C0057,2026-01-21,80,40.0,2026-02-20
CR000238,S0000799,C0096,2026-01-22,36,0.0,2026-02-06
CR000239,S0000805,C0005,2026-01-22,16,4.0,2026-02-06
CR000240,S0000809,C0081,2026-01-22,48,0.0,2026-01-29
CR000241,S0000815,C0060,2026-01-22,84,42.0,2026-02-06
CR000242,S0000820,C0035,2026-01-22,134,100.5,2026-01-29
CR000243,S0000823,C0059,2026-01-22,50,25.0,2026-01-29
CR000244,S0000826,C0069,2026-01-22,145,36.25,2026-02-06
CR000245,S0000832,C0081,2026-01-23,560,280.0,2026-02-22
CR000246,S0000834,C0001,2026-01-23,38,28.5,2026-01-30
CR000247,S0000843,C0029,2026-01-23,50,0.0,2026-03-09
CR000248,S0000846,C0030,2026-01-23,540,540.0,2026-02-22
CR000249,S0000853,C0020,2026-01-23,50,37.5,2026-02-22
CR000250,S0000866,C0074,2026-01-24,52,13.0,2026-02-23
CR000251,S0000871,C0037,2026-01-24,33,8.25,2026-02-08
CR000252,S0000878,C0012,2026-01-24,510,0.0,2026-02-08
CR000253,S0000882,C0021,2026-01-24,50,25.0,2026-02-08
CR000254,S0000896,C0098,2026-01-24,255,0.0,2026-02-08
CR000255,S0000897,C0032,2026-01-24,95,47.5,2026-02-08
CR000256,S0000901,C0044,2026-01-24,35,35.0,2026-03-10
CR000257,S0000903,C0071,2026-01-25,30,22.5,2026-03-11
CR000258,S0000906,C0076,2026-01-25,190,0.0,2026-03-11
CR000259,S0000908,C0055,2026-01-25,52,26.0,2026-03-11
CR000260,S0000911,C0098,2026-01-25,30,22.5,2026-03-11
CR000261,S0000913,C0031,2026-01-25,216,108.0,2026-03-11
CR000262,S0000918,C0082,2026-01-25,90,22.5,2026-02-09
CR000263,S0000925,C0022,2026-01-25,156,39.0,2026-03-11
CR000264,S0000935,C0100,2026-01-25,310,0.0,2026-02-09
CR000265,S0000939,C0063,2026-01-25,156,39.0,2026-02-01
CR000266,S0000942,C0026,2026-01-25,1240,310.0,2026-02-01
CR000267,S0000945,C0056,2026-01-25,23,17.25,2026-02-24
CR000268,S0000946,C0049,2026-01-25,810,0.0,2026-02-01
CR000269,S0000950,C0064,2026-01-26,60,45.0,2026-02-25
CR000270,S0000952,C0018,2026-01-26,25,0.0,2026-03-12
CR000271,S0000956,C0025,2026-01-26,798,399.0,2026-02-10
CR000272,S0000960,C0087,2026-01-26,100,0.0,2026-02-02
CR000273,S0000964,C0015,2026-01-26,186,93.0,2026-03-12
CR000274,S0000969,C0005,2026-01-26,72,18.0,2026-02-02
CR000275,S0000970,C0023,2026-01-26,285,0.0,2026-02-02
CR000276,S0000972,C0003,2026-01-26,50,0.0,2026-02-10
CR000277,S0000978,C0091,2026-01-26,310,232.5,2026-02-02
CR000278,S0000980,C0021,2026-01-26,15,3.75,2026-02-25
CR000279,S0000988,C0014,2026-01-26,28,21.0,2026-02-02
CR000280,S0000995,C0057,2026-01-27,255,63.75,2026-02-26
CR000281,S0000996,C0064,2026-01-27,25,0.0,2026-02-11
CR000282,S0001003,C0044,2026-01-27,570,285.0,2026-02-26
CR000283,S0001009,C0051,2026-01-27,435,217.5,2026-02-11
CR000284,S0001011,C0038,2026-01-27,45,0.0,2026-02-26
CR000285,S0001016,C0070,2026-01-27,150,112.5,2026-02-03
CR000286,S0001017,C0093,2026-01-27,150,0.0,2026-02-03
CR000287,S0001022,C0045,2026-01-27,300,225.0,2026-03-13
CR000288,S0001024,C0067,2026-01-27,25,0.0,2026-03-13
CR000289,S0001025,C0091,2026-01-27,90,22.5,2026-03-13
CR000290,S0001034,C0072,2026-01-28,465,348.75,2026-02-04
CR000291,S0001037,C0076,2026-01-28,144,36.0,2026-02-04
CR000292,S0001042,C0050,2026-01-28,90,22.5,2026-03-14
CR000293,S0001045,C0088,2026-01-28,48,0.0,2026-02-04
CR000294,S0001047,C0007,2026-01-28,200,100.0,2026-03-14
CR000295,S0001049,C0036,2026-01-28,72,54.0,2026-03-14
CR000296,S0001051,C0096,2026-01-28,104,52.0,2026-02-12
CR000297,S0001052,C0094,2026-01-28,30,15.0,2026-03-14
CR000298,S0001054,C0075,2026-01-28,38,0.0,2026-02-04
CR000299,S0001057,C0091,2026-01-28,465,465.0,2026-03-14
CR000300,S0001060,C0005,2026-01-28,255,0.0,2026-02-04
CR000301,S0001062,C0059,2026-01-28,25,0.0,2026-02-12
CR000302,S0001078,C0028,2026-01-29,76,0.0,2026-03-15
CR000303,S0001079,C0067,2026-01-29,26,6.5,2026-02-13
CR000304,S0001082,C0014,2026-01-29,52,52.0,2026-02-13
CR000305,S0001086,C0066,2026-01-29,245,0.0,2026-02-28
CR000306,S0001088,C0084,2026-01-29,96,48.0,2026-03-15
CR000307,S0001089,C0047,2026-01-29,18,0.0,2026-02-28
CR000308,S0001093,C0082,2026-01-29,103,77.25,2026-03-15
CR000309,S0001102,C0016,2026-01-29,28,0.0,2026-02-28
CR000310,S0001107,C0044,2026-01-29,104,26.0,2026-03-15
CR000311,S0001113,C0021,2026-01-30,62,46.5,2026-02-14
CR000312,S0001114,C0079,2026-01-30,310,0.0,2026-03-16
CR000313,S0001115,C0052,2026-01-30,30,15.0,2026-02-06
CR000314,S0001121,C0014,2026-01-30,54,0.0,2026-02-06
CR000315,S0001134,C0054,2026-01-30,100,100.0,2026-03-01
CR000316,S0001146,C0071,2026-01-30,125,31.25,2026-02-06
CR000317,S0001147,C0027,2026-01-30,105,52.5,2026-03-16
CR000318,S0001162,C0052,2026-01-31,75,75.0,2026-02-15
CR000319,S0001163,C0001,2026-01-31,114,114.0,2026-03-17
CR000320,S0001164,C0062,2026-01-31,160,120.0,2026-03-17
CR000321,S0001167,C0054,2026-01-31,25,18.75,2026-03-02
CR000322,S0001171,C0015,2026-01-31,405,202.5,2026-03-17
CR000323,S0001176,C0085,2026-01-31,270,0.0,2026-02-07
CR000324,S0001179,C0061,2026-01-31,80,60.0,2026-03-02
CR000325,S0001180,C0097,2026-01-31,50,50.0,2026-03-17
CR000326,S0001182,C0029,2026-01-31,759,0.0,2026-03-02
CR000327,S0001184,C0062,2026-01-31,76,57.0,2026-03-17
CR000328,S0001185,C0064,2026-01-31,145,108.75,2026-03-02
CR000329,S0001190,C0027,2026-02-01,352,0.0,2026-02-16
CR000330,S0001193,C0080,2026-02-01,170,85.0,2026-03-03
CR000331,S0001194,C0047,2026-02-01,45,11.25,2026-03-18
CR000332,S0001199,C0093,2026-02-01,90,0.0,2026-02-16
CR000333,S0001201,C0020,2026-02-01,220,110.0,2026-02-16
CR000334,S0001203,C0014,2026-02-01,50,25.0,2026-03-18
CR000335,S0001207,C0098,2026-02-01,95,47.5,2026-03-18
CR000336,S0001221,C0075,2026-02-01,95,23.75,2026-03-18
CR000337,S0001231,C0072,2026-02-02,54,13.5,2026-03-04
CR000338,S0001233,C0007,2026-02-02,90,67.5,2026-03-19
CR000339,S0001236,C0050,2026-02-02,108,108.0,2026-03-19
CR000340,S0001239,C0038,2026-02-02,128,96.0,2026-03-04
CR000341,S0001251,C0054,2026-02-02,540,405.0,2026-03-04
CR000342,S0001254,C0097,2026-02-02,36,18.0,2026-02-09
CR000343,S0001256,C0045,2026-02-02,140,35.0,2026-03-04
CR000344,S0001259,C0015,2026-02-02,100,100.0,2026-02-17
CR000345,S0001262,C0066,2026-02-02,160,40.0,2026-03-19
CR000346,S0001268,C0083,2026-02-02,216,54.0,2026-03-04
CR000347,S0001274,C0058,2026-02-03,90,0.0,2026-02-18
CR000348,S0001275,C0003,2026-02-03,180,45.0,2026-02-10
CR000349,S0001281,C0057,2026-02-03,24,6.0,2026-02-18
CR000350,S0001287,C0001,2026-02-03,580,290.0,2026-02-18
CR000351,S0001295,C0093,2026-02-03,145,108.75,2026-02-10
CR000352,S0001298,C0063,2026-02-03,110,82.5,2026-03-05
CR000353,S0001303,C0083,2026-02-04,45,45.0,2026-03-21
CR000354,S0001305,C0043,2026-02-04,100,25.0,2026-02-19
CR000355,S0001313,C0034,2026-02-04,253,253.0,2026-03-06
CR000356,S0001322,C0098,2026-02-04,255,63.75,2026-02-11
CR000357,S0001325,C0047,2026-02-04,160,0.0,2026-03-21
CR000358,S0001340,C0062,2026-02-05,64,16.0,2026-03-07
CR000359,S0001346,C0067,2026-02-05,75,56.25,2026-02-12
CR000360,S0001349,C0058,2026-02-05,775,387.5,2026-02-12
CR000361,S0001350,C0029,2026-02-05,135,33.75,2026-02-20
CR000362,S0001356,C0026,2026-02-06,290,217.5,2026-02-21
CR000363,S0001362,C0056,2026-02-06,500,0.0,2026-03-08
CR000364,S0001363,C0006,2026-02-06,84,42.0,2026-02-21
CR000365,S0001364,C0062,2026-02-06,170,0.0,2026-02-13
CR000366,S0001366,C0033,2026-02-06,90,0.0,2026-03-23
CR000367,S0001374,C0069,2026-02-06,15,11.25,2026-03-23
CR000368,S0001377,C0090,2026-02-06,86,21.5,2026-02-13
CR000369,S0001378,C0072,2026-02-06,75,18.75,2026-02-13
CR000370,S0001383,C0066,2026-02-06,435,217.5,2026-02-21
CR000371,S0001386,C0019,2026-02-06,290,145.0,2026-02-21
CR000372,S0001389,C0093,2026-02-06,100,0.0,2026-03-08
CR000373,S0001397,C0036,2026-02-07,25,0.0,2026-03-09
CR000374,S0001398,C0051,2026-02-07,47,0.0,2026-03-24
CR000375,S0001403,C0059,2026-02-07,50,0.0,2026-02-22
CR000376,S0001408,C0049,2026-02-07,50,50.0,2026-03-09
CR000377,S0001409,C0044,2026-02-07,85,0.0,2026-03-09
CR000378,S0001424,C0087,2026-02-07,725,0.0,2026-02-14
CR000379,S0001430,C0053,2026-02-07,253,253.0,2026-02-22
CR000380,S0001433,C0090,2026-02-07,114,28.5,2026-02-22
CR000381,S0001439,C0064,2026-02-08,52,39.0,2026-03-25
CR000382,S0001445,C0027,2026-02-08,190,190.0,2026-03-25
CR000383,S0001458,C0042,2026-02-08,18,0.0,2026-03-10
CR000384,S0001460,C0037,2026-02-08,33,16.5,2026-03-25
CR000385,S0001463,C0079,2026-02-08,40,10.0,2026-03-25
CR000386,S0001466,C0078,2026-02-08,50,12.5,2026-03-25
CR000387,S0001468,C0067,2026-02-08,60,30.0,2026-02-15
CR000388,S0001473,C0018,2026-02-09,435,0.0,2026-02-24
CR000389,S0001474,C0004,2026-02-09,380,190.0,2026-02-24
CR000390,S0001478,C0037,2026-02-09,180,135.0,2026-03-26
CR000391,S0001481,C0061,2026-02-09,5,1.25,2026-02-16
CR000392,S0001482,C0071,2026-02-09,95,23.75,2026-02-24
CR000393,S0001484,C0059,2026-02-09,140,0.0,2026-03-11
CR000394,S0001491,C0097,2026-02-09,100,0.0,2026-02-16
CR000395,S0001492,C0099,2026-02-09,108,0.0,2026-02-16
CR000396,S0001494,C0025,2026-02-09,95,0.0,2026-03-26
CR000397,S0001496,C0095,2026-02-09,40,20.0,2026-02-16
CR000398,S0001502,C0080,2026-02-09,30,15.0,2026-02-16
CR000399,S0001503,C0080,2026-02-09,20,20.0,2026-03-11
CR000400,S0001509,C0044,2026-02-10,540,0.0,2026-03-27
CR000401,S0001510,C0076,2026-02-10,16,4.0,2026-03-12
CR000402,S0001513,C0100,2026-02-10,255,127.5,2026-03-27
CR000403,S0001515,C0033,2026-02-10,600,450.0,2026-03-27
CR000404,S0001518,C0026,2026-02-10,96,0.0,2026-02-25
CR000405,S0001529,C0055,2026-02-10,759,0.0,2026-02-17
CR000406,S0001531,C0021,2026-02-10,310,0.0,2026-03-12
CR000407,S0001539,C0063,2026-02-10,50,12.5,2026-02-25
CR000408,S0001540,C0070,2026-02-10,380,95.0,2026-03-27
CR000409,S0001544,C0020,2026-02-10,459,459.0,2026-03-12
CR000410,S0001546,C0100,2026-02-10,114,28.5,2026-03-27
CR000411,S0001549,C0009,2026-02-11,10,7.5,2026-02-26
CR000412,S0001550,C0088,2026-02-11,540,135.0,2026-02-18
CR000413,S0001555,C0014,2026-02-11,510,127.5,2026-02-26
CR000414,S0001556,C0005,2026-02-11,220,110.0,2026-02-18
CR000415,S0001559,C0084,2026-02-11,1860,0.0,2026-03-28
CR000416,S0001561,C0096,2026-02-11,50,0.0,2026-03-28
CR000417,S0001566,C0030,2026-02-11,560,420.0,2026-03-28
CR000418,S0001568,C0023,2026-02-11,201,50.25,2026-03-28
CR000419,S0001570,C0090,2026-02-11,105,52.5,2026-02-18
CR000420,S0001573,C0069,2026-02-11,105,52.5,2026-02-18
CR000421,S0001575,C0098,2026-02-11,52,52.0,2026-02-18
CR000422,S0001577,C0028,2026-02-11,140,0.0,2026-02-26
CR000423,S0001588,C0074,2026-02-12,18,0.0,2026-03-29
CR000424,S0001590,C0073,2026-02-12,64,0.0,2026-02-27
CR000425,S0001593,C0074,2026-02-12,22,0.0,2026-02-27
CR000426,S0001595,C0056,2026-02-12,84,0.0,2026-03-29
CR000427,S0001598,C0081,2026-02-12,20,10.0,2026-03-14
CR000428,S0001602,C0087,2026-02-12,52,13.0,2026-03-14
CR000429,S0001604,C0038,2026-02-12,190,190.0,2026-02-19
CR000430,S0001612,C0035,2026-02-12,95,95.0,2026-02-27
CR000431,S0001614,C0053,2026-02-12,140,0.0,2026-03-29
CR000432,S0001617,C0045,2026-02-13,54,27.0,2026-03-30
CR000433,S0001635,C0038,2026-02-13,145,0.0,2026-03-15
CR000434,S0001638,C0065,2026-02-13,25,25.0,2026-02-20
CR000435,S0001645,C0098,2026-02-13,150,75.0,2026-02-20
CR000436,S0001647,C0083,2026-02-13,52,0.0,2026-03-30
CR000437,S0001648,C0012,2026-02-13,210,52.5,2026-02-20
CR000438,S0001659,C0039,2026-02-14,180,0.0,2026-03-31
CR000439,S0001665,C0089,2026-02-14,52,13.0,2026-02-21
CR000440,S0001666,C0059,2026-02-14,200,100.0,2026-02-21
CR000441,S0001672,C0023,2026-02-14,440,330.0,2026-03-01
CR000442,S0001674,C0055,2026-02-14,76,57.0,2026-03-16
CR000443,S0001675,C0095,2026-02-14,253,126.5,2026-03-16
CR000444,S0001677,C0058,2026-02-14,90,67.5,2026-03-01
CR000445,S0001678,C0067,2026-02-14,765,0.0,2026-03-01
CR000446,S0001679,C0072,2026-02-14,64,16.0,2026-03-16
CR000447,S0001681,C0057,2026-02-14,110,55.0,2026-03-01
CR000448,S0001685,C0083,2026-02-15,140,70.0,2026-03-17
CR000449,S0001688,C0042,2026-02-15,35,35.0,2026-03-17
CR000450,S0001694,C0091,2026-02-15,153,153.0,2026-02-22
CR000451,S0001700,C0099,2026-02-15,65,16.25,2026-03-17
CR000452,S0001703,C0064,2026-02-15,620,465.0,2026-03-02
CR000453,S0001704,C0001,2026-02-15,85,42.5,2026-03-02
CR000454,S0001705,C0076,2026-02-15,95,71.25,2026-02-22
CR000455,S0001717,C0025,2026-02-16,75,56.25,2026-02-23
CR000456,S0001727,C0073,2026-02-16,200,0.0,2026-04-02
CR000457,S0001728,C0081,2026-02-16,170,127.5,2026-03-03
CR000458,S0001732,C0027,2026-02-16,88,88.0,2026-04-02
CR000459,S0001741,C0095,2026-02-16,105,26.25,2026-03-03
CR000460,S0001742,C0018,2026-02-16,500,0.0,2026-04-02
CR000461,S0001744,C0096,2026-02-16,140,70.0,2026-03-18
CR000462,S0001754,C0012,2026-02-17,50,37.5,2026-03-19
CR000463,S0001763,C0059,2026-02-17,32,8.0,2026-03-19
CR000464,S0001782,C0023,2026-02-17,45,0.0,2026-03-19
CR000465,S0001786,C0013,2026-02-17,50,50.0,2026-03-04
CR000466,S0001787,C0083,2026-02-17,13,0.0,2026-03-04
CR000467,S0001797,C0060,2026-02-18,32,0.0,2026-02-25
CR000468,S0001799,C0062,2026-02-18,285,142.5,2026-03-20
CR000469,S0001800,C0027,2026-02-18,155,77.5,2026-02-25
CR000470,S0001803,C0010,2026-02-18,200,200.0,2026-03-20
CR000471,S0001804,C0077,2026-02-18,143,0.0,2026-04-04
CR000472,S0001805,C0013,2026-02-18,26,19.5,2026-02-25
CR000473,S0001807,C0088,2026-02-18,100,0.0,2026-03-20
CR000474,S0001811,C0020,2026-02-18,47,0.0,2026-03-05
CR000475,S0001812,C0050,2026-02-18,285,285.0,2026-02-25
CR000476,S0001816,C0002,2026-02-18,153,0.0,2026-04-04
CR000477,S0001821,C0090,2026-02-18,190,95.0,2026-03-05
CR000478,S0001822,C0092,2026-02-18,30,0.0,2026-02-25
CR000479,S0001828,C0032,2026-02-19,235,176.25,2026-03-06
CR000480,S0001830,C0046,2026-02-19,94,23.5,2026-04-05
CR000481,S0001831,C0090,2026-02-19,56,14.0,2026-02-26
CR000482,S0001832,C0059,2026-02-19,150,0.0,2026-02-26
CR000483,S0001833,C0058,2026-02-19,85,42.5,2026-02-26
CR000484,S0001834,C0024,2026-02-19,52,13.0,2026-03-21
CR000485,S0001835,C0074,2026-02-19,150,0.0,2026-03-06
CR000486,S0001838,C0073,2026-02-19,510,510.0,2026-04-05
CR000487,S0001839,C0015,2026-02-19,50,0.0,2026-03-06
CR000488,S0001845,C0002,2026-02-19,85,0.0,2026-02-26
CR000489,S0001846,C0028,2026-02-19,72,0.0,2026-03-21
CR000490,S0001847,C0043,2026-02-19,67,0.0,2026-03-21
CR000491,S0001858,C0020,2026-02-20,134,0.0,2026-02-27
CR000492,S0001863,C0053,2026-02-20,250,62.5,2026-03-07
CR000493,S0001867,C0060,2026-02-20,1275,0.0,2026-02-27
CR000494,S0001869,C0091,2026-02-20,30,30.0,2026-03-07
CR000495,S0001870,C0019,2026-02-20,135,135.0,2026-02-27
CR000496,S0001871,C0067,2026-02-20,310,310.0,2026-04-06
CR000497,S0001876,C0075,2026-02-20,60,0.0,2026-02-27
CR000498,S0001882,C0088,2026-02-20,90,22.5,2026-02-27
CR000499,S0001894,C0008,2026-02-21,30,30.0,2026-02-28
CR000500,S0001897,C0079,2026-02-21,270,202.5,2026-03-08
CR000501,S0001899,C0099,2026-02-21,100,0.0,2026-03-23
CR000502,S0001903,C0091,2026-02-21,38,9.5,2026-03-23
CR000503,S0001906,C0043,2026-02-21,94,47.0,2026-03-08
CR000504,S0001907,C0066,2026-02-21,144,108.0,2026-03-23
CR000505,S0001909,C0001,2026-02-21,380,190.0,2026-04-07
CR000506,S0001910,C0100,2026-02-21,120,90.0,2026-04-07
CR000507,S0001912,C0039,2026-02-21,30,0.0,2026-03-08
CR000508,S0001919,C0046,2026-02-21,100,25.0,2026-03-23
CR000509,S0001922,C0031,2026-02-21,30,30.0,2026-03-23
CR000510,S0001924,C0048,2026-02-21,266,0.0,2026-02-28
CR000511,S0001927,C0028,2026-02-21,105,0.0,2026-03-08
CR000512,S0001930,C0019,2026-02-21,750,375.0,2026-03-08
CR000513,S0001937,C0026,2026-02-21,145,145.0,2026-03-08
CR000514,S0001938,C0056,2026-02-21,20,15.0,2026-03-08
CR000515,S0001950,C0076,2026-02-22,200,50.0,2026-03-09
CR000516,S0001952,C0067,2026-02-22,60,15.0,2026-03-01
CR000517,S0001954,C0092,2026-02-22,150,112.5,2026-03-24
CR000518,S0001961,C0047,2026-02-22,47,0.0,2026-03-24
CR000519,S0001965,C0088,2026-02-22,160,160.0,2026-04-08
CR000520,S0001972,C0031,2026-02-22,380,190.0,2026-03-01
CR000521,S0001974,C0075,2026-02-22,155,38.75,2026-03-24
CR000522,S0001976,C0023,2026-02-22,100,75.0,2026-03-01
CR000523,S0001980,C0015,2026-02-22,50,0.0,2026-03-01
CR000524,S0001985,C0074,2026-02-23,155,116.25,2026-03-02
CR000525,S0001986,C0061,2026-02-23,108,54.0,2026-03-25
CR000526,S0001987,C0094,2026-02-23,50,12.5,2026-03-25
CR000527,S0001991,C0006,2026-02-23,45,45.0,2026-04-09
CR000528,S0001993,C0051,2026-02-23,43,21.5,2026-03-02
CR000529,S0001994,C0013,2026-02-23,160,160.0,2026-03-25
CR000530,S0001998,C0003,2026-02-23,30,0.0,2026-03-25
CR000531,S0001999,C0021,2026-02-23,210,157.5,2026-03-25
CR000532,S0002005,C0038,2026-02-23,90,67.5,2026-03-02
CR000533,S0002016,C0065,2026-02-23,104,104.0,2026-03-25
CR000534,S0002027,C0054,2026-02-24,135,135.0,2026-03-03
CR000535,S0002030,C0043,2026-02-24,170,127.5,2026-03-11
CR000536,S0002032,C0086,2026-02-24,133,133.0,2026-03-26
CR000537,S0002041,C0017,2026-02-24,13,3.25,2026-04-10
CR000538,S0002044,C0048,2026-02-24,104,104.0,2026-03-26
CR000539,S0002046,C0052,2026-02-24,290,0.0,2026-03-11
CR000540,S0002049,C0038,2026-02-25,150,37.5,2026-03-04
CR000541,S0002051,C0077,2026-02-25,134,67.0,2026-04-11
CR000542,S0002052,C0015,2026-02-25,10,2.5,2026-03-27
CR000543,S0002058,C0011,2026-02-25,440,110.0,2026-03-12
CR000544,S0002059,C0012,2026-02-25,300,75.0,2026-03-27
CR000545,S0002064,C0040,2026-02-25,52,39.0,2026-03-04
CR000546,S0002065,C0028,2026-02-25,285,0.0,2026-03-12
CR000547,S0002066,C0058,2026-02-25,32,32.0,2026-03-12
CR000548,S0002067,C0039,2026-02-25,72,36.0,2026-03-27
CR000549,S0002069,C0039,2026-02-25,156,78.0,2026-04-11
CR000550,S0002070,C0009,2026-02-25,180,180.0,2026-04-11
CR000551,S0002072,C0072,2026-02-25,45,22.5,2026-03-27
CR000552,S0002074,C0048,2026-02-25,220,55.0,2026-03-12
CR000553,S0002077,C0095,2026-02-25,133,33.25,2026-03-04
CR000554,S0002079,C0039,2026-02-25,156,0.0,2026-03-12
CR000555,S0002084,C0073,2026-02-26,72,54.0,2026-04-12
CR000556,S0002085,C0088,2026-02-26,20,0.0,2026-03-28
CR000557,S0002100,C0063,2026-02-26,126,126.0,2026-03-13
CR000558,S0002112,C0011,2026-02-26,220,110.0,2026-04-12
CR000559,S0002114,C0100,2026-02-26,465,348.75,2026-03-05
CR000560,S0002128,C0008,2026-02-27,108,0.0,2026-04-13
CR000561,S0002139,C0038,2026-02-27,95,95.0,2026-03-29
CR000562,S0002140,C0009,2026-02-27,100,25.0,2026-03-29
CR000563,S0002144,C0051,2026-02-27,145,108.75,2026-03-29
CR000564,S0002147,C0073,2026-02-27,216,162.0,2026-03-29
CR000565,S0002148,C0060,2026-02-27,145,145.0,2026-04-13
CR000566,S0002150,C0046,2026-02-27,30,7.5,2026-03-06
CR000567,S0002151,C0052,2026-02-27,103,51.5,2026-04-13
CR000568,S0002152,C0019,2026-02-27,180,0.0,2026-03-14
CR000569,S0002153,C0033,2026-02-27,145,145.0,2026-03-29
CR000570,S0002159,C0097,2026-02-27,900,450.0,2026-04-13
CR000571,S0002160,C0038,2026-02-27,38,0.0,2026-03-14
CR000572,S0002163,C0050,2026-02-28,180,45.0,2026-03-30
CR000573,S0002164,C0049,2026-02-28,15,11.25,2026-03-15
CR000574,S0002167,C0063,2026-02-28,150,37.5,2026-03-07
CR000575,S0002168,C0092,2026-02-28,260,0.0,2026-04-14
CR000576,S0002169,C0015,2026-02-28,375,187.5,2026-04-14
CR000577,S0002170,C0088,2026-02-28,103,25.75,2026-03-07
CR000578,S0002178,C0046,2026-02-28,45,22.5,2026-03-30
CR000579,S0002184,C0100,2026-02-28,33,0.0,2026-03-15
CR000580,S0002185,C0019,2026-02-28,70,0.0,2026-04-14
CR000581,S0002186,C0090,2026-02-28,25,25.0,2026-04-14
CR000582,S0002187,C0041,2026-02-28,360,180.0,2026-03-30
CR000583,S0002194,C0074,2026-02-28,1020,0.0,2026-03-07
CR000584,S0002198,C0068,2026-02-28,62,15.5,2026-03-30
CR000585,S0002205,C0028,2026-03-01,144,0.0,2026-03-16
CR000586,S0002206,C0069,2026-03-01,20,5.0,2026-03-08
CR000587,S0002208,C0047,2026-03-01,180,90.0,2026-03-08
CR000588,S0002211,C0037,2026-03-01,60,0.0,2026-03-31
CR000589,S0002216,C0072,2026-03-01,38,9.5,2026-03-31
CR000590,S0002229,C0038,2026-03-01,45,33.75,2026-03-16
CR000591,S0002230,C0031,2026-03-01,54,13.5,2026-03-31
CR000592,S0002232,C0057,2026-03-01,110,82.5,2026-03-31
CR000593,S0002235,C0055,2026-03-01,52,13.0,2026-04-15
CR000594,S0002243,C0031,2026-03-01,85,0.0,2026-03-08
CR000595,S0002244,C0027,2026-03-01,35,17.5,2026-03-16
CR000596,S0002247,C0041,2026-03-01,33,8.25,2026-04-15
CR000597,S0002249,C0095,2026-03-02,270,270.0,2026-04-16
CR000598,S0002254,C0024,2026-03-02,25,12.5,2026-03-09
CR000599,S0002255,C0001,2026-03-02,30,22.5,2026-04-01
CR000600,S0002262,C0011,2026-03-02,72,0.0,2026-04-01
CR000601,S0002263,C0051,2026-03-02,52,52.0,2026-03-09
CR000602,S0002270,C0002,2026-03-02,72,0.0,2026-04-16
CR000603,S0002271,C0087,2026-03-02,140,140.0,2026-03-09
CR000604,S0002274,C0064,2026-03-02,13,3.25,2026-03-17
CR000605,S0002277,C0025,2026-03-02,54,0.0,2026-04-16
CR000606,S0002281,C0088,2026-03-02,100,0.0,2026-04-01
CR000607,S0002284,C0091,2026-03-02,50,12.5,2026-04-16
CR000608,S0002289,C0065,2026-03-03,620,465.0,2026-04-02
CR000609,S0002292,C0065,2026-03-03,25,0.0,2026-03-10
CR000610,S0002294,C0068,2026-03-03,40,40.0,2026-04-17
CR000611,S0002297,C0029,2026-03-03,64,48.0,2026-03-18
CR000612,S0002301,C0006,2026-03-03,170,85.0,2026-04-17
CR000613,S0002303,C0005,2026-03-03,95,71.25,2026-03-18
CR000614,S0002304,C0091,2026-03-03,125,0.0,2026-04-17
CR000615,S0002305,C0083,2026-03-03,180,0.0,2026-04-02
CR000616,S0002306,C0046,2026-03-03,765,765.0,2026-03-10
CR000617,S0002313,C0032,2026-03-03,45,0.0,2026-03-10
CR000618,S0002318,C0091,2026-03-03,168,42.0,2026-04-02
CR000619,S0002320,C0084,2026-03-03,60,45.0,2026-03-18
CR000620,S0002327,C0100,2026-03-04,50,37.5,2026-03-11
CR000621,S0002329,C0063,2026-03-04,870,0.0,2026-03-11
CR000622,S0002333,C0063,2026-03-04,180,45.0,2026-03-19
CR000623,S0002334,C0035,2026-03-04,175,0.0,2026-03-11
CR000624,S0002336,C0056,2026-03-04,50,0.0,2026-04-18
CR000625,S0002345,C0066,2026-03-04,180,45.0,2026-03-11
CR000626,S0002348,C0015,2026-03-04,180,0.0,2026-03-19
CR000627,S0002349,C0024,2026-03-04,30,30.0,2026-03-19
CR000628,S0002351,C0093,2026-03-04,26,26.0,2026-03-19
CR000629,S0002357,C0062,2026-03-05,20,15.0,2026-04-19
CR000630,S0002358,C0076,2026-03-05,300,0.0,2026-04-19
CR000631,S0002360,C0089,2026-03-05,135,0.0,2026-03-20
CR000632,S0002366,C0099,2026-03-05,155,0.0,2026-03-20
CR000633,S0002369,C0057,2026-03-05,54,40.5,2026-04-19
CR000634,S0002370,C0084,2026-03-05,405,303.75,2026-03-20
CR000635,S0002372,C0068,2026-03-05,124,0.0,2026-03-20
CR000636,S0002374,C0092,2026-03-05,40,10.0,2026-04-04
CR000637,S0002376,C0052,2026-03-05,255,127.5,2026-03-12
CR000638,S0002377,C0093,2026-03-05,88,44.0,2026-04-19
CR000639,S0002380,C0054,2026-03-05,20,10.0,2026-04-19
CR000640,S0002386,C0018,2026-03-06,80,0.0,2026-04-05
CR000641,S0002387,C0093,2026-03-06,156,156.0,2026-03-13
CR000642,S0002392,C0078,2026-03-06,110,82.5,2026-03-21
CR000643,S0002393,C0054,2026-03-06,135,33.75,2026-03-13
CR000644,S0002399,C0029,2026-03-06,143,0.0,2026-04-05
CR000645,S0002403,C0056,2026-03-06,300,0.0,2026-04-20
CR000646,S0002409,C0098,2026-03-06,100,25.0,2026-04-20
CR000647,S0002412,C0026,2026-03-06,270,67.5,2026-03-21
CR000648,S0002414,C0040,2026-03-06,170,170.0,2026-04-20
CR000649,S0002416,C0048,2026-03-06,465,116.25,2026-03-13
CR000650,S0002418,C0097,2026-03-07,84,21.0,2026-04-21
CR000651,S0002419,C0099,2026-03-07,95,95.0,2026-03-22
CR000652,S0002420,C0098,2026-03-07,135,135.0,2026-03-22
CR000653,S0002424,C0041,2026-03-07,155,77.5,2026-04-21
CR000654,S0002425,C0008,2026-03-07,50,25.0,2026-03-22
CR000655,S0002432,C0067,2026-03-07,93,46.5,2026-04-06
CR000656,S0002433,C0057,2026-03-07,150,0.0,2026-04-21
CR000657,S0002451,C0079,2026-03-07,50,12.5,2026-04-06
CR000658,S0002452,C0008,2026-03-07,310,232.5,2026-03-22
CR000659,S0002453,C0028,2026-03-07,104,26.0,2026-04-21
CR000660,S0002454,C0087,2026-03-07,155,116.25,2026-04-21
CR000661,S0002455,C0067,2026-03-07,140,140.0,2026-03-14
CR000662,S0002456,C0064,2026-03-07,69,17.25,2026-04-06
CR000663,S0002457,C0073,2026-03-07,33,16.5,2026-03-22
CR000664,S0002459,C0017,2026-03-07,150,112.5,2026-04-06
CR000665,S0002461,C0059,2026-03-07,250,0.0,2026-03-14
CR000666,S0002463,C0056,2026-03-07,715,178.75,2026-04-06
CR000667,S0002468,C0076,2026-03-08,42,21.0,2026-04-07
CR000668,S0002470,C0026,2026-03-08,220,220.0,2026-03-23
CR000669,S0002472,C0006,2026-03-08,290,217.5,2026-04-07
CR000670,S0002473,C0040,2026-03-08,133,0.0,2026-03-23
CR000671,S0002474,C0049,2026-03-08,5,5.0,2026-04-22
CR000672,S0002476,C0082,2026-03-08,50,37.5,2026-03-15
CR000673,S0002478,C0012,2026-03-08,32,24.0,2026-04-22
CR000674,S0002479,C0050,2026-03-08,105,26.25,2026-04-22
CR000675,S0002480,C0006,2026-03-08,52,26.0,2026-03-15
CR000676,S0002485,C0025,2026-03-08,70,0.0,2026-03-23
CR000677,S0002488,C0091,2026-03-08,85,0.0,2026-03-23
CR000678,S0002490,C0006,2026-03-08,66,0.0,2026-03-23
CR000679,S0002500,C0034,2026-03-08,45,11.25,2026-04-22
CR000680,S0002502,C0031,2026-03-08,96,72.0,2026-04-22
CR000681,S0002503,C0065,2026-03-08,80,0.0,2026-03-23
CR000682,S0002509,C0053,2026-03-09,32,0.0,2026-03-24
CR000683,S0002512,C0055,2026-03-09,186,93.0,2026-03-24
CR000684,S0002513,C0091,2026-03-09,1275,0.0,2026-04-23
CR000685,S0002515,C0007,2026-03-09,620,465.0,2026-04-08
CR000686,S0002516,C0033,2026-03-09,23,11.5,2026-03-16
CR000687,S0002529,C0053,2026-03-09,315,0.0,2026-04-23
CR000688,S0002531,C0091,2026-03-09,95,47.5,2026-04-08
CR000689,S0002532,C0046,2026-03-09,105,78.75,2026-04-08
CR000690,S0002534,C0016,2026-03-09,50,25.0,2026-03-24
CR000691,S0002539,C0030,2026-03-09,200,0.0,2026-04-08
CR000692,S0002540,C0036,2026-03-09,156,39.0,2026-04-08
CR000693,S0002542,C0088,2026-03-10,310,232.5,2026-04-24
CR000694,S0002543,C0036,2026-03-10,135,33.75,2026-04-24
CR000695,S0002550,C0084,2026-03-10,515,515.0,2026-04-24
CR000696,S0002552,C0059,2026-03-10,45,45.0,2026-04-09
CR000697,S0002553,C0088,2026-03-10,150,112.5,2026-04-24
CR000698,S0002559,C0089,2026-03-10,32,24.0,2026-03-17
CR000699,S0002564,C0014,2026-03-10,25,0.0,2026-04-09
CR000700,S0002567,C0077,2026-03-10,145,36.25,2026-03-17
CR000701,S0002571,C0051,2026-03-10,208,208.0,2026-03-25
CR000702,S0002572,C0079,2026-03-10,255,255.0,2026-04-24
CR000703,S0002574,C0038,2026-03-10,380,380.0,2026-04-24
CR000704,S0002575,C0080,2026-03-10,105,26.25,2026-04-09
CR000705,S0002577,C0060,2026-03-10,38,28.5,2026-04-09
CR000706,S0002584,C0062,2026-03-11,52,0.0,2026-04-25
CR000707,S0002586,C0040,2026-03-11,510,0.0,2026-03-26
CR000708,S0002594,C0086,2026-03-11,60,30.0,2026-03-18
CR000709,S0002603,C0027,2026-03-11,96,24.0,2026-04-25
CR000710,S0002614,C0040,2026-03-11,60,0.0,2026-04-10
CR000711,S0002616,C0068,2026-03-12,630,315.0,2026-04-11
CR000712,S0002624,C0066,2026-03-12,42,0.0,2026-04-11
CR000713,S0002625,C0011,2026-03-12,210,52.5,2026-03-27
CR000714,S0002629,C0048,2026-03-12,10,0.0,2026-03-19
CR000715,S0002633,C0031,2026-03-12,56,14.0,2026-03-27
CR000716,S0002634,C0055,2026-03-12,110,0.0,2026-04-26
CR000717,S0002638,C0006,2026-03-12,93,46.5,2026-04-11
CR000718,S0002639,C0044,2026-03-12,176,88.0,2026-03-19
CR000719,S0002640,C0056,2026-03-12,38,9.5,2026-03-27
CR000720,S0002652,C0052,2026-03-12,126,0.0,2026-03-27
CR000721,S0002656,C0067,2026-03-12,135,33.75,2026-03-19
CR000722,S0002659,C0090,2026-03-12,70,70.0,2026-03-19
CR000723,S0002662,C0002,2026-03-12,13,9.75,2026-04-11
CR000724,S0002664,C0055,2026-03-12,380,380.0,2026-03-19
CR000725,S0002667,C0043,2026-03-13,52,13.0,2026-04-27
CR000726,S0002669,C0025,2026-03-13,380,95.0,2026-03-20
CR000727,S0002670,C0073,2026-03-13,145,0.0,2026-03-28
CR000728,S0002673,C0089,2026-03-13,490,122.5,2026-04-12
CR000729,S0002678,C0081,2026-03-13,25,0.0,2026-03-20
CR000730,S0002682,C0056,2026-03-13,110,27.5,2026-03-28
CR000731,S0002684,C0065,2026-03-13,144,0.0,2026-03-28
CR000732,S0002686,C0055,2026-03-13,38,38.0,2026-04-27
CR000733,S0002688,C0059,2026-03-13,72,36.0,2026-03-28
CR000734,S0002690,C0086,2026-03-13,52,0.0,2026-04-27
CR000735,S0002693,C0023,2026-03-13,45,33.75,2026-03-20
CR000736,S0002695,C0013,2026-03-13,96,24.0,2026-03-28
CR000737,S0002703,C0006,2026-03-14,216,0.0,2026-03-29
CR000738,S0002704,C0082,2026-03-14,310,232.5,2026-03-21
CR000739,S0002705,C0096,2026-03-14,70,0.0,2026-04-28
CR000740,S0002708,C0096,2026-03-14,30,0.0,2026-03-21
CR000741,S0002710,C0032,2026-03-14,90,90.0,2026-04-28
CR000742,S0002714,C0095,2026-03-14,143,0.0,2026-03-21
CR000743,S0002716,C0020,2026-03-14,105,26.25,2026-03-29
CR000744,S0002718,C0028,2026-03-14,103,0.0,2026-03-21
CR000745,S0002720,C0040,2026-03-14,150,112.5,2026-04-13
CR000746,S0002727,C0006,2026-03-14,32,8.0,2026-04-28
CR000747,S0002730,C0075,2026-03-14,50,50.0,2026-04-13
CR000748,S0002734,C0028,2026-03-14,1860,930.0,2026-04-13
CR000749,S0002743,C0043,2026-03-14,924,693.0,2026-03-21
CR000750,S0002747,C0095,2026-03-15,18,0.0,2026-04-29
CR000751,S0002751,C0031,2026-03-15,60,0.0,2026-03-30
CR000752,S0002764,C0011,2026-03-15,279,69.75,2026-04-29
CR000753,S0002766,C0032,2026-03-15,32,0.0,2026-03-22
CR000754,S0002769,C0041,2026-03-15,60,15.0,2026-03-30
CR000755,S0002770,C0051,2026-03-15,465,348.75,2026-03-30
CR000756,S0002771,C0057,2026-03-15,75,0.0,2026-04-14
CR000757,S0002772,C0095,2026-03-15,176,0.0,2026-04-29
CR000758,S0002773,C0016,2026-03-15,210,105.0,2026-04-14
CR000759,S0002774,C0049,2026-03-15,600,0.0,2026-03-22
CR000760,S0002778,C0049,2026-03-15,114,57.0,2026-03-22
CR000761,S0002779,C0018,2026-03-15,155,0.0,2026-03-30
CR000762,S0002782,C0052,2026-03-16,405,0.0,2026-03-23
CR000763,S0002783,C0048,2026-03-16,60,45.0,2026-04-30
CR000764,S0002789,C0084,2026-03-16,50,12.5,2026-04-15
CR000765,S0002797,C0015,2026-03-16,25,0.0,2026-04-30
CR000766,S0002799,C0031,2026-03-16,180,45.0,2026-04-30
CR000767,S0002801,C0065,2026-03-16,50,0.0,2026-03-23
CR000768,S0002802,C0094,2026-03-16,144,36.0,2026-03-31
CR000769,S0002807,C0057,2026-03-16,620,0.0,2026-03-31
CR000770,S0002808,C0009,2026-03-16,310,77.5,2026-03-31
CR000771,S0002815,C0053,2026-03-17,110,0.0,2026-04-01
CR000772,S0002828,C0052,2026-03-17,47,23.5,2026-05-01
CR000773,S0002830,C0059,2026-03-17,145,36.25,2026-05-01
CR000774,S0002834,C0080,2026-03-17,312,0.0,2026-04-01
CR000775,S0002838,C0087,2026-03-17,192,0.0,2026-04-01
CR000776,S0002839,C0063,2026-03-17,93,46.5,2026-03-24
CR000777,S0002841,C0044,2026-03-17,156,78.0,2026-04-16
CR000778,S0002846,C0087,2026-03-18,16,12.0,2026-03-25
CR000779,S0002847,C0015,2026-03-18,25,12.5,2026-04-02
CR000780,S0002851,C0042,2026-03-18,50,12.5,2026-05-02
CR000781,S0002854,C0020,2026-03-18,525,131.25,2026-04-17
CR000782,S0002857,C0049,2026-03-18,60,30.0,2026-05-02
CR000783,S0002858,C0087,2026-03-18,50,0.0,2026-03-25
CR000784,S0002863,C0041,2026-03-18,42,0.0,2026-05-02
CR000785,S0002868,C0002,2026-03-18,145,145.0,2026-05-02
CR000786,S0002870,C0088,2026-03-18,380,380.0,2026-03-25
CR000787,S0002874,C0091,2026-03-18,75,0.0,2026-05-02
CR000788,S0002875,C0028,2026-03-18,60,60.0,2026-04-17
CR000789,S0002879,C0063,2026-03-19,15,0.0,2026-03-26
CR000790,S0002885,C0071,2026-03-19,40,0.0,2026-04-18
CR000791,S0002888,C0057,2026-03-19,144,144.0,2026-05-03
CR000792,S0002894,C0046,2026-03-19,765,573.75,2026-05-03
CR000793,S0002896,C0020,2026-03-19,144,0.0,2026-05-03
CR000794,S0002900,C0041,2026-03-19,28,21.0,2026-03-26
CR000795,S0002901,C0084,2026-03-19,40,20.0,2026-03-26
CR000796,S0002904,C0074,2026-03-19,308,0.0,2026-04-03
CR000797,S0002906,C0050,2026-03-19,72,0.0,2026-03-26
CR000798,S0002911,C0089,2026-03-19,33,16.5,2026-05-03
CR000799,S0002919,C0022,2026-03-20,250,187.5,2026-04-04
CR000800,S0002931,C0034,2026-03-20,95,0.0,2026-04-04
CR000801,S0002932,C0052,2026-03-20,150,37.5,2026-04-04
CR000802,S0002933,C0087,2026-03-20,310,232.5,2026-04-04
CR000803,S0002947,C0003,2026-03-20,310,310.0,2026-04-04
CR000804,S0002950,C0041,2026-03-20,255,255.0,2026-04-19
CR000805,S0002951,C0094,2026-03-20,50,12.5,2026-04-19
CR000806,S0002954,C0019,2026-03-20,210,157.5,2026-04-19
CR000807,S0002957,C0054,2026-03-21,309,0.0,2026-05-05
CR000808,S0002958,C0046,2026-03-21,25,6.25,2026-05-05
CR000809,S0002959,C0036,2026-03-21,180,0.0,2026-05-05
CR000810,S0002970,C0092,2026-03-21,32,24.0,2026-04-20
CR000811,S0002975,C0007,2026-03-21,90,0.0,2026-04-05
CR000812,S0002980,C0001,2026-03-21,100,0.0,2026-04-05
CR000813,S0002982,C0035,2026-03-21,36,0.0,2026-04-05
CR000814,S0002983,C0001,2026-03-21,255,0.0,2026-05-05
CR000815,S0002989,C0053,2026-03-21,90,90.0,2026-04-20
CR000816,S0002994,C0081,2026-03-21,99,99.0,2026-04-20
CR000817,S0002995,C0046,2026-03-21,100,100.0,2026-04-20
CR000818,S0003001,C0071,2026-03-21,45,45.0,2026-03-28
CR000819,S0003003,C0093,2026-03-21,33,24.75,2026-03-28
CR000820,S0003009,C0098,2026-03-22,135,0.0,2026-03-29
CR000821,S0003012,C0032,2026-03-22,80,20.0,2026-03-29
CR000822,S0003016,C0017,2026-03-22,95,95.0,2026-03-29
CR000823,S0003019,C0007,2026-03-22,145,36.25,2026-04-21
CR000824,S0003021,C0055,2026-03-22,95,71.25,2026-03-29
CR000825,S0003024,C0092,2026-03-22,125,31.25,2026-03-29
CR000826,S0003029,C0033,2026-03-22,90,0.0,2026-04-06
CR000827,S0003045,C0062,2026-03-22,45,0.0,2026-04-21
CR000828,S0003049,C0095,2026-03-23,150,75.0,2026-04-22
CR000829,S0003051,C0097,2026-03-23,50,50.0,2026-04-07
CR000830,S0003052,C0050,2026-03-23,170,0.0,2026-05-07
CR000831,S0003055,C0002,2026-03-23,67,0.0,2026-04-07
CR000832,S0003070,C0089,2026-03-23,27,0.0,2026-04-22
CR000833,S0003073,C0081,2026-03-23,432,216.0,2026-04-22
CR000834,S0003074,C0030,2026-03-23,52,52.0,2026-04-22
CR000835,S0003075,C0090,2026-03-23,52,0.0,2026-05-07
CR000836,S0003076,C0024,2026-03-23,620,0.0,2026-03-30
CR000837,S0003080,C0016,2026-03-23,25,18.75,2026-04-22
CR000838,S0003085,C0049,2026-03-24,100,50.0,2026-04-23
CR000839,S0003091,C0073,2026-03-24,125,0.0,2026-05-08
CR000840,S0003092,C0043,2026-03-24,50,25.0,2026-03-31
CR000841,S0003096,C0013,2026-03-24,143,143.0,2026-04-08
CR000842,S0003098,C0055,2026-03-24,620,310.0,2026-03-31
CR000843,S0003106,C0087,2026-03-24,100,100.0,2026-04-23
CR000844,S0003109,C0015,2026-03-24,435,217.5,2026-03-31
CR000845,S0003113,C0050,2026-03-24,30,0.0,2026-04-23
CR000846,S0003114,C0071,2026-03-24,66,66.0,2026-04-08
CR000847,S0003115,C0074,2026-03-24,155,155.0,2026-04-08
CR000848,S0003117,C0024,2026-03-25,60,0.0,2026-05-09
CR000849,S0003118,C0064,2026-03-25,104,0.0,2026-05-09
CR000850,S0003121,C0071,2026-03-25,70,70.0,2026-04-24
CR000851,S0003123,C0075,2026-03-25,35,17.5,2026-04-01
CR000852,S0003130,C0019,2026-03-25,36,18.0,2026-05-09
CR000853,S0003133,C0019,2026-03-25,90,67.5,2026-05-09
CR000854,S0003134,C0090,2026-03-25,32,8.0,2026-04-01
CR000855,S0003136,C0010,2026-03-25,206,51.5,2026-04-01
CR000856,S0003139,C0002,2026-03-25,190,95.0,2026-04-09
CR000857,S0003140,C0024,2026-03-25,42,42.0,2026-04-09
CR000858,S0003146,C0002,2026-03-25,180,0.0,2026-04-01
CR000859,S0003147,C0093,2026-03-25,40,0.0,2026-04-24
CR000860,S0003155,C0052,2026-03-25,25,6.25,2026-04-01
CR000861,S0003173,C0032,2026-03-26,308,154.0,2026-04-10
CR000862,S0003175,C0020,2026-03-26,18,18.0,2026-04-02
CR000863,S0003180,C0080,2026-03-26,54,27.0,2026-04-10
CR000864,S0003181,C0100,2026-03-26,1000,500.0,2026-04-25
CR000865,S0003183,C0081,2026-03-26,50,50.0,2026-05-10
CR000866,S0003189,C0023,2026-03-26,465,0.0,2026-04-25
CR000867,S0003190,C0033,2026-03-26,50,50.0,2026-04-25
CR000868,S0003191,C0016,2026-03-26,30,0.0,2026-05-10
CR000869,S0003195,C0088,2026-03-27,156,39.0,2026-04-26
CR000870,S0003200,C0073,2026-03-27,70,17.5,2026-04-11
CR000871,S0003201,C0050,2026-03-27,620,620.0,2026-04-26
CR000872,S0003202,C0045,2026-03-27,210,157.5,2026-04-11
CR000873,S0003203,C0069,2026-03-27,66,16.5,2026-05-11
CR000874,S0003211,C0005,2026-03-27,65,0.0,2026-05-11
CR000875,S0003212,C0047,2026-03-27,1225,612.5,2026-04-26
CR000876,S0003214,C0088,2026-03-27,600,0.0,2026-04-26
CR000877,S0003217,C0039,2026-03-27,210,105.0,2026-04-11
CR000878,S0003221,C0045,2026-03-27,50,0.0,2026-05-11
CR000879,S0003223,C0046,2026-03-27,100,75.0,2026-04-26
CR000880,S0003227,C0084,2026-03-27,1550,775.0,2026-04-11
CR000881,S0003229,C0087,2026-03-27,270,270.0,2026-04-11
CR000882,S0003239,C0084,2026-03-28,150,75.0,2026-04-04
CR000883,S0003242,C0059,2026-03-28,435,326.25,2026-04-12
CR000884,S0003245,C0088,2026-03-28,300,150.0,2026-04-04
CR000885,S0003248,C0003,2026-03-28,300,0.0,2026-05-12
CR000886,S0003251,C0016,2026-03-28,105,105.0,2026-04-04
CR000887,S0003252,C0100,2026-03-28,220,165.0,2026-05-12
CR000888,S0003254,C0045,2026-03-28,675,506.25,2026-04-04
CR000889,S0003255,C0083,2026-03-28,70,70.0,2026-04-04
CR000890,S0003258,C0056,2026-03-28,8,0.0,2026-04-12
CR000891,S0003259,C0001,2026-03-28,105,0.0,2026-04-04
CR000892,S0003262,C0074,2026-03-28,30,22.5,2026-04-27
CR000893,S0003265,C0017,2026-03-28,144,108.0,2026-04-04
CR000894,S0003269,C0081,2026-03-28,90,67.5,2026-04-04
CR000895,S0003278,C0007,2026-03-29,22,22.0,2026-05-13
CR000896,S0003284,C0010,2026-03-29,25,0.0,2026-04-13
CR000897,S0003285,C0027,2026-03-29,42,0.0,2026-05-13
CR000898,S0003288,C0054,2026-03-29,210,210.0,2026-05-13
CR000899,S0003289,C0068,2026-03-29,10,10.0,2026-04-13
CR000900,S0003292,C0045,2026-03-29,145,0.0,2026-04-28
CR000901,S0003302,C0060,2026-03-29,33,33.0,2026-05-13
CR000902,S0003306,C0027,2026-03-29,15,7.5,2026-05-13
CR000903,S0003308,C0014,2026-03-29,39,0.0,2026-04-05
CR000904,S0003312,C0076,2026-03-29,90,22.5,2026-05-13
CR000905,S0003321,C0009,2026-03-29,93,0.0,2026-05-13
CR000906,S0003324,C0054,2026-03-29,134,100.5,2026-04-13
CR000907,S0003326,C0073,2026-03-30,330,0.0,2026-04-06
CR000908,S0003327,C0036,2026-03-30,135,33.75,2026-05-14
CR000909,S0003329,C0076,2026-03-30,100,100.0,2026-05-14
CR000910,S0003332,C0017,2026-03-30,76,19.0,2026-05-14
CR000911,S0003335,C0058,2026-03-30,135,0.0,2026-05-14
CR000912,S0003338,C0007,2026-03-30,798,0.0,2026-04-29
CR000913,S0003339,C0059,2026-03-30,52,39.0,2026-04-29
CR000914,S0003343,C0076,2026-03-30,435,217.5,2026-04-06
CR000915,S0003348,C0043,2026-03-30,620,0.0,2026-04-14
CR000916,S0003351,C0019,2026-03-31,5,0.0,2026-04-30
CR000917,S0003353,C0031,2026-03-31,440,0.0,2026-04-15
CR000918,S0003359,C0010,2026-03-31,50,12.5,2026-05-15
CR000919,S0003366,C0050,2026-03-31,95,0.0,2026-05-15
CR000920,S0003367,C0026,2026-03-31,48,12.0,2026-04-15
CR000921,S0003368,C0036,2026-03-31,110,27.5,2026-04-07
CR000922,S0003373,C0068,2026-03-31,260,0.0,2026-05-15
CR000923,S0003378,C0084,2026-03-31,145,36.25,2026-04-07
CR000924,S0003381,C0064,2026-03-31,264,132.0,2026-05-15
CR000925,S0003386,C0090,2026-04-01,93,93.0,2026-05-01
CR000926,S0003392,C0080,2026-04-01,85,85.0,2026-05-16
CR000927,S0003395,C0043,2026-04-01,25,25.0,2026-05-16
CR000928,S0003396,C0086,2026-04-01,104,0.0,2026-05-01
CR000929,S0003400,C0032,2026-04-01,125,93.75,2026-04-08
CR000930,S0003406,C0085,2026-04-01,95,71.25,2026-04-16
CR000931,S0003409,C0085,2026-04-01,160,160.0,2026-04-08
CR000932,S0003412,C0046,2026-04-02,105,52.5,2026-05-17
CR000933,S0003413,C0074,2026-04-02,310,77.5,2026-05-17
CR000934,S0003416,C0087,2026-04-02,40,10.0,2026-05-17
CR000935,S0003418,C0076,2026-04-02,60,30.0,2026-04-17
CR000936,S0003421,C0056,2026-04-02,50,12.5,2026-05-02
CR000937,S0003423,C0002,2026-04-02,36,36.0,2026-05-02
CR000938,S0003435,C0005,2026-04-02,18,0.0,2026-04-17
CR000939,S0003436,C0078,2026-04-02,52,13.0,2026-05-17
CR000940,S0003444,C0097,2026-04-02,50,37.5,2026-05-17
CR000941,S0003445,C0068,2026-04-02,725,0.0,2026-04-17
CR000942,S0003447,C0055,2026-04-02,38,9.5,2026-04-17
CR000943,S0003449,C0099,2026-04-02,285,0.0,2026-04-09
CR000944,S0003453,C0008,2026-04-03,1225,918.75,2026-04-18
CR000945,S0003455,C0098,2026-04-03,140,140.0,2026-05-18
CR000946,S0003467,C0014,2026-04-03,95,23.75,2026-05-18
CR000947,S0003468,C0065,2026-04-03,900,900.0,2026-04-10
CR000948,S0003477,C0076,2026-04-03,105,0.0,2026-05-18
CR000949,S0003478,C0036,2026-04-03,141,70.5,2026-04-10
CR000950,S0003480,C0073,2026-04-03,38,28.5,2026-04-10
CR000951,S0003481,C0037,2026-04-03,52,26.0,2026-04-18
CR000952,S0003483,C0005,2026-04-03,72,0.0,2026-05-03
CR000953,S0003484,C0018,2026-04-03,255,0.0,2026-04-10
CR000954,S0003487,C0068,2026-04-03,47,0.0,2026-04-10
CR000955,S0003492,C0072,2026-04-04,105,0.0,2026-05-19
CR000956,S0003496,C0042,2026-04-04,210,0.0,2026-04-11
CR000957,S0003501,C0094,2026-04-04,290,290.0,2026-05-19
CR000958,S0003505,C0014,2026-04-04,100,75.0,2026-04-19
CR000959,S0003507,C0063,2026-04-04,110,82.5,2026-05-19
CR000960,S0003512,C0100,2026-04-04,310,77.5,2026-04-19
CR000961,S0003514,C0088,2026-04-04,45,0.0,2026-05-04
CR000962,S0003515,C0027,2026-04-04,100,25.0,2026-04-19
CR000963,S0003517,C0055,2026-04-04,310,155.0,2026-04-19
CR000964,S0003531,C0031,2026-04-05,210,0.0,2026-04-20
CR000965,S0003539,C0100,2026-04-05,186,139.5,2026-05-05
CR000966,S0003541,C0007,2026-04-05,95,71.25,2026-05-20
CR000967,S0003542,C0017,2026-04-05,180,45.0,2026-05-20
CR000968,S0003545,C0044,2026-04-05,104,78.0,2026-04-12
CR000969,S0003547,C0030,2026-04-05,72,0.0,2026-04-20
CR000970,S0003553,C0078,2026-04-05,18,13.5,2026-04-20
CR000971,S0003561,C0038,2026-04-05,255,127.5,2026-04-20
CR000972,S0003566,C0090,2026-04-06,510,510.0,2026-05-06
CR000973,S0003569,C0076,2026-04-06,75,0.0,2026-05-21
CR000974,S0003571,C0079,2026-04-06,15,0.0,2026-04-21
CR000975,S0003572,C0075,2026-04-06,135,0.0,2026-04-21
CR000976,S0003574,C0024,2026-04-06,110,0.0,2026-04-13
CR000977,S0003579,C0093,2026-04-06,1240,620.0,2026-05-21
CR000978,S0003590,C0023,2026-04-06,30,22.5,2026-05-21
CR000979,S0003592,C0046,2026-04-06,38,9.5,2026-04-13
CR000980,S0003597,C0088,2026-04-06,150,0.0,2026-05-06
CR000981,S0003601,C0065,2026-04-06,20,20.0,2026-05-21
CR000982,S0003606,C0010,2026-04-07,156,39.0,2026-04-14
CR000983,S0003609,C0010,2026-04-07,105,26.25,2026-05-07
CR000984,S0003612,C0048,2026-04-07,40,20.0,2026-05-22
CR000985,S0003618,C0020,2026-04-07,100,100.0,2026-05-22
CR000986,S0003620,C0074,2026-04-07,210,157.5,2026-04-14
CR000987,S0003622,C0085,2026-04-07,50,25.0,2026-05-07
CR000988,S0003626,C0057,2026-04-07,50,0.0,2026-04-14
CR000989,S0003631,C0100,2026-04-07,380,0.0,2026-05-07
CR000990,S0003638,C0034,2026-04-07,290,0.0,2026-05-07
CR000991,S0003641,C0066,2026-04-08,155,155.0,2026-05-08
CR000992,S0003642,C0017,2026-04-08,135,0.0,2026-05-08
CR000993,S0003647,C0081,2026-04-08,152,0.0,2026-04-15
CR000994,S0003652,C0059,2026-04-08,100,0.0,2026-05-08
CR000995,S0003654,C0039,2026-04-08,145,72.5,2026-05-08
CR000996,S0003655,C0073,2026-04-08,15,0.0,2026-04-23
CR000997,S0003660,C0036,2026-04-08,145,72.5,2026-04-23
CR000998,S0003668,C0037,2026-04-08,52,0.0,2026-05-08
CR000999,S0003677,C0036,2026-04-08,180,135.0,2026-04-15
CR001000,S0003684,C0034,2026-04-08,105,105.0,2026-04-23
CR001001,S0003689,C0009,2026-04-08,310,155.0,2026-05-08
CR001002,S0003695,C0063,2026-04-09,630,315.0,2026-05-09
CR001003,S0003696,C0070,2026-04-09,50,25.0,2026-04-24
CR001004,S0003702,C0026,2026-04-09,125,93.75,2026-05-09
CR001005,S0003706,C0041,2026-04-09,40,0.0,2026-04-16
CR001006,S0003707,C0057,2026-04-09,25,12.5,2026-05-24
CR001007,S0003715,C0067,2026-04-09,32,16.0,2026-04-16
CR001008,S0003724,C0065,2026-04-09,270,202.5,2026-05-09
CR001009,S0003730,C0065,2026-04-10,620,155.0,2026-04-17
CR001010,S0003732,C0076,2026-04-10,140,70.0,2026-05-10
CR001011,S0003736,C0084,2026-04-10,290,0.0,2026-05-10
CR001012,S0003740,C0064,2026-04-10,35,8.75,2026-04-17
CR001013,S0003743,C0030,2026-04-10,75,0.0,2026-04-17
CR001014,S0003748,C0052,2026-04-10,155,0.0,2026-05-10
CR001015,S0003752,C0042,2026-04-10,52,0.0,2026-05-25
CR001016,S0003754,C0063,2026-04-10,85,85.0,2026-05-25
CR001017,S0003762,C0068,2026-04-10,20,5.0,2026-04-25
CR001018,S0003763,C0075,2026-04-10,94,23.5,2026-05-10
CR001019,S0003772,C0092,2026-04-10,23,0.0,2026-04-17
CR001020,S0003776,C0069,2026-04-11,50,0.0,2026-04-18
CR001021,S0003777,C0008,2026-04-11,30,22.5,2026-04-18
CR001022,S0003781,C0079,2026-04-11,25,18.75,2026-05-26
CR001023,S0003788,C0083,2026-04-11,176,132.0,2026-04-18
CR001024,S0003790,C0079,2026-04-11,22,0.0,2026-04-26
CR001025,S0003795,C0048,2026-04-11,50,50.0,2026-04-26
CR001026,S0003798,C0051,2026-04-11,93,46.5,2026-05-11
CR001027,S0003803,C0065,2026-04-11,100,0.0,2026-05-11
CR001028,S0003805,C0072,2026-04-11,105,105.0,2026-04-18
CR001029,S0003814,C0036,2026-04-11,250,0.0,2026-04-18
CR001030,S0003817,C0078,2026-04-11,100,25.0,2026-05-26
CR001031,S0003827,C0086,2026-04-11,180,0.0,2026-04-26
CR001032,S0003849,C0083,2026-04-12,168,42.0,2026-05-27
CR001033,S0003851,C0075,2026-04-12,245,61.25,2026-05-27
CR001034,S0003861,C0054,2026-04-12,310,0.0,2026-04-19
CR001035,S0003865,C0079,2026-04-12,56,28.0,2026-05-12
CR001036,S0003866,C0089,2026-04-12,140,140.0,2026-04-27
CR001037,S0003885,C0071,2026-04-13,145,72.5,2026-04-28
CR001038,S0003886,C0042,2026-04-13,50,12.5,2026-05-13
CR001039,S0003887,C0021,2026-04-13,210,52.5,2026-05-28
CR001040,S0003891,C0016,2026-04-13,200,0.0,2026-04-28
CR001041,S0003896,C0097,2026-04-13,48,0.0,2026-05-13
CR001042,S0003900,C0024,2026-04-13,30,30.0,2026-05-13
CR001043,S0003901,C0040,2026-04-13,52,26.0,2026-04-28
CR001044,S0003906,C0013,2026-04-13,600,0.0,2026-04-28
CR001045,S0003908,C0050,2026-04-13,210,157.5,2026-05-13
CR001046,S0003909,C0084,2026-04-13,310,0.0,2026-05-28
CR001047,S0003912,C0032,2026-04-13,80,0.0,2026-05-28
CR001048,S0003913,C0100,2026-04-13,180,180.0,2026-05-13
CR001049,S0003915,C0023,2026-04-14,135,0.0,2026-05-14
CR001050,S0003918,C0008,2026-04-14,324,162.0,2026-05-29
CR001051,S0003920,C0034,2026-04-14,1020,765.0,2026-05-14
CR001052,S0003929,C0019,2026-04-14,188,94.0,2026-04-21
CR001053,S0003930,C0045,2026-04-14,45,45.0,2026-04-21
CR001054,S0003931,C0032,2026-04-14,48,24.0,2026-04-21
CR001055,S0003941,C0028,2026-04-14,144,0.0,2026-04-21
CR001056,S0003946,C0003,2026-04-14,90,0.0,2026-05-29
CR001057,S0003951,C0094,2026-04-14,200,150.0,2026-05-14
CR001058,S0003955,C0060,2026-04-14,38,0.0,2026-05-29
CR001059,S0003957,C0033,2026-04-15,315,0.0,2026-05-15
CR001060,S0003964,C0073,2026-04-15,150,0.0,2026-04-22
CR001061,S0003967,C0017,2026-04-15,66,16.5,2026-04-22
CR001062,S0003971,C0071,2026-04-15,32,32.0,2026-04-30
CR001063,S0003972,C0028,2026-04-15,210,0.0,2026-04-30
CR001064,S0003975,C0069,2026-04-15,176,0.0,2026-05-15
CR001065,S0003976,C0052,2026-04-15,425,425.0,2026-04-22
CR001066,S0003977,C0052,2026-04-15,38,19.0,2026-05-15
CR001067,S0003978,C0023,2026-04-15,15,0.0,2026-05-30
CR001068,S0003981,C0084,2026-04-15,33,24.75,2026-04-22
CR001069,S0003984,C0094,2026-04-15,96,72.0,2026-05-15
CR001070,S0003986,C0081,2026-04-15,23,11.5,2026-05-15
CR001071,S0003988,C0068,2026-04-15,120,120.0,2026-04-22
CR001072,S0003993,C0074,2026-04-15,620,620.0,2026-05-15
CR001073,S0003994,C0088,2026-04-15,38,9.5,2026-04-22
CR001074,S0003995,C0023,2026-04-15,255,0.0,2026-04-30
CR001075,S0003998,C0005,2026-04-15,1525,1525.0,2026-04-30
CR001076,S0003999,C0047,2026-04-15,90,45.0,2026-05-30
CR001077,S0004004,C0092,2026-04-16,52,52.0,2026-04-23
CR001078,S0004007,C0047,2026-04-16,32,0.0,2026-05-16
CR001079,S0004012,C0038,2026-04-16,50,37.5,2026-04-23
CR001080,S0004021,C0038,2026-04-16,50,12.5,2026-05-31
CR001081,S0004025,C0096,2026-04-16,30,30.0,2026-05-16
CR001082,S0004028,C0049,2026-04-16,180,135.0,2026-04-23
CR001083,S0004029,C0086,2026-04-16,90,45.0,2026-04-23
CR001084,S0004030,C0071,2026-04-16,25,6.25,2026-05-31
CR001085,S0004034,C0046,2026-04-16,90,0.0,2026-04-23
CR001086,S0004043,C0092,2026-04-17,180,180.0,2026-05-17
CR001087,S0004048,C0032,2026-04-17,660,0.0,2026-05-17
CR001088,S0004051,C0015,2026-04-17,110,82.5,2026-05-02
CR001089,S0004053,C0028,2026-04-17,186,0.0,2026-04-24
CR001090,S0004054,C0002,2026-04-17,32,24.0,2026-04-24
CR001091,S0004055,C0084,2026-04-17,140,140.0,2026-04-24
CR001092,S0004056,C0076,2026-04-17,30,7.5,2026-05-02
CR001093,S0004057,C0097,2026-04-17,620,465.0,2026-05-17
CR001094,S0004063,C0041,2026-04-17,405,303.75,2026-04-24
CR001095,S0004069,C0068,2026-04-18,15,3.75,2026-04-25
CR001096,S0004072,C0099,2026-04-18,125,31.25,2026-04-25
CR001097,S0004074,C0061,2026-04-18,26,0.0,2026-05-03
CR001098,S0004079,C0055,2026-04-18,38,28.5,2026-05-18
CR001099,S0004080,C0098,2026-04-18,90,90.0,2026-06-02
CR001100,S0004085,C0075,2026-04-18,15,11.25,2026-05-03
CR001101,S0004087,C0065,2026-04-18,108,0.0,2026-05-18
CR001102,S0004089,C0093,2026-04-18,25,0.0,2026-06-02
CR001103,S0004091,C0089,2026-04-18,105,26.25,2026-05-03
CR001104,S0004092,C0078,2026-04-18,95,0.0,2026-04-25
CR001105,S0004094,C0048,2026-04-18,46,0.0,2026-04-25
CR001106,S0004096,C0042,2026-04-18,96,0.0,2026-06-02
CR001107,S0004108,C0083,2026-04-18,52,13.0,2026-04-25
CR001108,S0004109,C0080,2026-04-18,45,0.0,2026-04-25
CR001109,S0004111,C0003,2026-04-18,180,135.0,2026-05-18
CR001110,S0004118,C0088,2026-04-19,290,290.0,2026-05-19
CR001111,S0004121,C0044,2026-04-19,168,84.0,2026-06-03
CR001112,S0004122,C0089,2026-04-19,160,80.0,2026-05-19
CR001113,S0004124,C0070,2026-04-19,308,231.0,2026-05-19
CR001114,S0004138,C0016,2026-04-19,260,0.0,2026-05-04
CR001115,S0004140,C0058,2026-04-19,105,52.5,2026-05-04
CR001116,S0004141,C0027,2026-04-19,35,26.25,2026-04-26
CR001117,S0004149,C0001,2026-04-19,76,0.0,2026-06-03
CR001118,S0004153,C0011,2026-04-19,90,45.0,2026-05-19
CR001119,S0004157,C0018,2026-04-19,360,270.0,2026-04-26
CR001120,S0004167,C0035,2026-04-20,60,30.0,2026-05-20
CR001121,S0004169,C0070,2026-04-20,90,90.0,2026-04-27
CR001122,S0004173,C0060,2026-04-20,145,36.25,2026-05-05
CR001123,S0004181,C0092,2026-04-20,160,0.0,2026-04-27
CR001124,S0004192,C0013,2026-04-20,210,157.5,2026-04-27
CR001125,S0004197,C0071,2026-04-20,125,0.0,2026-05-05
CR001126,S0004214,C0070,2026-04-21,50,0.0,2026-05-21
CR001127,S0004215,C0007,2026-04-21,220,0.0,2026-05-06
CR001128,S0004216,C0052,2026-04-21,18,0.0,2026-05-21
CR001129,S0004226,C0018,2026-04-21,95,71.25,2026-05-06
CR001130,S0004233,C0079,2026-04-21,360,0.0,2026-05-21
CR001131,S0004236,C0060,2026-04-22,560,0.0,2026-05-22
CR001132,S0004237,C0094,2026-04-22,144,144.0,2026-04-29
CR001133,S0004240,C0093,2026-04-22,85,0.0,2026-05-07
CR001134,S0004244,C0043,2026-04-22,56,56.0,2026-05-22
CR001135,S0004246,C0013,2026-04-22,310,155.0,2026-05-07
CR001136,S0004249,C0011,2026-04-22,135,67.5,2026-06-06
CR001137,S0004250,C0100,2026-04-22,186,186.0,2026-05-07
CR001138,S0004251,C0018,2026-04-22,48,0.0,2026-04-29
CR001139,S0004254,C0087,2026-04-22,150,37.5,2026-05-07
CR001140,S0004256,C0031,2026-04-22,94,23.5,2026-05-07
CR001141,S0004258,C0057,2026-04-22,75,56.25,2026-06-06
CR001142,S0004264,C0036,2026-04-22,104,0.0,2026-06-06
CR001143,S0004271,C0082,2026-04-23,32,16.0,2026-06-07
CR001144,S0004273,C0034,2026-04-23,35,0.0,2026-05-23
CR001145,S0004274,C0084,2026-04-23,52,0.0,2026-05-08
CR001146,S0004278,C0023,2026-04-23,186,186.0,2026-06-07
CR001147,S0004280,C0092,2026-04-23,465,465.0,2026-06-07
CR001148,S0004290,C0079,2026-04-23,900,900.0,2026-06-07
CR001149,S0004292,C0007,2026-04-23,225,112.5,2026-05-23
CR001150,S0004293,C0063,2026-04-23,28,21.0,2026-06-07
CR001151,S0004299,C0065,2026-04-23,270,0.0,2026-04-30
CR001152,S0004303,C0057,2026-04-23,108,0.0,2026-06-07
CR001153,S0004309,C0092,2026-04-23,128,128.0,2026-05-23
CR001154,S0004311,C0085,2026-04-23,105,0.0,2026-05-23
CR001155,S0004313,C0073,2026-04-23,60,60.0,2026-04-30
CR001156,S0004317,C0068,2026-04-24,50,0.0,2026-05-09
CR001157,S0004320,C0084,2026-04-24,100,0.0,2026-05-01
CR001158,S0004322,C0074,2026-04-24,580,145.0,2026-05-01
CR001159,S0004323,C0090,2026-04-24,180,0.0,2026-06-08
CR001160,S0004336,C0082,2026-04-24,100,0.0,2026-05-24
CR001161,S0004341,C0045,2026-04-24,270,135.0,2026-05-09
CR001162,S0004346,C0059,2026-04-24,50,12.5,2026-05-09
CR001163,S0004353,C0074,2026-04-25,176,88.0,2026-05-25
CR001164,S0004356,C0055,2026-04-25,13,3.25,2026-05-02
CR001165,S0004357,C0011,2026-04-25,135,67.5,2026-05-10
CR001166,S0004359,C0079,2026-04-25,95,71.25,2026-05-10
CR001167,S0004378,C0034,2026-04-25,225,112.5,2026-06-09
CR001168,S0004381,C0002,2026-04-25,40,40.0,2026-05-10
CR001169,S0004389,C0033,2026-04-25,40,30.0,2026-05-25
CR001170,S0004393,C0029,2026-04-26,306,306.0,2026-05-11
CR001171,S0004396,C0071,2026-04-26,190,142.5,2026-05-03
CR001172,S0004399,C0019,2026-04-26,33,0.0,2026-05-11
CR001173,S0004403,C0045,2026-04-26,25,12.5,2026-05-11
CR001174,S0004404,C0008,2026-04-26,210,210.0,2026-05-11
CR001175,S0004407,C0093,2026-04-26,30,15.0,2026-06-10
CR001176,S0004415,C0001,2026-04-26,210,157.5,2026-05-03
CR001177,S0004416,C0008,2026-04-26,1848,924.0,2026-05-03
CR001178,S0004419,C0084,2026-04-26,305,76.25,2026-05-11
CR001179,S0004421,C0050,2026-04-26,103,0.0,2026-05-26
CR001180,S0004422,C0088,2026-04-26,32,16.0,2026-05-11
CR001181,S0004423,C0045,2026-04-26,50,0.0,2026-05-26
CR001182,S0004427,C0003,2026-04-26,141,105.75,2026-05-11
CR001183,S0004428,C0006,2026-04-27,18,0.0,2026-05-04
CR001184,S0004431,C0054,2026-04-27,220,220.0,2026-06-11
CR001185,S0004432,C0058,2026-04-27,33,33.0,2026-05-12
CR001186,S0004438,C0084,2026-04-27,36,36.0,2026-05-04
CR001187,S0004444,C0032,2026-04-27,105,0.0,2026-05-27
CR001188,S0004449,C0041,2026-04-27,104,26.0,2026-06-11
CR001189,S0004458,C0058,2026-04-28,62,62.0,2026-05-05
CR001190,S0004463,C0081,2026-04-28,93,23.25,2026-05-05
CR001191,S0004465,C0019,2026-04-28,140,70.0,2026-05-05
CR001192,S0004467,C0049,2026-04-28,35,17.5,2026-06-12
CR001193,S0004476,C0093,2026-04-28,50,12.5,2026-05-05
CR001194,S0004477,C0073,2026-04-28,1232,924.0,2026-05-28
CR001195,S0004483,C0096,2026-04-28,255,63.75,2026-06-12
CR001196,S0004487,C0059,2026-04-29,35,0.0,2026-05-29
CR001197,S0004490,C0091,2026-04-29,80,40.0,2026-06-13
CR001198,S0004500,C0020,2026-04-29,200,100.0,2026-05-14
CR001199,S0004508,C0026,2026-04-29,125,0.0,2026-05-14
CR001200,S0004509,C0024,2026-04-29,45,33.75,2026-05-06
CR001201,S0004523,C0010,2026-04-30,40,10.0,2026-05-30
CR001202,S0004524,C0098,2026-04-30,150,112.5,2026-05-30
CR001203,S0004529,C0096,2026-04-30,38,28.5,2026-05-30
CR001204,S0004530,C0039,2026-04-30,52,52.0,2026-05-30
CR001205,S0004533,C0053,2026-04-30,250,62.5,2026-05-15
CR001206,S0004534,C0075,2026-04-30,38,0.0,2026-05-30
CR001207,S0004535,C0013,2026-04-30,84,21.0,2026-05-30
CR001208,S0004536,C0019,2026-04-30,38,0.0,2026-05-15
CR001209,S0004539,C0002,2026-04-30,105,105.0,2026-05-07
CR001210,S0004541,C0003,2026-04-30,220,220.0,2026-05-30
CR001211,S0004543,C0064,2026-04-30,110,82.5,2026-05-07
CR001212,S0004545,C0063,2026-04-30,380,95.0,2026-05-30
CR001213,S0004548,C0042,2026-04-30,435,0.0,2026-06-14
CR001214,S0004557,C0048,2026-05-01,310,0.0,2026-05-31
CR001215,S0004559,C0004,2026-05-01,10,0.0,2026-05-08
CR001216,S0004564,C0073,2026-05-01,285,213.75,2026-06-15
CR001217,S0004567,C0063,2026-05-01,459,229.5,2026-05-31
CR001218,S0004579,C0049,2026-05-01,85,21.25,2026-05-08
CR001219,S0004582,C0004,2026-05-01,18,18.0,2026-05-16
CR001220,S0004587,C0078,2026-05-02,525,262.5,2026-05-17
CR001221,S0004591,C0094,2026-05-02,208,104.0,2026-06-01
CR001222,S0004592,C0081,2026-05-02,190,142.5,2026-05-09
CR001223,S0004600,C0011,2026-05-02,52,13.0,2026-05-09
CR001224,S0004601,C0009,2026-05-02,25,6.25,2026-05-09
CR001225,S0004602,C0008,2026-05-02,99,49.5,2026-05-17
CR001226,S0004610,C0042,2026-05-02,360,180.0,2026-05-17
CR001227,S0004612,C0038,2026-05-02,80,0.0,2026-05-17
CR001228,S0004613,C0092,2026-05-02,1525,381.25,2026-05-17
CR001229,S0004618,C0022,2026-05-03,240,120.0,2026-06-17
CR001230,S0004621,C0048,2026-05-03,92,69.0,2026-06-17
CR001231,S0004625,C0058,2026-05-03,76,0.0,2026-05-18
CR001232,S0004634,C0093,2026-05-03,330,330.0,2026-05-18
CR001233,S0004635,C0059,2026-05-03,32,0.0,2026-05-10
CR001234,S0004636,C0022,2026-05-03,80,0.0,2026-05-10
CR001235,S0004641,C0039,2026-05-03,25,12.5,2026-05-10
CR001236,S0004647,C0034,2026-05-03,90,67.5,2026-05-18
CR001237,S0004650,C0031,2026-05-03,600,150.0,2026-06-02
CR001238,S0004652,C0090,2026-05-04,50,50.0,2026-06-18
CR001239,S0004654,C0051,2026-05-04,110,110.0,2026-06-03
CR001240,S0004655,C0064,2026-05-04,310,0.0,2026-05-11
CR001241,S0004658,C0037,2026-05-04,20,0.0,2026-05-19
CR001242,S0004662,C0075,2026-05-04,30,15.0,2026-06-03
CR001243,S0004670,C0075,2026-05-04,90,45.0,2026-05-19
CR001244,S0004672,C0087,2026-05-04,168,84.0,2026-05-19
CR001245,S0004680,C0011,2026-05-04,50,0.0,2026-05-11
CR001246,S0004686,C0067,2026-05-04,190,47.5,2026-05-19
CR001247,S0004687,C0045,2026-05-04,93,0.0,2026-05-11
CR001248,S0004691,C0014,2026-05-05,80,0.0,2026-06-19
CR001249,S0004701,C0080,2026-05-05,18,0.0,2026-05-20
CR001250,S0004703,C0005,2026-05-05,315,0.0,2026-06-19
CR001251,S0004705,C0075,2026-05-05,50,50.0,2026-06-04
CR001252,S0004706,C0013,2026-05-05,170,42.5,2026-05-12
CR001253,S0004708,C0004,2026-05-05,210,0.0,2026-05-20
CR001254,S0004714,C0071,2026-05-05,75,56.25,2026-05-12
CR001255,S0004718,C0090,2026-05-05,76,57.0,2026-05-12
CR001256,S0004720,C0016,2026-05-06,46,0.0,2026-06-20
CR001257,S0004724,C0062,2026-05-06,465,116.25,2026-06-05
CR001258,S0004727,C0087,2026-05-06,190,190.0,2026-05-13
CR001259,S0004731,C0047,2026-05-06,76,0.0,2026-05-13
CR001260,S0004733,C0014,2026-05-06,140,0.0,2026-05-13
CR001261,S0004734,C0036,2026-05-06,675,506.25,2026-05-21
CR001262,S0004742,C0075,2026-05-06,105,26.25,2026-05-13
CR001263,S0004751,C0062,2026-05-06,210,210.0,2026-06-05
CR001264,S0004752,C0023,2026-05-06,220,0.0,2026-05-13
CR001265,S0004756,C0032,2026-05-06,72,36.0,2026-05-13
CR001266,S0004758,C0097,2026-05-07,45,0.0,2026-06-06
CR001267,S0004759,C0042,2026-05-07,490,245.0,2026-05-14
CR001268,S0004762,C0062,2026-05-07,32,16.0,2026-06-21
CR001269,S0004765,C0010,2026-05-07,125,93.75,2026-06-21
CR001270,S0004771,C0061,2026-05-07,16,16.0,2026-05-22
CR001271,S0004773,C0012,2026-05-07,270,0.0,2026-05-14
CR001272,S0004779,C0043,2026-05-07,300,75.0,2026-06-21
CR001273,S0004780,C0077,2026-05-07,125,0.0,2026-05-22
CR001274,S0004787,C0003,2026-05-08,60,60.0,2026-05-23
CR001275,S0004788,C0051,2026-05-08,52,13.0,2026-05-23
CR001276,S0004789,C0086,2026-05-08,50,50.0,2026-06-07
CR001277,S0004792,C0071,2026-05-08,50,25.0,2026-06-07
CR001278,S0004796,C0055,2026-05-08,25,0.0,2026-05-23
CR001279,S0004797,C0061,2026-05-08,50,12.5,2026-06-07
CR001280,S0004802,C0013,2026-05-08,42,0.0,2026-05-15
CR001281,S0004809,C0047,2026-05-08,190,0.0,2026-06-22
CR001282,S0004813,C0031,2026-05-08,45,0.0,2026-05-15
CR001283,S0004816,C0040,2026-05-08,360,0.0,2026-06-07
CR001284,S0004817,C0077,2026-05-08,124,62.0,2026-05-15
CR001285,S0004819,C0092,2026-05-08,155,0.0,2026-05-15
CR001286,S0004820,C0095,2026-05-08,38,38.0,2026-06-07
CR001287,S0004824,C0064,2026-05-09,45,0.0,2026-05-24
CR001288,S0004826,C0010,2026-05-09,47,0.0,2026-05-24
CR001289,S0004828,C0046,2026-05-09,110,27.5,2026-06-08
CR001290,S0004830,C0077,2026-05-09,190,47.5,2026-06-23
CR001291,S0004832,C0009,2026-05-09,150,112.5,2026-06-08
CR001292,S0004833,C0003,2026-05-09,40,0.0,2026-05-16
CR001293,S0004834,C0047,2026-05-09,72,72.0,2026-06-23
CR001294,S0004835,C0056,2026-05-09,310,0.0,2026-05-24
CR001295,S0004849,C0061,2026-05-09,16,16.0,2026-05-24
CR001296,S0004853,C0100,2026-05-09,190,142.5,2026-06-08
CR001297,S0004862,C0036,2026-05-09,186,93.0,2026-06-23
CR001298,S0004866,C0068,2026-05-10,108,0.0,2026-05-17
CR001299,S0004867,C0051,2026-05-10,190,95.0,2026-06-24
CR001300,S0004869,C0092,2026-05-10,288,0.0,2026-06-24
CR001301,S0004870,C0063,2026-05-10,23,23.0,2026-06-24
CR001302,S0004871,C0095,2026-05-10,69,34.5,2026-06-24
CR001303,S0004874,C0009,2026-05-10,143,71.5,2026-06-09
CR001304,S0004879,C0039,2026-05-10,20,0.0,2026-06-24
CR001305,S0004881,C0063,2026-05-10,76,38.0,2026-05-17
CR001306,S0004883,C0017,2026-05-10,110,0.0,2026-05-25
CR001307,S0004886,C0069,2026-05-10,76,57.0,2026-05-17
CR001308,S0004894,C0043,2026-05-10,76,57.0,2026-05-25
CR001309,S0004897,C0063,2026-05-10,84,63.0,2026-06-24
CR001310,S0004905,C0025,2026-05-11,86,86.0,2026-05-26
CR001311,S0004908,C0094,2026-05-11,510,0.0,2026-06-10
CR001312,S0004912,C0048,2026-05-11,90,67.5,2026-06-25
CR001313,S0004917,C0003,2026-05-11,340,0.0,2026-05-18
CR001314,S0004924,C0052,2026-05-11,120,30.0,2026-06-10
CR001315,S0004926,C0080,2026-05-11,95,0.0,2026-06-10
CR001316,S0004928,C0052,2026-05-11,510,127.5,2026-06-10
CR001317,S0004931,C0066,2026-05-11,380,380.0,2026-06-25
CR001318,S0004932,C0028,2026-05-11,33,0.0,2026-06-25
CR001319,S0004938,C0055,2026-05-11,50,50.0,2026-05-26
CR001320,S0004947,C0069,2026-05-12,150,37.5,2026-05-19
CR001321,S0004955,C0089,2026-05-12,315,236.25,2026-05-19
CR001322,S0004957,C0091,2026-05-12,26,13.0,2026-06-26
CR001323,S0004965,C0056,2026-05-12,100,25.0,2026-05-19
CR001324,S0004967,C0045,2026-05-13,200,0.0,2026-05-20
CR001325,S0004971,C0066,2026-05-13,175,87.5,2026-06-12
CR001326,S0004977,C0012,2026-05-13,25,6.25,2026-05-28
CR001327,S0004979,C0078,2026-05-13,93,69.75,2026-05-20
CR001328,S0004990,C0003,2026-05-13,18,13.5,2026-06-12
CR001329,S0004992,C0093,2026-05-13,125,0.0,2026-06-27
CR001330,S0004998,C0047,2026-05-13,255,0.0,2026-05-20
CR001331,S0004999,C0001,2026-05-13,285,71.25,2026-06-12
CR001332,S0005001,C0099,2026-05-13,85,63.75,2026-05-28
CR001333,S0005003,C0007,2026-05-14,90,0.0,2026-05-29
CR001334,S0005005,C0031,2026-05-14,405,202.5,2026-05-21
CR001335,S0005012,C0033,2026-05-14,270,270.0,2026-06-13
CR001336,S0005018,C0098,2026-05-14,50,0.0,2026-06-28
CR001337,S0005019,C0065,2026-05-14,30,0.0,2026-06-13
CR001338,S0005028,C0002,2026-05-14,930,465.0,2026-06-28
CR001339,S0005029,C0095,2026-05-14,90,0.0,2026-05-21
CR001340,S0005030,C0025,2026-05-14,330,165.0,2026-05-21
CR001341,S0005032,C0059,2026-05-14,32,8.0,2026-05-29
CR001342,S0005033,C0059,2026-05-14,255,191.25,2026-06-13
CR001343,S0005041,C0061,2026-05-15,72,0.0,2026-05-22
CR001344,S0005065,C0006,2026-05-15,145,145.0,2026-06-14
CR001345,S0005070,C0003,2026-05-15,20,5.0,2026-06-14
CR001346,S0005076,C0079,2026-05-16,135,135.0,2026-06-15
CR001347,S0005078,C0052,2026-05-16,52,0.0,2026-06-15
CR001348,S0005081,C0033,2026-05-16,100,25.0,2026-06-15
CR001349,S0005087,C0088,2026-05-16,64,0.0,2026-06-30
CR001350,S0005093,C0053,2026-05-16,52,39.0,2026-06-30
CR001351,S0005098,C0036,2026-05-16,135,67.5,2026-06-30
CR001352,S0005099,C0001,2026-05-16,255,255.0,2026-05-31
CR001353,S0005104,C0002,2026-05-16,35,35.0,2026-05-31
CR001354,S0005105,C0076,2026-05-16,540,0.0,2026-05-23
CR001355,S0005110,C0031,2026-05-16,300,300.0,2026-05-23
CR001356,S0005119,C0042,2026-05-17,52,26.0,2026-06-01
CR001357,S0005120,C0001,2026-05-17,72,72.0,2026-05-24
CR001358,S0005133,C0071,2026-05-17,280,70.0,2026-05-24
CR001359,S0005136,C0064,2026-05-17,75,56.25,2026-06-16
CR001360,S0005137,C0083,2026-05-17,290,0.0,2026-05-24
CR001361,S0005143,C0028,2026-05-17,250,0.0,2026-06-16
CR001362,S0005145,C0001,2026-05-17,144,72.0,2026-05-24
CR001363,S0005152,C0038,2026-05-18,220,220.0,2026-07-02
CR001364,S0005160,C0069,2026-05-18,285,71.25,2026-07-02
CR001365,S0005162,C0020,2026-05-18,220,220.0,2026-05-25
CR001366,S0005166,C0023,2026-05-18,76,19.0,2026-05-25
CR001367,S0005169,C0038,2026-05-18,220,0.0,2026-06-17
CR001368,S0005180,C0055,2026-05-18,100,75.0,2026-07-02
CR001369,S0005183,C0010,2026-05-18,50,25.0,2026-07-02
CR001370,S0005185,C0042,2026-05-19,44,0.0,2026-07-03
CR001371,S0005191,C0025,2026-05-19,150,37.5,2026-06-18
CR001372,S0005197,C0019,2026-05-19,85,0.0,2026-07-03
CR001373,S0005207,C0052,2026-05-19,180,0.0,2026-06-18
CR001374,S0005208,C0031,2026-05-19,216,54.0,2026-07-03
CR001375,S0005213,C0006,2026-05-19,270,0.0,2026-06-18
CR001376,S0005215,C0061,2026-05-19,86,64.5,2026-07-03
CR001377,S0005219,C0003,2026-05-19,1020,0.0,2026-05-26
CR001378,S0005223,C0071,2026-05-20,60,0.0,2026-07-04
CR001379,S0005226,C0009,2026-05-20,170,85.0,2026-05-27
CR001380,S0005232,C0093,2026-05-20,282,0.0,2026-06-04
CR001381,S0005235,C0081,2026-05-20,35,0.0,2026-06-19
CR001382,S0005242,C0061,2026-05-20,210,105.0,2026-05-27
CR001383,S0005256,C0013,2026-05-21,580,580.0,2026-06-20
CR001384,S0005260,C0018,2026-05-21,540,540.0,2026-06-20
CR001385,S0005263,C0079,2026-05-21,290,0.0,2026-05-28
CR001386,S0005264,C0013,2026-05-21,15,7.5,2026-06-05
CR001387,S0005271,C0090,2026-05-21,260,0.0,2026-06-20
CR001388,S0005274,C0028,2026-05-21,45,22.5,2026-07-05
CR001389,S0005280,C0068,2026-05-21,95,71.25,2026-07-05
CR001390,S0005288,C0069,2026-05-22,50,50.0,2026-06-21
CR001391,S0005291,C0097,2026-05-22,475,356.25,2026-05-29
CR001392,S0005296,C0047,2026-05-22,180,0.0,2026-05-29
CR001393,S0005298,C0088,2026-05-22,105,26.25,2026-06-06
CR001394,S0005303,C0014,2026-05-22,172,129.0,2026-05-29
CR001395,S0005304,C0063,2026-05-22,20,10.0,2026-07-06
CR001396,S0005310,C0031,2026-05-22,15,11.25,2026-06-06
CR001397,S0005320,C0022,2026-05-23,124,31.0,2026-07-07
CR001398,S0005321,C0074,2026-05-23,45,33.75,2026-06-07
CR001399,S0005322,C0003,2026-05-23,48,12.0,2026-07-07
CR001400,S0005323,C0014,2026-05-23,210,52.5,2026-05-30
CR001401,S0005325,C0047,2026-05-23,255,255.0,2026-06-07
CR001402,S0005334,C0020,2026-05-23,95,0.0,2026-05-30
CR001403,S0005335,C0059,2026-05-23,120,90.0,2026-07-07
CR001404,S0005344,C0079,2026-05-23,240,60.0,2026-06-07
CR001405,S0005347,C0019,2026-05-23,90,0.0,2026-06-07
CR001406,S0005348,C0012,2026-05-23,105,0.0,2026-06-22
CR001407,S0005349,C0045,2026-05-23,72,18.0,2026-07-07
CR001408,S0005351,C0062,2026-05-23,308,77.0,2026-05-30
CR001409,S0005359,C0022,2026-05-23,300,225.0,2026-05-30
CR001410,S0005360,C0001,2026-05-23,475,0.0,2026-07-07
CR001411,S0005361,C0061,2026-05-23,150,37.5,2026-05-30
CR001412,S0005362,C0015,2026-05-23,155,0.0,2026-05-30
CR001413,S0005365,C0009,2026-05-23,620,0.0,2026-06-22
CR001414,S0005368,C0007,2026-05-23,32,0.0,2026-07-07
CR001415,S0005370,C0083,2026-05-23,144,36.0,2026-06-07
CR001416,S0005373,C0057,2026-05-24,310,310.0,2026-06-08
CR001417,S0005376,C0098,2026-05-24,192,48.0,2026-07-08
CR001418,S0005379,C0063,2026-05-24,22,22.0,2026-07-08
CR001419,S0005385,C0089,2026-05-24,220,55.0,2026-05-31
CR001420,S0005396,C0049,2026-05-24,255,63.75,2026-06-08
CR001421,S0005401,C0095,2026-05-24,52,0.0,2026-06-23
CR001422,S0005404,C0027,2026-05-24,30,0.0,2026-06-08
CR001423,S0005408,C0063,2026-05-24,22,0.0,2026-05-31
CR001424,S0005414,C0090,2026-05-24,500,125.0,2026-06-23
CR001425,S0005423,C0012,2026-05-25,525,0.0,2026-06-01
CR001426,S0005425,C0043,2026-05-25,300,0.0,2026-06-01
CR001427,S0005426,C0034,2026-05-25,140,140.0,2026-06-09
CR001428,S0005436,C0070,2026-05-25,570,0.0,2026-07-09
CR001429,S0005441,C0070,2026-05-25,33,0.0,2026-07-09
CR001430,S0005442,C0084,2026-05-25,500,0.0,2026-06-09
CR001431,S0005444,C0052,2026-05-25,186,186.0,2026-07-09
CR001432,S0005448,C0085,2026-05-25,81,81.0,2026-06-09
CR001433,S0005449,C0069,2026-05-25,133,0.0,2026-06-01
CR001434,S0005450,C0020,2026-05-25,33,8.25,2026-06-09
CR001435,S0005454,C0001,2026-05-25,206,0.0,2026-06-01
CR001436,S0005463,C0059,2026-05-26,90,90.0,2026-06-25
CR001437,S0005478,C0083,2026-05-26,156,39.0,2026-06-10
CR001438,S0005480,C0042,2026-05-26,308,308.0,2026-07-10
CR001439,S0005484,C0077,2026-05-26,290,145.0,2026-06-10
CR001440,S0005493,C0055,2026-05-27,170,170.0,2026-06-26
CR001441,S0005499,C0068,2026-05-27,96,0.0,2026-06-26
CR001442,S0005504,C0041,2026-05-27,78,78.0,2026-06-11
CR001443,S0005505,C0042,2026-05-27,90,45.0,2026-06-03
CR001444,S0005513,C0011,2026-05-27,100,0.0,2026-07-11
CR001445,S0005523,C0067,2026-05-28,8,0.0,2026-06-27
CR001446,S0005524,C0080,2026-05-28,66,66.0,2026-06-27
CR001447,S0005526,C0053,2026-05-28,135,33.75,2026-06-12
CR001448,S0005527,C0083,2026-05-28,32,32.0,2026-06-04
CR001449,S0005536,C0008,2026-05-28,100,75.0,2026-06-27
CR001450,S0005539,C0027,2026-05-28,135,33.75,2026-06-27
CR001451,S0005547,C0066,2026-05-28,100,0.0,2026-07-12
CR001452,S0005550,C0024,2026-05-28,85,21.25,2026-06-12
CR001453,S0005564,C0063,2026-05-29,45,22.5,2026-06-13
CR001454,S0005565,C0008,2026-05-29,54,54.0,2026-06-28
CR001455,S0005566,C0035,2026-05-29,285,213.75,2026-06-05
CR001456,S0005568,C0033,2026-05-29,15,11.25,2026-06-28
CR001457,S0005570,C0078,2026-05-29,50,0.0,2026-06-13
CR001458,S0005573,C0086,2026-05-29,15,0.0,2026-06-13
CR001459,S0005578,C0047,2026-05-29,210,0.0,2026-06-28
CR001460,S0005581,C0098,2026-05-29,510,382.5,2026-06-28
CR001461,S0005582,C0088,2026-05-29,160,120.0,2026-06-13
CR001462,S0005583,C0065,2026-05-29,352,88.0,2026-06-05
CR001463,S0005586,C0069,2026-05-30,90,90.0,2026-06-14
CR001464,S0005598,C0054,2026-05-30,308,308.0,2026-06-29
CR001465,S0005599,C0088,2026-05-30,155,155.0,2026-06-14
CR001466,S0005603,C0044,2026-05-30,50,37.5,2026-06-06
CR001467,S0005606,C0049,2026-05-30,290,0.0,2026-07-14
CR001468,S0005610,C0064,2026-05-30,200,50.0,2026-06-06
CR001469,S0005618,C0072,2026-05-30,600,600.0,2026-06-06
CR001470,S0005627,C0089,2026-05-30,252,189.0,2026-07-14
CR001471,S0005637,C0072,2026-05-31,135,0.0,2026-06-30
CR001472,S0005647,C0047,2026-05-31,616,154.0,2026-06-30
CR001473,S0005648,C0024,2026-05-31,133,0.0,2026-06-30
CR001474,S0005650,C0048,2026-05-31,200,50.0,2026-07-15
CR001475,S0005658,C0062,2026-05-31,900,450.0,2026-07-15
CR001476,S0005659,C0013,2026-05-31,95,23.75,2026-06-30
CR001477,S0005663,C0047,2026-05-31,54,13.5,2026-07-15
CR001478,S0005670,C0036,2026-05-31,100,25.0,2026-06-15
CR001479,S0005671,C0055,2026-05-31,72,0.0,2026-06-30
CR001480,S0005673,C0073,2026-05-31,310,77.5,2026-06-07
CR001481,S0005675,C0091,2026-05-31,76,0.0,2026-07-15
CR001482,S0005679,C0021,2026-05-31,100,0.0,2026-07-15
CR001483,S0005680,C0056,2026-05-31,15,11.25,2026-06-15
CR001484,S0005683,C0070,2026-05-31,235,117.5,2026-06-30
CR001485,S0005688,C0063,2026-06-01,72,36.0,2026-06-16
CR001486,S0005696,C0083,2026-06-01,144,144.0,2026-07-16
CR001487,S0005697,C0078,2026-06-01,75,18.75,2026-07-01
CR001488,S0005699,C0076,2026-06-01,330,0.0,2026-07-16
CR001489,S0005700,C0072,2026-06-01,105,52.5,2026-06-16
CR001490,S0005702,C0084,2026-06-01,435,108.75,2026-07-01
CR001491,S0005703,C0028,2026-06-01,145,72.5,2026-06-08
CR001492,S0005704,C0063,2026-06-01,36,27.0,2026-06-08
CR001493,S0005706,C0042,2026-06-01,45,0.0,2026-06-08
CR001494,S0005718,C0088,2026-06-02,475,0.0,2026-07-02
CR001495,S0005719,C0011,2026-06-02,312,0.0,2026-07-17
CR001496,S0005729,C0054,2026-06-02,95,0.0,2026-07-02
CR001497,S0005731,C0025,2026-06-02,15,3.75,2026-07-02
CR001498,S0005732,C0039,2026-06-02,432,432.0,2026-06-17
CR001499,S0005734,C0006,2026-06-02,69,51.75,2026-07-17
CR001500,S0005736,C0086,2026-06-02,23,0.0,2026-07-17
CR001501,S0005737,C0020,2026-06-02,93,0.0,2026-06-17
CR001502,S0005738,C0051,2026-06-02,22,0.0,2026-07-02
CR001503,S0005746,C0057,2026-06-03,405,202.5,2026-06-10
CR001504,S0005747,C0051,2026-06-03,124,93.0,2026-06-18
CR001505,S0005751,C0086,2026-06-03,96,0.0,2026-07-03
CR001506,S0005756,C0032,2026-06-03,310,0.0,2026-07-18
CR001507,S0005760,C0016,2026-06-03,50,12.5,2026-06-18
CR001508,S0005761,C0051,2026-06-03,52,52.0,2026-07-18
CR001509,S0005762,C0068,2026-06-03,42,0.0,2026-06-18
CR001510,S0005763,C0009,2026-06-03,144,0.0,2026-07-03
CR001511,S0005769,C0061,2026-06-03,95,0.0,2026-06-18
CR001512,S0005775,C0013,2026-06-03,143,143.0,2026-07-03
CR001513,S0005779,C0095,2026-06-04,250,0.0,2026-07-04
CR001514,S0005784,C0011,2026-06-04,145,36.25,2026-06-19
CR001515,S0005789,C0051,2026-06-04,48,24.0,2026-07-04
CR001516,S0005795,C0088,2026-06-04,490,0.0,2026-06-19
CR001517,S0005796,C0090,2026-06-04,104,52.0,2026-06-11
CR001518,S0005798,C0011,2026-06-04,775,387.5,2026-07-04
CR001519,S0005800,C0097,2026-06-04,48,36.0,2026-07-19
CR001520,S0005808,C0038,2026-06-04,50,50.0,2026-07-04
CR001521,S0005810,C0072,2026-06-04,110,27.5,2026-07-04
CR001522,S0005816,C0074,2026-06-05,95,71.25,2026-07-05
CR001523,S0005820,C0052,2026-06-05,15,15.0,2026-07-05
CR001524,S0005825,C0089,2026-06-05,255,127.5,2026-06-12
CR001525,S0005828,C0093,2026-06-05,76,0.0,2026-07-20
CR001526,S0005834,C0033,2026-06-05,320,0.0,2026-06-12
CR001527,S0005836,C0076,2026-06-05,145,72.5,2026-07-05
CR001528,S0005841,C0018,2026-06-05,100,100.0,2026-06-20
CR001529,S0005842,C0022,2026-06-05,60,30.0,2026-06-12
CR001530,S0005845,C0098,2026-06-05,180,135.0,2026-06-20
CR001531,S0005847,C0094,2026-06-05,144,0.0,2026-06-20
CR001532,S0005854,C0087,2026-06-06,255,255.0,2026-07-06
CR001533,S0005860,C0098,2026-06-06,93,0.0,2026-06-21
CR001534,S0005862,C0051,2026-06-06,152,0.0,2026-06-21
CR001535,S0005876,C0092,2026-06-06,180,180.0,2026-06-21
CR001536,S0005878,C0014,2026-06-06,90,45.0,2026-07-21
CR001537,S0005888,C0050,2026-06-06,180,90.0,2026-07-21
CR001538,S0005892,C0036,2026-06-06,135,33.75,2026-06-13
CR001539,S0005893,C0033,2026-06-06,525,525.0,2026-07-06
CR001540,S0005895,C0070,2026-06-06,120,0.0,2026-07-06
CR001541,S0005900,C0083,2026-06-07,104,104.0,2026-07-22
CR001542,S0005907,C0050,2026-06-07,96,24.0,2026-07-07
CR001543,S0005909,C0021,2026-06-07,308,0.0,2026-06-14
CR001544,S0005918,C0040,2026-06-07,110,82.5,2026-07-22
CR001545,S0005921,C0097,2026-06-07,56,0.0,2026-06-14
CR001546,S0005923,C0076,2026-06-07,10,0.0,2026-06-14
CR001547,S0005925,C0006,2026-06-07,1525,381.25,2026-06-14
CR001548,S0005926,C0050,2026-06-07,40,0.0,2026-06-22
CR001549,S0005931,C0005,2026-06-07,36,27.0,2026-06-22
CR001550,S0005932,C0013,2026-06-07,190,95.0,2026-07-07
CR001551,S0005937,C0019,2026-06-08,16,16.0,2026-07-08
CR001552,S0005938,C0073,2026-06-08,180,135.0,2026-07-08
CR001553,S0005939,C0078,2026-06-08,50,0.0,2026-06-23
CR001554,S0005940,C0030,2026-06-08,924,462.0,2026-07-23
CR001555,S0005942,C0088,2026-06-08,133,66.5,2026-07-23
CR001556,S0005944,C0076,2026-06-08,252,63.0,2026-06-23
CR001557,S0005946,C0041,2026-06-08,216,0.0,2026-06-23
CR001558,S0005953,C0028,2026-06-08,104,104.0,2026-07-08
CR001559,S0005955,C0063,2026-06-08,725,0.0,2026-07-23
CR001560,S0005959,C0078,2026-06-08,25,0.0,2026-06-23
CR001561,S0005961,C0078,2026-06-08,50,50.0,2026-07-23
CR001562,S0005966,C0048,2026-06-09,105,78.75,2026-06-24
CR001563,S0005971,C0009,2026-06-09,96,72.0,2026-07-24
CR001564,S0005973,C0007,2026-06-09,225,225.0,2026-06-24
CR001565,S0005975,C0016,2026-06-09,30,0.0,2026-07-09
CR001566,S0005979,C0034,2026-06-09,40,0.0,2026-06-16
CR001567,S0005980,C0018,2026-06-09,190,0.0,2026-07-24
CR001568,S0005985,C0023,2026-06-09,308,0.0,2026-07-24
CR001569,S0005989,C0009,2026-06-09,510,255.0,2026-06-24
CR001570,S0005991,C0005,2026-06-09,220,55.0,2026-06-24
CR001571,S0005993,C0001,2026-06-09,210,210.0,2026-07-09
CR001572,S0005998,C0060,2026-06-10,280,280.0,2026-07-25
CR001573,S0006007,C0100,2026-06-10,52,39.0,2026-07-25
CR001574,S0006012,C0008,2026-06-10,86,21.5,2026-06-25
CR001575,S0006020,C0007,2026-06-10,45,22.5,2026-06-17
CR001576,S0006023,C0047,2026-06-10,156,39.0,2026-07-10
CR001577,S0006030,C0065,2026-06-10,28,14.0,2026-06-25
CR001578,S0006033,C0088,2026-06-11,150,0.0,2026-06-18
CR001579,S0006035,C0004,2026-06-11,40,10.0,2026-06-26
CR001580,S0006042,C0009,2026-06-11,1860,0.0,2026-06-26
CR001581,S0006048,C0098,2026-06-11,135,101.25,2026-07-26
CR001582,S0006065,C0047,2026-06-12,104,0.0,2026-06-19
CR001583,S0006066,C0008,2026-06-12,155,155.0,2026-07-12
CR001584,S0006068,C0051,2026-06-12,60,0.0,2026-07-27
CR001585,S0006069,C0010,2026-06-12,190,142.5,2026-06-27
CR001586,S0006076,C0051,2026-06-12,930,0.0,2026-07-27
CR001587,S0006080,C0028,2026-06-12,155,77.5,2026-06-27
CR001588,S0006081,C0017,2026-06-12,75,0.0,2026-06-27
CR001589,S0006082,C0014,2026-06-12,25,18.75,2026-07-27
CR001590,S0006088,C0083,2026-06-12,72,0.0,2026-07-12
CR001591,S0006090,C0098,2026-06-12,305,0.0,2026-07-12
CR001592,S0006092,C0012,2026-06-12,156,117.0,2026-07-12
CR001593,S0006095,C0097,2026-06-12,152,0.0,2026-06-27
CR001594,S0006097,C0076,2026-06-12,155,155.0,2026-07-27
CR001595,S0006099,C0031,2026-06-12,340,340.0,2026-07-12
CR001596,S0006101,C0019,2026-06-12,610,457.5,2026-06-19
CR001597,S0006103,C0060,2026-06-12,620,465.0,2026-06-27
CR001598,S0006111,C0001,2026-06-13,88,44.0,2026-06-20
CR001599,S0006117,C0060,2026-06-13,335,251.25,2026-06-20
CR001600,S0006126,C0097,2026-06-13,60,30.0,2026-06-28
CR001601,S0006145,C0033,2026-06-13,255,0.0,2026-06-20
CR001602,S0006157,C0050,2026-06-14,765,573.75,2026-07-29
CR001603,S0006159,C0054,2026-06-14,110,0.0,2026-06-29
CR001604,S0006162,C0045,2026-06-14,175,0.0,2026-07-14
CR001605,S0006164,C0090,2026-06-14,35,0.0,2026-06-29
CR001606,S0006165,C0074,2026-06-14,104,78.0,2026-07-14
CR001607,S0006168,C0005,2026-06-14,13,9.75,2026-07-29
CR001608,S0006172,C0078,2026-06-14,13,0.0,2026-06-29
CR001609,S0006174,C0018,2026-06-14,100,0.0,2026-06-29
CR001610,S0006176,C0080,2026-06-14,25,0.0,2026-07-14
CR001611,S0006182,C0045,2026-06-14,60,45.0,2026-07-29
CR001612,S0006184,C0085,2026-06-14,150,0.0,2026-07-29
CR001613,S0006192,C0064,2026-06-14,309,77.25,2026-07-29
CR001614,S0006194,C0060,2026-06-14,42,31.5,2026-06-21
CR001615,S0006196,C0026,2026-06-14,405,0.0,2026-06-29
CR001616,S0006199,C0031,2026-06-14,220,0.0,2026-06-21
CR001617,S0006201,C0078,2026-06-14,35,17.5,2026-06-21
CR001618,S0006208,C0048,2026-06-15,10,2.5,2026-06-22
CR001619,S0006209,C0002,2026-06-15,35,17.5,2026-07-15
CR001620,S0006225,C0094,2026-06-15,620,0.0,2026-07-15
CR001621,S0006228,C0056,2026-06-15,128,0.0,2026-06-30
CR001622,S0006229,C0057,2026-06-15,25,0.0,2026-06-22
CR001623,S0006236,C0025,2026-06-15,45,33.75,2026-07-30
CR001624,S0006249,C0026,2026-06-16,110,55.0,2026-07-16
CR001625,S0006253,C0081,2026-06-16,134,100.5,2026-07-31
CR001626,S0006257,C0099,2026-06-16,50,12.5,2026-07-16
CR001627,S0006260,C0047,2026-06-16,310,310.0,2026-07-16
CR001628,S0006266,C0050,2026-06-16,90,0.0,2026-07-16
CR001629,S0006272,C0039,2026-06-16,150,112.5,2026-06-23
CR001630,S0006273,C0038,2026-06-16,190,47.5,2026-06-23
CR001631,S0006282,C0046,2026-06-16,60,45.0,2026-07-31
CR001632,S0006285,C0051,2026-06-17,105,0.0,2026-07-02
CR001633,S0006287,C0035,2026-06-17,380,190.0,2026-07-17
CR001634,S0006295,C0037,2026-06-17,240,240.0,2026-08-01
CR001635,S0006296,C0023,2026-06-17,186,0.0,2026-08-01
CR001636,S0006298,C0036,2026-06-17,10,7.5,2026-08-01
CR001637,S0006305,C0012,2026-06-17,335,83.75,2026-06-24
CR001638,S0006311,C0037,2026-06-18,306,229.5,2026-06-25
CR001639,S0006314,C0097,2026-06-18,432,432.0,2026-07-03
CR001640,S0006315,C0060,2026-06-18,100,0.0,2026-07-18
CR001641,S0006316,C0073,2026-06-18,35,0.0,2026-07-18
CR001642,S0006317,C0022,2026-06-18,660,660.0,2026-07-18
CR001643,S0006321,C0090,2026-06-18,38,0.0,2026-07-18
CR001644,S0006332,C0082,2026-06-18,16,8.0,2026-07-03
CR001645,S0006334,C0054,2026-06-18,1240,0.0,2026-08-02
CR001646,S0006335,C0040,2026-06-18,210,105.0,2026-07-18
CR001647,S0006336,C0039,2026-06-18,135,135.0,2026-07-03
CR001648,S0006342,C0029,2026-06-19,20,5.0,2026-07-04
CR001649,S0006343,C0076,2026-06-19,660,495.0,2026-07-19
CR001650,S0006347,C0090,2026-06-19,100,0.0,2026-08-03
CR001651,S0006349,C0076,2026-06-19,150,150.0,2026-08-03
CR001652,S0006360,C0016,2026-06-19,16,8.0,2026-07-19
CR001653,S0006367,C0017,2026-06-19,90,0.0,2026-08-03
CR001654,S0006370,C0074,2026-06-19,900,675.0,2026-08-03
CR001655,S0006374,C0081,2026-06-19,110,82.5,2026-07-19
CR001656,S0006377,C0036,2026-06-20,510,382.5,2026-07-20
CR001657,S0006383,C0080,2026-06-20,210,105.0,2026-07-20
CR001658,S0006385,C0077,2026-06-20,510,0.0,2026-06-27
CR001659,S0006387,C0083,2026-06-20,25,0.0,2026-08-04
CR001660,S0006397,C0040,2026-06-20,380,190.0,2026-08-04
CR001661,S0006398,C0034,2026-06-20,18,18.0,2026-07-05
CR001662,S0006400,C0085,2026-06-20,36,18.0,2026-07-20
CR001663,S0006401,C0054,2026-06-21,48,0.0,2026-08-05
CR001664,S0006405,C0036,2026-06-21,62,46.5,2026-07-06
CR001665,S0006407,C0063,2026-06-21,50,50.0,2026-08-05
CR001666,S0006420,C0033,2026-06-21,380,285.0,2026-07-21
CR001667,S0006422,C0061,2026-06-21,105,0.0,2026-08-05
CR001668,S0006423,C0002,2026-06-21,84,0.0,2026-06-28
CR001669,S0006424,C0100,2026-06-21,45,0.0,2026-07-21
CR001670,S0006437,C0015,2026-06-21,765,573.75,2026-07-06
CR001671,S0006438,C0046,2026-06-21,20,10.0,2026-07-21
CR001672,S0006439,C0014,2026-06-21,66,66.0,2026-07-06
CR001673,S0006440,C0089,2026-06-21,25,6.25,2026-07-06
CR001674,S0006441,C0034,2026-06-21,5,2.5,2026-06-28
CR001675,S0006444,C0030,2026-06-21,140,35.0,2026-08-05
CR001676,S0006445,C0087,2026-06-21,42,0.0,2026-07-21
CR001677,S0006454,C0016,2026-06-22,155,0.0,2026-08-06
CR001678,S0006462,C0015,2026-06-22,22,22.0,2026-07-07
CR001679,S0006465,C0072,2026-06-22,380,190.0,2026-07-22
CR001680,S0006469,C0034,2026-06-22,95,0.0,2026-08-06
CR001681,S0006474,C0067,2026-06-22,320,80.0,2026-08-06
CR001682,S0006480,C0088,2026-06-22,200,150.0,2026-07-07
CR001683,S0006487,C0003,2026-06-23,144,72.0,2026-07-08
CR001684,S0006492,C0086,2026-06-23,465,0.0,2026-07-08
CR001685,S0006494,C0086,2026-06-23,5,5.0,2026-07-08
CR001686,S0006495,C0032,2026-06-23,285,142.5,2026-07-08
CR001687,S0006510,C0054,2026-06-23,43,10.75,2026-08-07
CR001688,S0006515,C0006,2026-06-23,210,0.0,2026-07-08
CR001689,S0006516,C0062,2026-06-23,23,5.75,2026-08-07
CR001690,S0006517,C0068,2026-06-23,165,0.0,2026-06-30
CR001691,S0006519,C0082,2026-06-23,32,0.0,2026-07-08
CR001692,S0006521,C0077,2026-06-23,128,0.0,2026-06-30
CR001693,S0006530,C0059,2026-06-24,465,348.75,2026-07-24
CR001694,S0006531,C0098,2026-06-24,126,126.0,2026-07-24
CR001695,S0006536,C0048,2026-06-24,765,573.75,2026-07-01
CR001696,S0006540,C0025,2026-06-24,190,0.0,2026-07-09
CR001697,S0006545,C0021,2026-06-24,90,90.0,2026-07-24
CR001698,S0006547,C0051,2026-06-24,1275,0.0,2026-07-24
CR001699,S0006548,C0059,2026-06-24,30,15.0,2026-08-08
CR001700,S0006550,C0075,2026-06-24,380,0.0,2026-07-01
CR001701,S0006552,C0062,2026-06-24,200,150.0,2026-07-01
CR001702,S0006554,C0069,2026-06-24,30,7.5,2026-08-08
CR001703,S0006563,C0064,2026-06-25,35,0.0,2026-08-09
CR001704,S0006564,C0006,2026-06-25,140,140.0,2026-07-02
CR001705,S0006568,C0017,2026-06-25,153,153.0,2026-07-10
CR001706,S0006576,C0052,2026-06-25,80,0.0,2026-07-10
CR001707,S0006585,C0081,2026-06-25,76,19.0,2026-07-02
CR001708,S0006586,C0080,2026-06-25,126,0.0,2026-08-09
CR001709,S0006588,C0080,2026-06-25,72,18.0,2026-07-10
CR001710,S0006590,C0077,2026-06-25,170,0.0,2026-07-25
CR001711,S0006591,C0088,2026-06-26,26,13.0,2026-07-26
CR001712,S0006600,C0085,2026-06-26,100,75.0,2026-08-10
CR001713,S0006603,C0051,2026-06-26,76,76.0,2026-08-10
CR001714,S0006611,C0095,2026-06-26,96,0.0,2026-08-10
CR001715,S0006614,C0006,2026-06-26,620,0.0,2026-08-10
CR001716,S0006617,C0098,2026-06-26,32,0.0,2026-08-10
CR001717,S0006621,C0013,2026-06-26,144,36.0,2026-08-10
CR001718,S0006625,C0068,2026-06-26,60,15.0,2026-07-11
CR001719,S0006632,C0005,2026-06-27,43,0.0,2026-08-11
CR001720,S0006636,C0056,2026-06-27,48,0.0,2026-07-27
CR001721,S0006637,C0094,2026-06-27,52,52.0,2026-07-04
CR001722,S0006642,C0062,2026-06-27,270,270.0,2026-08-11
CR001723,S0006644,C0029,2026-06-27,50,12.5,2026-07-27
CR001724,S0006650,C0032,2026-06-27,610,0.0,2026-08-11
CR001725,S0006652,C0100,2026-06-27,150,112.5,2026-08-11
CR001726,S0006670,C0031,2026-06-28,270,0.0,2026-08-12
CR001727,S0006672,C0074,2026-06-28,40,30.0,2026-08-12
CR001728,S0006674,C0030,2026-06-28,1275,637.5,2026-07-13
CR001729,S0006679,C0066,2026-06-28,90,0.0,2026-07-28
CR001730,S0006683,C0039,2026-06-28,620,310.0,2026-08-12
CR001731,S0006685,C0016,2026-06-28,75,0.0,2026-07-28
CR001732,S0006690,C0088,2026-06-28,156,39.0,2026-07-28
CR001733,S0006691,C0036,2026-06-28,330,247.5,2026-08-12
CR001734,S0006692,C0095,2026-06-28,135,67.5,2026-07-05
CR001735,S0006695,C0027,2026-06-28,54,40.5,2026-07-13
CR001736,S0006697,C0040,2026-06-28,150,37.5,2026-08-12
CR001737,S0006707,C0022,2026-06-28,80,0.0,2026-07-28
CR001738,S0006709,C0030,2026-06-28,285,142.5,2026-07-28
CR001739,S0006713,C0096,2026-06-28,155,155.0,2026-07-05
CR001740,S0006716,C0093,2026-06-28,112,28.0,2026-07-05
CR001741,S0006725,C0032,2026-06-29,459,459.0,2026-08-13
CR001742,S0006730,C0019,2026-06-29,52,0.0,2026-08-13
CR001743,S0006741,C0093,2026-06-29,725,0.0,2026-07-29
CR001744,S0006745,C0028,2026-06-30,260,260.0,2026-07-15
CR001745,S0006747,C0018,2026-06-30,40,0.0,2026-07-15
CR001746,S0006748,C0097,2026-06-30,110,0.0,2026-07-15
CR001747,S0006750,C0066,2026-06-30,150,112.5,2026-07-15
CR001748,S0006754,C0073,2026-06-30,190,0.0,2026-07-30
CR001749,S0006757,C0060,2026-06-30,60,0.0,2026-07-07
CR001750,S0006758,C0075,2026-06-30,105,105.0,2026-07-07
CR001751,S0006763,C0024,2026-06-30,135,0.0,2026-07-15
CR001752,S0006764,C0021,2026-06-30,300,300.0,2026-07-07
CR001753,S0006768,C0066,2026-06-30,25,6.25,2026-07-30
CR001754,S0006776,C0063,2026-06-30,50,12.5,2026-07-30
CR001755,S0006788,C0062,2026-07-01,270,135.0,2026-08-15
CR001756,S0006795,C0027,2026-07-01,90,0.0,2026-07-31
CR001757,S0006798,C0037,2026-07-01,220,220.0,2026-07-31
CR001758,S0006802,C0066,2026-07-01,52,0.0,2026-08-15
CR001759,S0006808,C0046,2026-07-01,27,27.0,2026-08-15
CR001760,S0006817,C0036,2026-07-02,84,42.0,2026-07-09
CR001761,S0006818,C0094,2026-07-02,308,77.0,2026-08-01
CR001762,S0006821,C0011,2026-07-02,25,12.5,2026-07-17
CR001763,S0006826,C0040,2026-07-02,1020,765.0,2026-07-09
CR001764,S0006827,C0013,2026-07-02,270,0.0,2026-08-16
CR001765,S0006829,C0052,2026-07-02,50,50.0,2026-08-01
CR001766,S0006836,C0060,2026-07-02,620,155.0,2026-08-16
CR001767,S0006851,C0009,2026-07-02,85,85.0,2026-08-16
CR001768,S0006860,C0040,2026-07-03,72,36.0,2026-08-17
CR001769,S0006862,C0024,2026-07-03,315,157.5,2026-08-02
CR001770,S0006865,C0011,2026-07-03,135,67.5,2026-08-17
CR001771,S0006872,C0056,2026-07-03,15,7.5,2026-08-17
CR001772,S0006873,C0094,2026-07-03,100,25.0,2026-08-17
CR001773,S0006874,C0072,2026-07-03,50,25.0,2026-07-10
CR001774,S0006879,C0030,2026-07-03,170,127.5,2026-08-02
CR001775,S0006887,C0035,2026-07-04,23,0.0,2026-07-11
CR001776,S0006889,C0074,2026-07-04,870,652.5,2026-08-03
CR001777,S0006898,C0092,2026-07-04,13,13.0,2026-07-19
CR001778,S0006901,C0016,2026-07-04,145,108.75,2026-08-18
CR001779,S0006904,C0088,2026-07-04,190,47.5,2026-08-03
CR001780,S0006905,C0095,2026-07-04,110,27.5,2026-07-19
CR001781,S0006912,C0032,2026-07-04,105,0.0,2026-08-18
CR001782,S0006930,C0066,2026-07-05,30,7.5,2026-07-12
CR001783,S0006937,C0045,2026-07-05,50,12.5,2026-08-19
CR001784,S0006941,C0088,2026-07-05,190,142.5,2026-07-20
CR001785,S0006944,C0019,2026-07-05,285,213.75,2026-08-19
CR001786,S0006945,C0008,2026-07-05,290,145.0,2026-08-04
CR001787,S0006951,C0073,2026-07-05,110,27.5,2026-08-04
CR001788,S0006955,C0055,2026-07-05,260,0.0,2026-07-20
CR001789,S0006964,C0045,2026-07-06,100,0.0,2026-08-20
CR001790,S0006967,C0017,2026-07-06,27,0.0,2026-08-05
CR001791,S0006968,C0051,2026-07-06,105,105.0,2026-07-13
CR001792,S0006969,C0051,2026-07-06,616,308.0,2026-07-21
CR001793,S0006972,C0010,2026-07-06,104,78.0,2026-08-20
CR001794,S0006973,C0070,2026-07-06,35,35.0,2026-07-21
CR001795,S0006975,C0061,2026-07-06,100,100.0,2026-08-20
CR001796,S0006979,C0065,2026-07-06,180,180.0,2026-08-05
CR001797,S0006982,C0040,2026-07-06,36,0.0,2026-07-13
CR001798,S0006990,C0086,2026-07-06,145,72.5,2026-08-20
CR001799,S0006993,C0086,2026-07-06,300,0.0,2026-08-05
CR001800,S0007006,C0068,2026-07-07,90,45.0,2026-08-21
CR001801,S0007007,C0031,2026-07-07,300,0.0,2026-07-14
CR001802,S0007008,C0092,2026-07-07,52,0.0,2026-07-22
CR001803,S0007015,C0089,2026-07-07,270,0.0,2026-08-06
CR001804,S0007016,C0076,2026-07-07,96,0.0,2026-07-14
CR001805,S0007018,C0070,2026-07-07,32,0.0,2026-07-14
CR001806,S0007021,C0037,2026-07-07,268,268.0,2026-07-22
CR001807,S0007027,C0087,2026-07-07,186,139.5,2026-07-22
CR001808,S0007028,C0001,2026-07-07,255,0.0,2026-07-14
CR001809,S0007034,C0087,2026-07-08,260,0.0,2026-07-15
CR001810,S0007037,C0058,2026-07-08,95,0.0,2026-08-07
CR001811,S0007044,C0052,2026-07-08,52,52.0,2026-07-15
CR001812,S0007046,C0005,2026-07-08,66,16.5,2026-08-07
CR001813,S0007047,C0098,2026-07-08,90,67.5,2026-08-07
CR001814,S0007048,C0041,2026-07-08,285,71.25,2026-08-22
CR001815,S0007049,C0086,2026-07-08,25,6.25,2026-07-23
CR001816,S0007050,C0046,2026-07-08,620,620.0,2026-08-07
CR001817,S0007057,C0001,2026-07-08,35,0.0,2026-08-22
CR001818,S0007075,C0036,2026-07-09,270,0.0,2026-08-08
CR001819,S0007077,C0025,2026-07-09,266,0.0,2026-08-08
CR001820,S0007086,C0077,2026-07-09,285,142.5,2026-08-23
CR001821,S0007087,C0094,2026-07-09,50,12.5,2026-08-08
CR001822,S0007090,C0099,2026-07-09,25,12.5,2026-07-24
CR001823,S0007093,C0008,2026-07-09,38,9.5,2026-07-16
CR001824,S0007103,C0099,2026-07-10,30,15.0,2026-07-25
CR001825,S0007106,C0054,2026-07-10,765,765.0,2026-08-24
CR001826,S0007107,C0002,2026-07-10,50,50.0,2026-07-17
CR001827,S0007110,C0094,2026-07-10,45,45.0,2026-07-25
CR001828,S0007113,C0093,2026-07-10,90,22.5,2026-08-09
CR001829,S0007115,C0080,2026-07-10,23,11.5,2026-08-24
CR001830,S0007120,C0074,2026-07-10,135,67.5,2026-07-25
CR001831,S0007122,C0058,2026-07-10,160,160.0,2026-07-25
CR001832,S0007125,C0008,2026-07-10,45,33.75,2026-08-09
CR001833,S0007126,C0086,2026-07-10,176,176.0,2026-08-24
CR001834,S0007131,C0024,2026-07-10,168,42.0,2026-07-17
CR001835,S0007136,C0010,2026-07-10,405,202.5,2026-07-25
CR001836,S0007137,C0006,2026-07-10,282,70.5,2026-08-24
CR001837,S0007138,C0016,2026-07-10,86,86.0,2026-07-17
CR001838,S0007141,C0035,2026-07-10,145,108.75,2026-07-17
CR001839,S0007143,C0014,2026-07-10,104,104.0,2026-08-24
CR001840,S0007147,C0024,2026-07-11,290,0.0,2026-08-10
CR001841,S0007151,C0011,2026-07-11,200,100.0,2026-08-10
CR001842,S0007155,C0054,2026-07-11,25,25.0,2026-08-25
CR001843,S0007166,C0021,2026-07-11,66,66.0,2026-07-26
CR001844,S0007168,C0016,2026-07-11,23,17.25,2026-07-26
CR001845,S0007170,C0073,2026-07-11,24,12.0,2026-08-10
CR001846,S0007171,C0068,2026-07-11,765,0.0,2026-08-25
CR001847,S0007172,C0058,2026-07-11,150,37.5,2026-07-18
CR001848,S0007175,C0076,2026-07-11,104,52.0,2026-08-25
CR001849,S0007178,C0070,2026-07-11,160,0.0,2026-08-25
CR001850,S0007179,C0001,2026-07-11,24,12.0,2026-07-18
CR001851,S0007180,C0047,2026-07-11,64,0.0,2026-07-18
CR001852,S0007199,C0032,2026-07-11,16,0.0,2026-08-25
CR001853,S0007205,C0043,2026-07-11,28,0.0,2026-07-18
CR001854,S0007214,C0024,2026-07-12,72,72.0,2026-08-11
CR001855,S0007217,C0017,2026-07-12,64,64.0,2026-07-27
CR001856,S0007219,C0066,2026-07-12,95,0.0,2026-07-27
CR001857,S0007221,C0021,2026-07-12,100,75.0,2026-08-26
CR001858,S0007232,C0057,2026-07-12,400,0.0,2026-07-27
CR001859,S0007240,C0070,2026-07-12,8,0.0,2026-08-11
CR001860,S0007241,C0056,2026-07-12,135,135.0,2026-07-19
CR001861,S0007244,C0072,2026-07-12,140,105.0,2026-07-19
CR001862,S0007251,C0091,2026-07-12,200,200.0,2026-08-11
CR001863,S0007257,C0075,2026-07-12,435,108.75,2026-08-26
CR001864,S0007261,C0085,2026-07-12,22,0.0,2026-08-11
CR001865,S0007263,C0071,2026-07-12,38,38.0,2026-08-11
CR001866,S0007269,C0084,2026-07-12,45,22.5,2026-07-27
CR001867,S0007270,C0013,2026-07-12,105,0.0,2026-07-19
CR001868,S0007271,C0053,2026-07-12,255,127.5,2026-08-11
CR001869,S0007273,C0047,2026-07-12,1012,506.0,2026-08-26
CR001870,S0007274,C0009,2026-07-12,110,0.0,2026-07-27
CR001871,S0007280,C0039,2026-07-12,104,78.0,2026-07-27
CR001872,S0007285,C0036,2026-07-13,15,15.0,2026-08-12
CR001873,S0007286,C0096,2026-07-13,140,0.0,2026-07-28
CR001874,S0007291,C0012,2026-07-13,100,25.0,2026-07-28
CR001875,S0007295,C0012,2026-07-13,52,52.0,2026-07-28
CR001876,S0007298,C0026,2026-07-13,280,140.0,2026-07-28
CR001877,S0007299,C0061,2026-07-13,25,6.25,2026-07-28
CR001878,S0007300,C0062,2026-07-13,450,450.0,2026-07-20
CR001879,S0007304,C0009,2026-07-13,35,8.75,2026-07-20
CR001880,S0007307,C0083,2026-07-13,435,0.0,2026-07-20
CR001881,S0007313,C0045,2026-07-13,95,47.5,2026-08-12
CR001882,S0007314,C0026,2026-07-13,5,1.25,2026-08-12
CR001883,S0007330,C0083,2026-07-14,250,0.0,2026-08-13
CR001884,S0007336,C0019,2026-07-14,180,0.0,2026-07-21
CR001885,S0007337,C0087,2026-07-14,190,47.5,2026-08-13
CR001886,S0007341,C0058,2026-07-14,255,0.0,2026-08-13
CR001887,S0007344,C0090,2026-07-14,60,0.0,2026-08-28
CR001888,S0007345,C0002,2026-07-14,20,5.0,2026-08-13
CR001889,S0007347,C0095,2026-07-14,70,70.0,2026-07-29
CR001890,S0007349,C0032,2026-07-14,90,0.0,2026-07-29
CR001891,S0007351,C0051,2026-07-14,220,165.0,2026-07-21
CR001892,S0007353,C0052,2026-07-14,300,225.0,2026-08-28
CR001893,S0007356,C0034,2026-07-14,90,0.0,2026-07-29
CR001894,S0007358,C0099,2026-07-14,100,25.0,2026-07-21
CR001895,S0007359,C0065,2026-07-14,85,21.25,2026-07-29
CR001896,S0007364,C0022,2026-07-14,95,0.0,2026-07-21
CR001897,S0007368,C0016,2026-07-14,42,31.5,2026-07-21
CR001898,S0007369,C0083,2026-07-14,255,127.5,2026-08-28
CR001899,S0007370,C0010,2026-07-14,40,0.0,2026-07-29
CR001900,S0007373,C0009,2026-07-15,245,0.0,2026-08-14
CR001901,S0007380,C0012,2026-07-15,95,95.0,2026-07-30
CR001902,S0007381,C0069,2026-07-15,160,0.0,2026-08-29
CR001903,S0007387,C0046,2026-07-15,290,145.0,2026-07-30
CR001904,S0007389,C0044,2026-07-15,153,76.5,2026-08-29
CR001905,S0007410,C0077,2026-07-16,270,67.5,2026-08-15
CR001906,S0007415,C0083,2026-07-16,72,18.0,2026-08-30
CR001907,S0007417,C0001,2026-07-16,172,86.0,2026-07-23
CR001908,S0007418,C0015,2026-07-16,67,33.5,2026-07-31
CR001909,S0007419,C0061,2026-07-16,290,145.0,2026-08-15
CR001910,S0007427,C0043,2026-07-16,60,0.0,2026-08-15
CR001911,S0007436,C0049,2026-07-16,93,23.25,2026-08-15
CR001912,S0007440,C0090,2026-07-16,52,39.0,2026-07-23
CR001913,S0007442,C0013,2026-07-16,48,12.0,2026-08-30
CR001914,S0007446,C0092,2026-07-16,84,0.0,2026-08-30
CR001915,S0007448,C0052,2026-07-17,20,10.0,2026-08-31
CR001916,S0007450,C0049,2026-07-17,45,0.0,2026-08-16
CR001917,S0007451,C0100,2026-07-17,72,72.0,2026-08-01
CR001918,S0007453,C0040,2026-07-17,250,187.5,2026-08-01
CR001919,S0007455,C0078,2026-07-17,125,93.75,2026-08-01
CR001920,S0007457,C0054,2026-07-17,620,465.0,2026-08-16
CR001921,S0007458,C0091,2026-07-17,155,0.0,2026-08-31
CR001922,S0007462,C0097,2026-07-17,330,0.0,2026-08-01
CR001923,S0007463,C0066,2026-07-17,33,0.0,2026-08-16
CR001924,S0007473,C0090,2026-07-17,50,0.0,2026-07-24
CR001925,S0007478,C0029,2026-07-17,432,0.0,2026-08-16
CR001926,S0007479,C0073,2026-07-17,30,30.0,2026-08-01
CR001927,S0007480,C0076,2026-07-18,156,0.0,2026-09-01
CR001928,S0007481,C0080,2026-07-18,30,0.0,2026-09-01
CR001929,S0007486,C0055,2026-07-18,216,216.0,2026-08-17
CR001930,S0007490,C0048,2026-07-18,60,45.0,2026-08-02
CR001931,S0007494,C0053,2026-07-18,36,9.0,2026-09-01
CR001932,S0007503,C0010,2026-07-18,30,15.0,2026-08-02
CR001933,S0007504,C0029,2026-07-18,260,0.0,2026-07-25
CR001934,S0007508,C0067,2026-07-18,72,0.0,2026-07-25
CR001935,S0007514,C0069,2026-07-18,33,0.0,2026-09-01
CR001936,S0007516,C0089,2026-07-18,465,0.0,2026-07-25
CR001937,S0007521,C0046,2026-07-18,310,0.0,2026-09-01
CR001938,S0007527,C0073,2026-07-19,40,10.0,2026-08-03
CR001939,S0007529,C0083,2026-07-19,35,35.0,2026-08-18
CR001940,S0007536,C0076,2026-07-19,420,105.0,2026-09-02
CR001941,S0007538,C0048,2026-07-19,558,558.0,2026-07-26
CR001942,S0007543,C0089,2026-07-19,70,17.5,2026-08-03
CR001943,S0007545,C0044,2026-07-19,96,0.0,2026-07-26
CR001944,S0007549,C0006,2026-07-19,45,22.5,2026-08-03
CR001945,S0007559,C0084,2026-07-19,286,0.0,2026-07-26
CR001946,S0007564,C0038,2026-07-20,50,50.0,2026-09-03
CR001947,S0007567,C0011,2026-07-20,60,60.0,2026-08-19
CR001948,S0007570,C0054,2026-07-20,144,108.0,2026-07-27
CR001949,S0007571,C0017,2026-07-20,105,0.0,2026-07-27
CR001950,S0007572,C0042,2026-07-20,25,25.0,2026-08-19
CR001951,S0007576,C0063,2026-07-20,104,26.0,2026-08-04
CR001952,S0007577,C0028,2026-07-20,310,155.0,2026-08-19
CR001953,S0007580,C0031,2026-07-20,35,17.5,2026-08-19
CR001954,S0007590,C0099,2026-07-20,300,75.0,2026-08-19
CR001955,S0007593,C0007,2026-07-20,35,0.0,2026-08-04
CR001956,S0007594,C0076,2026-07-20,255,255.0,2026-09-03
CR001957,S0007602,C0077,2026-07-20,96,0.0,2026-08-19
CR001958,S0007607,C0064,2026-07-20,104,0.0,2026-08-04
CR001959,S0007608,C0090,2026-07-20,255,255.0,2026-07-27
CR001960,S0007609,C0031,2026-07-20,210,210.0,2026-07-27
CR001961,S0007612,C0038,2026-07-20,38,19.0,2026-08-04
CR001962,S0007613,C0097,2026-07-20,90,0.0,2026-09-03
CR001963,S0007624,C0040,2026-07-21,72,36.0,2026-08-05
CR001964,S0007625,C0008,2026-07-21,216,54.0,2026-08-05
CR001965,S0007630,C0011,2026-07-21,67,33.5,2026-07-28
CR001966,S0007636,C0072,2026-07-21,75,75.0,2026-09-04
CR001967,S0007639,C0089,2026-07-21,450,337.5,2026-08-20
CR001968,S0007646,C0078,2026-07-22,225,225.0,2026-09-05
CR001969,S0007648,C0078,2026-07-22,108,0.0,2026-07-29
CR001970,S0007651,C0051,2026-07-22,15,0.0,2026-08-06
CR001971,S0007653,C0057,2026-07-22,125,93.75,2026-08-21
CR001972,S0007664,C0002,2026-07-22,150,0.0,2026-07-29
CR001973,S0007667,C0008,2026-07-22,104,0.0,2026-07-29
CR001974,S0007670,C0092,2026-07-22,930,0.0,2026-09-05
CR001975,S0007672,C0098,2026-07-22,15,0.0,2026-08-06
CR001976,S0007674,C0058,2026-07-23,312,78.0,2026-09-06
CR001977,S0007678,C0004,2026-07-23,160,160.0,2026-09-06
CR001978,S0007684,C0005,2026-07-23,22,11.0,2026-08-22
CR001979,S0007687,C0048,2026-07-23,200,50.0,2026-09-06
CR001980,S0007689,C0055,2026-07-23,180,135.0,2026-09-06
CR001981,S0007692,C0091,2026-07-23,255,0.0,2026-09-06
CR001982,S0007694,C0060,2026-07-23,20,0.0,2026-08-22
CR001983,S0007699,C0099,2026-07-23,67,67.0,2026-07-30
CR001984,S0007702,C0065,2026-07-24,90,0.0,2026-08-23
CR001985,S0007706,C0054,2026-07-24,42,10.5,2026-09-07
CR001986,S0007714,C0024,2026-07-24,100,100.0,2026-08-08
CR001987,S0007718,C0092,2026-07-24,30,0.0,2026-08-08
CR001988,S0007719,C0090,2026-07-24,30,30.0,2026-08-23
CR001989,S0007721,C0058,2026-07-24,156,78.0,2026-08-23
CR001990,S0007728,C0088,2026-07-24,90,90.0,2026-09-07
CR001991,S0007729,C0073,2026-07-24,150,112.5,2026-08-23
CR001992,S0007731,C0080,2026-07-24,300,0.0,2026-08-23
CR001993,S0007737,C0058,2026-07-24,40,10.0,2026-09-07
CR001994,S0007738,C0064,2026-07-24,75,75.0,2026-08-08
CR001995,S0007742,C0007,2026-07-25,1240,310.0,2026-08-01
CR001996,S0007743,C0044,2026-07-25,90,45.0,2026-08-24
CR001997,S0007749,C0066,2026-07-25,435,217.5,2026-08-09
CR001998,S0007751,C0053,2026-07-25,324,81.0,2026-08-01
CR001999,S0007757,C0066,2026-07-25,52,39.0,2026-08-24
CR002000,S0007762,C0002,2026-07-25,309,0.0,2026-09-08
CR002001,S0007763,C0046,2026-07-25,60,30.0,2026-09-08
CR002002,S0007764,C0075,2026-07-25,100,100.0,2026-08-24
CR002003,S0007770,C0089,2026-07-25,25,12.5,2026-08-24
CR002004,S0007782,C0057,2026-07-25,268,134.0,2026-08-01
CR002005,S0007783,C0069,2026-07-25,270,0.0,2026-08-09
CR002006,S0007789,C0058,2026-07-26,50,50.0,2026-08-10
CR002007,S0007795,C0054,2026-07-26,50,50.0,2026-08-25
CR002008,S0007802,C0019,2026-07-26,24,0.0,2026-08-10
CR002009,S0007807,C0016,2026-07-26,30,22.5,2026-09-09
CR002010,S0007809,C0030,2026-07-26,52,52.0,2026-08-25
CR002011,S0007811,C0082,2026-07-26,250,187.5,2026-08-25
CR002012,S0007812,C0035,2026-07-26,20,0.0,2026-08-02
CR002013,S0007815,C0010,2026-07-26,150,0.0,2026-08-10
CR002014,S0007819,C0027,2026-07-26,99,0.0,2026-08-10
CR002015,S0007823,C0098,2026-07-26,176,44.0,2026-08-02
CR002016,S0007825,C0071,2026-07-26,270,270.0,2026-08-25
CR002017,S0007827,C0088,2026-07-27,260,65.0,2026-08-26
CR002018,S0007833,C0083,2026-07-27,150,75.0,2026-08-26
CR002019,S0007840,C0019,2026-07-27,140,140.0,2026-08-11
CR002020,S0007842,C0030,2026-07-27,95,47.5,2026-08-11
CR002021,S0007843,C0078,2026-07-27,315,157.5,2026-09-10
CR002022,S0007846,C0079,2026-07-27,72,36.0,2026-08-03
CR002023,S0007848,C0046,2026-07-27,330,82.5,2026-08-03
CR002024,S0007849,C0063,2026-07-27,600,150.0,2026-08-11
CR002025,S0007863,C0052,2026-07-28,510,255.0,2026-08-27
CR002026,S0007864,C0081,2026-07-28,580,0.0,2026-08-04
CR002027,S0007866,C0057,2026-07-28,134,0.0,2026-09-11
CR002028,S0007869,C0046,2026-07-28,60,0.0,2026-08-04
CR002029,S0007870,C0034,2026-07-28,90,0.0,2026-09-11
CR002030,S0007872,C0030,2026-07-28,300,0.0,2026-08-12
CR002031,S0007875,C0041,2026-07-28,150,112.5,2026-08-12
CR002032,S0007877,C0075,2026-07-28,290,0.0,2026-08-04
CR002033,S0007888,C0075,2026-07-28,95,71.25,2026-08-12
CR002034,S0007890,C0040,2026-07-28,18,4.5,2026-08-12
CR002035,S0007891,C0033,2026-07-28,260,260.0,2026-08-12
CR002036,S0007902,C0062,2026-07-29,20,15.0,2026-08-13
CR002037,S0007904,C0089,2026-07-29,570,0.0,2026-08-28
CR002038,S0007910,C0074,2026-07-29,128,0.0,2026-08-05
CR002039,S0007912,C0054,2026-07-29,95,95.0,2026-08-28
CR002040,S0007913,C0016,2026-07-29,76,57.0,2026-09-12
CR002041,S0007915,C0041,2026-07-29,620,0.0,2026-08-28
CR002042,S0007920,C0093,2026-07-29,155,0.0,2026-09-12
CR002043,S0007921,C0029,2026-07-29,43,21.5,2026-08-28
CR002044,S0007923,C0070,2026-07-29,290,0.0,2026-08-05
CR002045,S0007925,C0036,2026-07-29,30,15.0,2026-08-13
CR002046,S0007930,C0097,2026-07-29,84,84.0,2026-08-28
CR002047,S0007931,C0071,2026-07-29,1275,637.5,2026-09-12
CR002048,S0007936,C0063,2026-07-30,120,60.0,2026-08-06
CR002049,S0007945,C0039,2026-07-30,72,0.0,2026-09-13
CR002050,S0007951,C0076,2026-07-30,40,30.0,2026-08-14
CR002051,S0007955,C0057,2026-07-30,18,4.5,2026-08-29
CR002052,S0007959,C0069,2026-07-30,81,40.5,2026-09-13
CR002053,S0007962,C0030,2026-07-31,155,77.5,2026-09-14
CR002054,S0007969,C0007,2026-07-31,168,126.0,2026-08-30
CR002055,S0007981,C0053,2026-07-31,1240,1240.0,2026-08-15
CR002056,S0007984,C0088,2026-07-31,620,310.0,2026-08-07
CR002057,S0007998,C0027,2026-07-31,5,3.75,2026-08-30
CR002058,S0008000,C0024,2026-08-01,220,165.0,2026-09-15
CR002059,S0008003,C0075,2026-08-01,50,37.5,2026-08-16
CR002060,S0008006,C0097,2026-08-01,95,95.0,2026-08-31
CR002061,S0008011,C0023,2026-08-01,20,20.0,2026-08-08
CR002062,S0008014,C0043,2026-08-01,250,187.5,2026-08-31
CR002063,S0008016,C0008,2026-08-01,56,42.0,2026-08-16
CR002064,S0008020,C0022,2026-08-01,25,6.25,2026-09-15
CR002065,S0008021,C0051,2026-08-01,60,45.0,2026-09-15
CR002066,S0008023,C0072,2026-08-01,30,0.0,2026-09-15
CR002067,S0008026,C0097,2026-08-01,210,105.0,2026-08-16
CR002068,S0008029,C0059,2026-08-01,60,0.0,2026-08-16
CR002069,S0008032,C0043,2026-08-01,172,43.0,2026-09-15
CR002070,S0008034,C0013,2026-08-01,140,140.0,2026-08-16
CR002071,S0008045,C0069,2026-08-01,580,290.0,2026-08-16
CR002072,S0008050,C0039,2026-08-02,186,186.0,2026-09-01
CR002073,S0008055,C0014,2026-08-02,432,432.0,2026-09-16
CR002074,S0008059,C0024,2026-08-02,420,315.0,2026-08-17
CR002075,S0008061,C0012,2026-08-02,72,36.0,2026-08-09
CR002076,S0008062,C0004,2026-08-02,132,132.0,2026-09-01
CR002077,S0008070,C0028,2026-08-02,75,37.5,2026-08-17
CR002078,S0008071,C0033,2026-08-02,420,0.0,2026-08-17
CR002079,S0008082,C0072,2026-08-03,250,250.0,2026-09-02
CR002080,S0008089,C0008,2026-08-03,310,155.0,2026-09-17
CR002081,S0008090,C0013,2026-08-03,268,134.0,2026-08-10
CR002082,S0008091,C0027,2026-08-03,72,0.0,2026-09-02
CR002083,S0008092,C0042,2026-08-03,510,0.0,2026-09-02
CR002084,S0008096,C0039,2026-08-03,620,465.0,2026-09-17
CR002085,S0008101,C0049,2026-08-03,15,0.0,2026-08-10
CR002086,S0008104,C0038,2026-08-03,270,202.5,2026-09-17
CR002087,S0008113,C0085,2026-08-04,129,0.0,2026-09-18
CR002088,S0008126,C0045,2026-08-04,45,45.0,2026-09-18
CR002089,S0008128,C0024,2026-08-04,84,63.0,2026-08-19
CR002090,S0008129,C0012,2026-08-04,50,12.5,2026-09-03
CR002091,S0008136,C0083,2026-08-04,33,24.75,2026-09-03
CR002092,S0008137,C0006,2026-08-04,50,0.0,2026-08-19
CR002093,S0008138,C0001,2026-08-04,145,145.0,2026-09-03
CR002094,S0008156,C0100,2026-08-05,110,0.0,2026-09-19
CR002095,S0008158,C0054,2026-08-05,600,450.0,2026-09-04
CR002096,S0008160,C0006,2026-08-05,266,0.0,2026-08-20
CR002097,S0008167,C0037,2026-08-05,30,30.0,2026-09-04
CR002098,S0008168,C0072,2026-08-05,190,47.5,2026-08-12
CR002099,S0008176,C0093,2026-08-05,206,154.5,2026-08-20
CR002100,S0008177,C0013,2026-08-05,100,100.0,2026-08-20
CR002101,S0008185,C0070,2026-08-06,352,264.0,2026-08-21
CR002102,S0008187,C0054,2026-08-06,35,0.0,2026-08-13
CR002103,S0008195,C0025,2026-08-06,90,45.0,2026-08-21
CR002104,S0008197,C0054,2026-08-06,28,7.0,2026-09-20
CR002105,S0008198,C0039,2026-08-06,18,13.5,2026-08-13
CR002106,S0008204,C0011,2026-08-06,255,0.0,2026-08-21
CR002107,S0008208,C0041,2026-08-06,95,47.5,2026-09-20
CR002108,S0008210,C0081,2026-08-06,35,26.25,2026-08-21
CR002109,S0008222,C0013,2026-08-07,114,85.5,2026-08-14
CR002110,S0008227,C0021,2026-08-07,72,0.0,2026-08-22
CR002111,S0008228,C0027,2026-08-07,33,0.0,2026-08-14
CR002112,S0008241,C0044,2026-08-07,30,15.0,2026-08-22
CR002113,S0008248,C0011,2026-08-08,96,0.0,2026-09-07
CR002114,S0008249,C0060,2026-08-08,50,0.0,2026-08-15
CR002115,S0008251,C0038,2026-08-08,15,0.0,2026-08-23
CR002116,S0008256,C0058,2026-08-08,150,0.0,2026-08-15
CR002117,S0008257,C0092,2026-08-08,90,22.5,2026-08-23
CR002118,S0008259,C0083,2026-08-08,210,0.0,2026-08-15
CR002119,S0008262,C0008,2026-08-08,399,0.0,2026-08-23
CR002120,S0008265,C0051,2026-08-08,105,52.5,2026-08-23
CR002121,S0008266,C0088,2026-08-08,28,28.0,2026-08-15
CR002122,S0008267,C0081,2026-08-08,1240,310.0,2026-08-15
CR002123,S0008273,C0048,2026-08-09,28,21.0,2026-08-24
CR002124,S0008280,C0034,2026-08-09,110,0.0,2026-08-24
CR002125,S0008281,C0085,2026-08-09,50,25.0,2026-08-16
CR002126,S0008289,C0004,2026-08-09,190,0.0,2026-08-24
CR002127,S0008290,C0090,2026-08-09,104,0.0,2026-09-23
CR002128,S0008291,C0024,2026-08-09,175,87.5,2026-08-24
CR002129,S0008296,C0047,2026-08-09,500,0.0,2026-08-16
CR002130,S0008297,C0050,2026-08-09,5,0.0,2026-09-08
CR002131,S0008298,C0068,2026-08-09,135,101.25,2026-08-16
CR002132,S0008299,C0076,2026-08-09,450,0.0,2026-08-16
CR002133,S0008304,C0042,2026-08-09,144,144.0,2026-09-23
CR002134,S0008307,C0017,2026-08-09,70,35.0,2026-09-08
CR002135,S0008310,C0079,2026-08-09,50,25.0,2026-08-16
CR002136,S0008317,C0064,2026-08-10,36,0.0,2026-08-17
CR002137,S0008319,C0007,2026-08-10,180,180.0,2026-08-17
CR002138,S0008324,C0092,2026-08-10,15,15.0,2026-08-17
CR002139,S0008325,C0099,2026-08-10,135,67.5,2026-09-24
CR002140,S0008326,C0026,2026-08-10,310,77.5,2026-08-25
CR002141,S0008332,C0017,2026-08-10,90,0.0,2026-09-09
CR002142,S0008334,C0028,2026-08-10,200,50.0,2026-08-25
CR002143,S0008335,C0074,2026-08-10,99,24.75,2026-08-25
CR002144,S0008337,C0078,2026-08-10,48,36.0,2026-09-24
CR002145,S0008341,C0010,2026-08-10,300,0.0,2026-09-09
CR002146,S0008348,C0038,2026-08-10,725,181.25,2026-09-09
CR002147,S0008353,C0045,2026-08-11,190,190.0,2026-09-25
CR002148,S0008363,C0080,2026-08-11,250,62.5,2026-09-25
CR002149,S0008365,C0020,2026-08-11,100,0.0,2026-08-18
CR002150,S0008367,C0014,2026-08-11,260,130.0,2026-08-18
CR002151,S0008368,C0047,2026-08-11,155,155.0,2026-09-25
CR002152,S0008369,C0067,2026-08-11,70,0.0,2026-08-26
CR002153,S0008370,C0073,2026-08-11,435,217.5,2026-08-26
CR002154,S0008372,C0021,2026-08-11,210,157.5,2026-08-26
CR002155,S0008381,C0050,2026-08-11,36,0.0,2026-09-10
CR002156,S0008382,C0013,2026-08-11,210,0.0,2026-08-18
CR002157,S0008385,C0071,2026-08-11,45,33.75,2026-08-26
CR002158,S0008388,C0070,2026-08-11,110,110.0,2026-08-18
CR002159,S0008389,C0097,2026-08-11,100,100.0,2026-08-26
CR002160,S0008395,C0070,2026-08-12,300,75.0,2026-08-19
CR002161,S0008396,C0069,2026-08-12,330,0.0,2026-08-27
CR002162,S0008400,C0061,2026-08-12,125,0.0,2026-08-19
CR002163,S0008403,C0017,2026-08-12,104,52.0,2026-08-19
CR002164,S0008404,C0077,2026-08-12,112,0.0,2026-09-11
CR002165,S0008411,C0085,2026-08-12,94,94.0,2026-08-27
CR002166,S0008412,C0058,2026-08-12,135,0.0,2026-09-11
CR002167,S0008413,C0080,2026-08-12,270,270.0,2026-08-19
CR002168,S0008414,C0075,2026-08-12,140,105.0,2026-08-27
CR002169,S0008415,C0047,2026-08-12,145,0.0,2026-09-11
CR002170,S0008416,C0052,2026-08-12,84,0.0,2026-09-26
CR002171,S0008418,C0093,2026-08-12,48,24.0,2026-08-27
CR002172,S0008429,C0032,2026-08-13,130,32.5,2026-08-28
CR002173,S0008436,C0021,2026-08-13,210,210.0,2026-08-20
CR002174,S0008442,C0032,2026-08-13,125,0.0,2026-08-28
CR002175,S0008445,C0012,2026-08-13,930,0.0,2026-08-20
CR002176,S0008446,C0073,2026-08-13,100,50.0,2026-09-27
CR002177,S0008454,C0086,2026-08-13,155,38.75,2026-09-12
CR002178,S0008457,C0019,2026-08-13,100,0.0,2026-08-28
CR002179,S0008460,C0064,2026-08-13,285,0.0,2026-09-27
CR002180,S0008472,C0054,2026-08-14,90,90.0,2026-08-21
CR002181,S0008473,C0099,2026-08-14,310,0.0,2026-08-21
CR002182,S0008476,C0087,2026-08-14,208,104.0,2026-09-28
CR002183,S0008478,C0033,2026-08-14,33,24.75,2026-08-21
CR002184,S0008483,C0079,2026-08-14,600,0.0,2026-09-28
CR002185,S0008484,C0078,2026-08-14,135,67.5,2026-09-28
CR002186,S0008487,C0018,2026-08-14,160,160.0,2026-08-29
CR002187,S0008488,C0061,2026-08-14,100,75.0,2026-08-21
CR002188,S0008490,C0052,2026-08-14,64,0.0,2026-09-13
CR002189,S0008492,C0062,2026-08-15,450,0.0,2026-09-14
CR002190,S0008495,C0094,2026-08-15,310,0.0,2026-09-29
CR002191,S0008496,C0059,2026-08-15,30,7.5,2026-08-30
CR002192,S0008498,C0056,2026-08-15,180,90.0,2026-09-29
CR002193,S0008506,C0044,2026-08-15,52,0.0,2026-08-22
CR002194,S0008507,C0020,2026-08-15,540,0.0,2026-08-30
CR002195,S0008508,C0011,2026-08-15,39,0.0,2026-09-14
CR002196,S0008512,C0016,2026-08-15,150,75.0,2026-09-14
CR002197,S0008516,C0046,2026-08-15,62,0.0,2026-08-22
CR002198,S0008517,C0012,2026-08-15,42,10.5,2026-08-22
CR002199,S0008523,C0072,2026-08-15,90,22.5,2026-08-30
CR002200,S0008538,C0084,2026-08-16,75,0.0,2026-09-15
CR002201,S0008539,C0090,2026-08-16,52,0.0,2026-08-23
CR002202,S0008545,C0100,2026-08-16,200,200.0,2026-09-15
CR002203,S0008546,C0093,2026-08-16,50,0.0,2026-09-30
CR002204,S0008550,C0036,2026-08-16,64,16.0,2026-09-15
CR002205,S0008551,C0065,2026-08-16,60,0.0,2026-09-15
CR002206,S0008556,C0084,2026-08-17,420,105.0,2026-09-01
CR002207,S0008557,C0053,2026-08-17,30,22.5,2026-09-16
CR002208,S0008558,C0056,2026-08-17,675,337.5,2026-10-01
CR002209,S0008560,C0064,2026-08-17,104,0.0,2026-09-01
CR002210,S0008561,C0068,2026-08-17,405,303.75,2026-09-16
CR002211,S0008563,C0099,2026-08-17,95,47.5,2026-10-01
CR002212,S0008565,C0007,2026-08-17,36,27.0,2026-10-01
CR002213,S0008570,C0052,2026-08-17,95,95.0,2026-08-24
CR002214,S0008574,C0090,2026-08-17,72,54.0,2026-09-01
CR002215,S0008575,C0051,2026-08-17,190,0.0,2026-10-01
CR002216,S0008592,C0024,2026-08-17,35,8.75,2026-09-16
CR002217,S0008593,C0071,2026-08-17,100,0.0,2026-09-16
CR002218,S0008599,C0097,2026-08-18,20,15.0,2026-09-02
CR002219,S0008604,C0089,2026-08-18,105,26.25,2026-09-17
CR002220,S0008605,C0011,2026-08-18,50,50.0,2026-08-25
CR002221,S0008614,C0084,2026-08-18,240,120.0,2026-09-02
CR002222,S0008623,C0091,2026-08-18,141,70.5,2026-09-02
CR002223,S0008634,C0049,2026-08-19,104,52.0,2026-10-03
CR002224,S0008640,C0032,2026-08-19,30,0.0,2026-09-03
CR002225,S0008643,C0062,2026-08-19,412,309.0,2026-09-03
CR002226,S0008646,C0015,2026-08-19,206,154.5,2026-08-26
CR002227,S0008649,C0017,2026-08-19,360,0.0,2026-09-03
CR002228,S0008651,C0094,2026-08-19,32,0.0,2026-09-18
CR002229,S0008655,C0028,2026-08-19,30,0.0,2026-08-26
CR002230,S0008657,C0018,2026-08-19,1550,0.0,2026-08-26
CR002231,S0008663,C0083,2026-08-20,42,0.0,2026-09-19
CR002232,S0008668,C0058,2026-08-20,360,0.0,2026-10-04
CR002233,S0008671,C0088,2026-08-20,25,0.0,2026-10-04
CR002234,S0008676,C0017,2026-08-20,90,67.5,2026-08-27
CR002235,S0008684,C0010,2026-08-20,200,0.0,2026-08-27
CR002236,S0008685,C0093,2026-08-20,180,45.0,2026-08-27
CR002237,S0008691,C0055,2026-08-21,30,0.0,2026-09-20
CR002238,S0008698,C0028,2026-08-21,290,0.0,2026-10-05
CR002239,S0008708,C0087,2026-08-21,120,30.0,2026-08-28
CR002240,S0008711,C0052,2026-08-21,94,0.0,2026-10-05
CR002241,S0008714,C0026,2026-08-21,76,76.0,2026-09-20
CR002242,S0008719,C0051,2026-08-22,24,12.0,2026-08-29
CR002243,S0008722,C0010,2026-08-22,315,315.0,2026-08-29
CR002244,S0008726,C0051,2026-08-22,143,71.5,2026-08-29
CR002245,S0008727,C0034,2026-08-22,330,330.0,2026-10-06
CR002246,S0008728,C0033,2026-08-22,300,75.0,2026-09-21
CR002247,S0008729,C0069,2026-08-22,30,15.0,2026-10-06
CR002248,S0008730,C0025,2026-08-22,70,52.5,2026-10-06
CR002249,S0008739,C0007,2026-08-22,255,255.0,2026-08-29
CR002250,S0008745,C0075,2026-08-22,66,0.0,2026-09-21
CR002251,S0008746,C0095,2026-08-22,90,0.0,2026-10-06
CR002252,S0008752,C0040,2026-08-22,138,138.0,2026-08-29
CR002253,S0008755,C0010,2026-08-22,620,620.0,2026-09-21
CR002254,S0008761,C0097,2026-08-23,44,33.0,2026-08-30
CR002255,S0008763,C0028,2026-08-23,50,0.0,2026-08-30
CR002256,S0008769,C0055,2026-08-23,405,303.75,2026-08-30
CR002257,S0008779,C0044,2026-08-23,180,0.0,2026-08-30
CR002258,S0008791,C0070,2026-08-23,560,140.0,2026-09-22
CR002259,S0008797,C0002,2026-08-23,100,100.0,2026-10-07
CR002260,S0008799,C0084,2026-08-23,200,100.0,2026-10-07
CR002261,S0008804,C0059,2026-08-23,300,150.0,2026-10-07
CR002262,S0008808,C0028,2026-08-23,155,77.5,2026-08-30
CR002263,S0008817,C0031,2026-08-24,20,15.0,2026-09-23
CR002264,S0008826,C0095,2026-08-24,140,0.0,2026-09-23
CR002265,S0008827,C0044,2026-08-24,210,157.5,2026-10-08
CR002266,S0008835,C0023,2026-08-24,400,400.0,2026-08-31
CR002267,S0008841,C0092,2026-08-24,405,0.0,2026-10-08
CR002268,S0008842,C0085,2026-08-24,43,0.0,2026-09-08
CR002269,S0008849,C0049,2026-08-24,18,0.0,2026-10-08
CR002270,S0008853,C0027,2026-08-24,95,47.5,2026-09-23
CR002271,S0008854,C0095,2026-08-24,52,13.0,2026-08-31
CR002272,S0008858,C0023,2026-08-25,30,15.0,2026-10-09
CR002273,S0008864,C0020,2026-08-25,50,0.0,2026-09-09
CR002274,S0008866,C0072,2026-08-25,288,288.0,2026-09-09
CR002275,S0008868,C0091,2026-08-25,50,0.0,2026-09-24
CR002276,S0008872,C0071,2026-08-25,50,12.5,2026-09-09
CR002277,S0008873,C0037,2026-08-25,330,82.5,2026-10-09
CR002278,S0008874,C0067,2026-08-25,525,393.75,2026-09-09
CR002279,S0008881,C0085,2026-08-25,360,180.0,2026-10-09
CR002280,S0008882,C0051,2026-08-25,145,0.0,2026-09-24
CR002281,S0008885,C0065,2026-08-25,540,0.0,2026-09-09
CR002282,S0008886,C0013,2026-08-25,1220,0.0,2026-09-24
CR002283,S0008890,C0069,2026-08-25,50,50.0,2026-09-09
CR002284,S0008893,C0031,2026-08-25,120,30.0,2026-10-09
CR002285,S0008897,C0072,2026-08-25,15,3.75,2026-10-09
CR002286,S0008902,C0022,2026-08-25,95,0.0,2026-10-09
CR002287,S0008903,C0023,2026-08-25,80,60.0,2026-09-09
CR002288,S0008912,C0074,2026-08-26,72,0.0,2026-09-25
CR002289,S0008915,C0088,2026-08-26,42,42.0,2026-10-10
CR002290,S0008916,C0068,2026-08-26,38,38.0,2026-09-02
CR002291,S0008919,C0096,2026-08-26,255,0.0,2026-09-25
CR002292,S0008922,C0100,2026-08-26,33,0.0,2026-09-10
CR002293,S0008926,C0087,2026-08-26,52,39.0,2026-10-10
CR002294,S0008930,C0026,2026-08-26,76,76.0,2026-10-10
CR002295,S0008932,C0051,2026-08-26,70,70.0,2026-09-25
CR002296,S0008934,C0069,2026-08-26,88,44.0,2026-09-25
CR002297,S0008935,C0018,2026-08-26,810,202.5,2026-09-25
CR002298,S0008941,C0060,2026-08-26,135,135.0,2026-10-10
CR002299,S0008945,C0077,2026-08-26,155,0.0,2026-09-10
CR002300,S0008947,C0097,2026-08-26,155,38.75,2026-10-10
CR002301,S0008958,C0053,2026-08-26,525,525.0,2026-09-25
CR002302,S0008964,C0011,2026-08-27,90,0.0,2026-09-11
CR002303,S0008969,C0061,2026-08-27,32,24.0,2026-09-03
CR002304,S0008970,C0066,2026-08-27,45,33.75,2026-10-11
CR002305,S0008972,C0060,2026-08-27,80,80.0,2026-10-11
CR002306,S0008973,C0084,2026-08-27,60,30.0,2026-09-11
CR002307,S0008980,C0024,2026-08-27,67,0.0,2026-10-11
CR002308,S0008982,C0029,2026-08-27,45,0.0,2026-09-26
CR002309,S0008983,C0080,2026-08-27,105,0.0,2026-09-26
CR002310,S0008986,C0050,2026-08-27,306,0.0,2026-10-11
CR002311,S0008995,C0008,2026-08-27,64,64.0,2026-09-11
CR002312,S0008997,C0055,2026-08-27,459,0.0,2026-10-11
CR002313,S0008998,C0035,2026-08-27,45,0.0,2026-09-11
CR002314,S0009003,C0034,2026-08-27,110,0.0,2026-09-03
CR002315,S0009030,C0058,2026-08-28,72,72.0,2026-09-12
CR002316,S0009032,C0051,2026-08-28,253,0.0,2026-09-27
CR002317,S0009035,C0095,2026-08-28,38,38.0,2026-09-12
CR002318,S0009040,C0008,2026-08-28,15,3.75,2026-09-27
CR002319,S0009042,C0014,2026-08-28,310,0.0,2026-10-12
CR002320,S0009048,C0011,2026-08-28,94,0.0,2026-10-12
CR002321,S0009050,C0049,2026-08-28,40,0.0,2026-10-12
CR002322,S0009058,C0083,2026-08-28,620,0.0,2026-09-12
CR002323,S0009059,C0044,2026-08-28,115,0.0,2026-09-27
CR002324,S0009065,C0037,2026-08-28,50,25.0,2026-09-04
CR002325,S0009068,C0002,2026-08-28,75,18.75,2026-09-27
CR002326,S0009069,C0039,2026-08-28,42,10.5,2026-09-27
CR002327,S0009070,C0095,2026-08-28,25,25.0,2026-09-04
CR002328,S0009075,C0013,2026-08-28,110,110.0,2026-09-27
CR002329,S0009078,C0063,2026-08-29,88,0.0,2026-09-28
CR002330,S0009079,C0045,2026-08-29,64,16.0,2026-09-13
CR002331,S0009096,C0040,2026-08-29,104,0.0,2026-09-05
CR002332,S0009098,C0053,2026-08-29,450,0.0,2026-10-13
CR002333,S0009100,C0017,2026-08-29,96,24.0,2026-09-28
CR002334,S0009102,C0067,2026-08-29,80,60.0,2026-09-28
CR002335,S0009103,C0096,2026-08-29,84,21.0,2026-09-28
CR002336,S0009112,C0055,2026-08-30,95,47.5,2026-09-29
CR002337,S0009121,C0021,2026-08-30,135,0.0,2026-09-06
CR002338,S0009122,C0091,2026-08-30,69,69.0,2026-09-29
CR002339,S0009124,C0038,2026-08-30,225,0.0,2026-09-29
CR002340,S0009125,C0055,2026-08-30,315,157.5,2026-09-14
CR002341,S0009127,C0064,2026-08-30,48,36.0,2026-09-06
CR002342,S0009130,C0046,2026-08-30,435,108.75,2026-09-06
CR002343,S0009131,C0079,2026-08-30,36,0.0,2026-09-06
CR002344,S0009132,C0077,2026-08-30,108,0.0,2026-10-14
CR002345,S0009135,C0015,2026-08-30,490,122.5,2026-10-14
CR002346,S0009137,C0074,2026-08-30,32,32.0,2026-09-14
CR002347,S0009150,C0037,2026-08-31,42,10.5,2026-10-15
CR002348,S0009154,C0023,2026-08-31,144,0.0,2026-10-15
CR002349,S0009155,C0094,2026-08-31,1265,316.25,2026-10-15
CR002350,S0009156,C0035,2026-08-31,125,0.0,2026-09-30
CR002351,S0009157,C0018,2026-08-31,150,0.0,2026-10-15
CR002352,S0009169,C0024,2026-08-31,75,18.75,2026-09-07
CR002353,S0009176,C0009,2026-08-31,48,12.0,2026-09-15
CR002354,S0009181,C0013,2026-09-01,210,0.0,2026-09-08
CR002355,S0009192,C0061,2026-09-01,215,107.5,2026-10-01
CR002356,S0009193,C0048,2026-09-01,435,0.0,2026-10-01
CR002357,S0009198,C0076,2026-09-01,330,330.0,2026-09-08
CR002358,S0009205,C0047,2026-09-01,25,18.75,2026-09-16
CR002359,S0009208,C0082,2026-09-01,50,12.5,2026-10-16
CR002360,S0009223,C0033,2026-09-02,38,28.5,2026-09-17
CR002361,S0009225,C0064,2026-09-02,20,20.0,2026-09-17
CR002362,S0009230,C0048,2026-09-02,405,0.0,2026-10-02
CR002363,S0009232,C0034,2026-09-02,648,324.0,2026-09-17
CR002364,S0009233,C0010,2026-09-02,145,36.25,2026-09-17
CR002365,S0009236,C0005,2026-09-02,33,0.0,2026-09-09
CR002366,S0009238,C0063,2026-09-02,72,72.0,2026-09-09
CR002367,S0009240,C0013,2026-09-02,20,0.0,2026-10-02
CR002368,S0009243,C0099,2026-09-02,103,51.5,2026-10-02
CR002369,S0009245,C0069,2026-09-02,208,0.0,2026-10-17
CR002370,S0009247,C0077,2026-09-02,48,48.0,2026-10-17
CR002371,S0009248,C0008,2026-09-02,510,0.0,2026-10-02
CR002372,S0009253,C0007,2026-09-03,50,0.0,2026-09-10
CR002373,S0009255,C0056,2026-09-03,100,100.0,2026-09-10
CR002374,S0009256,C0041,2026-09-03,105,26.25,2026-10-18
CR002375,S0009257,C0094,2026-09-03,160,0.0,2026-10-18
CR002376,S0009261,C0015,2026-09-03,105,52.5,2026-10-18
CR002377,S0009264,C0020,2026-09-03,85,85.0,2026-09-10
CR002378,S0009269,C0032,2026-09-03,100,50.0,2026-10-18
CR002379,S0009273,C0021,2026-09-03,5,5.0,2026-10-18
CR002380,S0009274,C0075,2026-09-03,310,77.5,2026-09-10
CR002381,S0009283,C0049,2026-09-03,465,0.0,2026-09-10
CR002382,S0009286,C0028,2026-09-03,96,72.0,2026-10-18
CR002383,S0009289,C0034,2026-09-03,135,101.25,2026-09-10
CR002384,S0009296,C0002,2026-09-03,90,45.0,2026-10-03
CR002385,S0009297,C0099,2026-09-03,18,9.0,2026-09-10
CR002386,S0009299,C0086,2026-09-04,40,10.0,2026-10-19
CR002387,S0009302,C0054,2026-09-04,1550,0.0,2026-10-04
CR002388,S0009303,C0009,2026-09-04,40,30.0,2026-09-11
CR002389,S0009305,C0070,2026-09-04,255,0.0,2026-09-11
CR002390,S0009310,C0079,2026-09-04,70,0.0,2026-10-04
CR002391,S0009313,C0003,2026-09-04,90,0.0,2026-09-19
CR002392,S0009315,C0091,2026-09-04,201,201.0,2026-09-19
CR002393,S0009321,C0019,2026-09-04,33,0.0,2026-10-19
CR002394,S0009324,C0032,2026-09-04,306,0.0,2026-09-11
CR002395,S0009327,C0015,2026-09-04,260,65.0,2026-09-11
CR002396,S0009329,C0066,2026-09-04,90,0.0,2026-10-19
CR002397,S0009335,C0047,2026-09-05,620,0.0,2026-10-20
CR002398,S0009343,C0082,2026-09-05,100,75.0,2026-09-20
CR002399,S0009345,C0098,2026-09-05,10,10.0,2026-09-20
CR002400,S0009346,C0008,2026-09-05,290,0.0,2026-09-20
CR002401,S0009348,C0045,2026-09-05,220,165.0,2026-10-20
CR002402,S0009354,C0058,2026-09-05,110,0.0,2026-10-05
CR002403,S0009355,C0015,2026-09-05,95,95.0,2026-10-05
CR002404,S0009356,C0060,2026-09-05,210,0.0,2026-10-05
CR002405,S0009358,C0042,2026-09-05,95,0.0,2026-10-20
CR002406,S0009360,C0098,2026-09-05,150,112.5,2026-10-20
CR002407,S0009362,C0075,2026-09-05,75,37.5,2026-10-20
CR002408,S0009363,C0093,2026-09-05,110,82.5,2026-10-05
CR002409,S0009367,C0090,2026-09-06,288,0.0,2026-09-13
CR002410,S0009369,C0045,2026-09-06,95,0.0,2026-09-13
CR002411,S0009371,C0007,2026-09-06,25,6.25,2026-09-13
CR002412,S0009375,C0007,2026-09-06,290,72.5,2026-10-06
CR002413,S0009379,C0051,2026-09-06,352,0.0,2026-10-06
CR002414,S0009385,C0002,2026-09-06,32,0.0,2026-10-21
CR002415,S0009387,C0022,2026-09-06,50,0.0,2026-10-21
CR002416,S0009389,C0071,2026-09-06,35,0.0,2026-10-21
CR002417,S0009390,C0099,2026-09-06,506,0.0,2026-10-06
CR002418,S0009393,C0022,2026-09-06,280,210.0,2026-10-06
CR002419,S0009394,C0029,2026-09-06,156,117.0,2026-10-06
CR002420,S0009395,C0024,2026-09-06,180,180.0,2026-10-06
CR002421,S0009398,C0017,2026-09-06,52,26.0,2026-10-06
CR002422,S0009410,C0090,2026-09-07,216,216.0,2026-10-22
CR002423,S0009420,C0057,2026-09-07,15,7.5,2026-09-22
CR002424,S0009422,C0072,2026-09-07,620,310.0,2026-09-22
CR002425,S0009423,C0082,2026-09-07,279,209.25,2026-09-22
CR002426,S0009431,C0061,2026-09-07,340,0.0,2026-10-07
CR002427,S0009434,C0047,2026-09-07,32,8.0,2026-10-22
CR002428,S0009436,C0074,2026-09-07,390,195.0,2026-10-22
CR002429,S0009437,C0015,2026-09-07,36,36.0,2026-09-22
CR002430,S0009445,C0056,2026-09-07,300,150.0,2026-10-22
CR002431,S0009447,C0036,2026-09-07,310,0.0,2026-10-22
CR002432,S0009450,C0017,2026-09-07,105,26.25,2026-09-14
CR002433,S0009452,C0022,2026-09-08,290,0.0,2026-10-08
CR002434,S0009453,C0074,2026-09-08,100,75.0,2026-09-23
CR002435,S0009455,C0093,2026-09-08,170,127.5,2026-10-08
CR002436,S0009460,C0028,2026-09-08,96,96.0,2026-09-15
CR002437,S0009464,C0052,2026-09-08,95,23.75,2026-09-15
CR002438,S0009466,C0013,2026-09-08,85,21.25,2026-09-23
CR002439,S0009468,C0073,2026-09-08,128,96.0,2026-09-15
CR002440,S0009469,C0056,2026-09-08,399,0.0,2026-10-08
CR002441,S0009480,C0028,2026-09-08,35,35.0,2026-09-15
CR002442,S0009484,C0039,2026-09-09,18,0.0,2026-10-09
CR002443,S0009488,C0084,2026-09-09,25,18.75,2026-10-24
CR002444,S0009489,C0031,2026-09-09,32,24.0,2026-10-24
CR002445,S0009490,C0060,2026-09-09,80,40.0,2026-09-16
CR002446,S0009494,C0067,2026-09-09,50,37.5,2026-10-24
CR002447,S0009495,C0040,2026-09-09,92,0.0,2026-10-09
CR002448,S0009502,C0051,2026-09-09,266,266.0,2026-10-24
CR002449,S0009505,C0046,2026-09-09,80,0.0,2026-10-24
CR002450,S0009507,C0052,2026-09-09,18,4.5,2026-09-16
CR002451,S0009524,C0042,2026-09-10,20,0.0,2026-09-17
CR002452,S0009525,C0065,2026-09-10,315,0.0,2026-09-17
CR002453,S0009533,C0050,2026-09-10,90,22.5,2026-09-25
CR002454,S0009535,C0058,2026-09-10,72,0.0,2026-09-25
CR002455,S0009539,C0080,2026-09-10,290,145.0,2026-10-10
CR002456,S0009543,C0088,2026-09-10,36,36.0,2026-10-10
CR002457,S0009546,C0023,2026-09-10,50,0.0,2026-09-17
CR002458,S0009549,C0003,2026-09-10,190,0.0,2026-10-10
CR002459,S0009552,C0030,2026-09-10,510,127.5,2026-10-10
CR002460,S0009554,C0098,2026-09-10,52,0.0,2026-10-10
CR002461,S0009556,C0042,2026-09-10,210,157.5,2026-09-25
CR002462,S0009562,C0069,2026-09-11,208,104.0,2026-10-11
CR002463,S0009575,C0092,2026-09-11,459,0.0,2026-10-11
CR002464,S0009576,C0089,2026-09-11,145,0.0,2026-10-11
CR002465,S0009581,C0096,2026-09-11,45,45.0,2026-09-26
CR002466,S0009588,C0072,2026-09-12,39,19.5,2026-10-27
CR002467,S0009589,C0046,2026-09-12,400,400.0,2026-10-12
CR002468,S0009599,C0093,2026-09-12,60,0.0,2026-10-27
CR002469,S0009601,C0015,2026-09-12,279,139.5,2026-10-12
CR002470,S0009605,C0085,2026-09-12,90,22.5,2026-10-27
CR002471,S0009608,C0020,2026-09-12,310,0.0,2026-10-27
CR002472,S0009612,C0046,2026-09-12,190,47.5,2026-10-12
CR002473,S0009615,C0007,2026-09-12,570,570.0,2026-09-27
CR002474,S0009621,C0056,2026-09-12,360,90.0,2026-09-19
CR002475,S0009622,C0093,2026-09-12,88,0.0,2026-09-27
CR002476,S0009624,C0011,2026-09-12,270,67.5,2026-10-12
CR002477,S0009628,C0007,2026-09-13,765,382.5,2026-10-28
CR002478,S0009633,C0061,2026-09-13,85,63.75,2026-09-20
CR002479,S0009635,C0013,2026-09-13,105,0.0,2026-10-28
CR002480,S0009636,C0072,2026-09-13,260,65.0,2026-09-28
CR002481,S0009647,C0064,2026-09-13,310,0.0,2026-10-28
CR002482,S0009648,C0031,2026-09-13,90,67.5,2026-09-28
CR002483,S0009655,C0003,2026-09-13,100,75.0,2026-10-13
CR002484,S0009657,C0073,2026-09-13,36,27.0,2026-10-28
CR002485,S0009658,C0053,2026-09-13,30,7.5,2026-09-28
CR002486,S0009659,C0080,2026-09-13,100,0.0,2026-10-28
CR002487,S0009661,C0087,2026-09-13,352,176.0,2026-10-13
CR002488,S0009663,C0042,2026-09-13,28,21.0,2026-09-20
CR002489,S0009666,C0048,2026-09-13,54,0.0,2026-09-20
CR002490,S0009684,C0035,2026-09-14,93,0.0,2026-10-14
CR002491,S0009697,C0001,2026-09-14,32,0.0,2026-10-29
CR002492,S0009699,C0063,2026-09-14,13,0.0,2026-10-14
CR002493,S0009707,C0015,2026-09-14,40,0.0,2026-10-14
CR002494,S0009711,C0017,2026-09-14,490,367.5,2026-09-21
CR002495,S0009712,C0038,2026-09-14,76,19.0,2026-09-29
CR002496,S0009715,C0041,2026-09-15,105,52.5,2026-10-15
CR002497,S0009716,C0020,2026-09-15,42,21.0,2026-10-15
CR002498,S0009719,C0028,2026-09-15,1240,0.0,2026-10-15
CR002499,S0009720,C0080,2026-09-15,100,0.0,2026-09-30
CR002500,S0009724,C0049,2026-09-15,155,155.0,2026-10-30
CR002501,S0009725,C0001,2026-09-15,54,54.0,2026-09-30
CR002502,S0009726,C0022,2026-09-15,310,77.5,2026-09-30
CR002503,S0009729,C0054,2026-09-15,52,39.0,2026-10-15
CR002504,S0009731,C0069,2026-09-15,310,0.0,2026-10-15
CR002505,S0009732,C0038,2026-09-15,60,0.0,2026-10-30
CR002506,S0009735,C0036,2026-09-15,310,310.0,2026-09-30
CR002507,S0009736,C0052,2026-09-15,32,0.0,2026-10-15
CR002508,S0009737,C0019,2026-09-15,150,0.0,2026-10-15
CR002509,S0009742,C0032,2026-09-15,1020,0.0,2026-10-30
CR002510,S0009743,C0010,2026-09-15,1200,0.0,2026-10-15
CR002511,S0009749,C0098,2026-09-16,134,67.0,2026-09-23
CR002512,S0009753,C0076,2026-09-16,10,0.0,2026-10-31
CR002513,S0009756,C0094,2026-09-16,206,154.5,2026-10-31
CR002514,S0009758,C0014,2026-09-16,93,0.0,2026-10-31
CR002515,S0009765,C0062,2026-09-16,60,0.0,2026-10-01
CR002516,S0009767,C0039,2026-09-16,186,186.0,2026-10-31
CR002517,S0009768,C0035,2026-09-16,150,37.5,2026-10-01
CR002518,S0009773,C0089,2026-09-16,260,260.0,2026-10-01
CR002519,S0009777,C0050,2026-09-16,133,99.75,2026-09-23
CR002520,S0009784,C0034,2026-09-16,126,31.5,2026-09-23
CR002521,S0009785,C0027,2026-09-16,18,18.0,2026-09-23
CR002522,S0009790,C0051,2026-09-16,60,30.0,2026-09-23
CR002523,S0009797,C0042,2026-09-17,580,290.0,2026-09-24
CR002524,S0009798,C0010,2026-09-17,930,0.0,2026-10-02
CR002525,S0009805,C0008,2026-09-17,300,300.0,2026-10-02
CR002526,S0009808,C0064,2026-09-17,360,270.0,2026-10-17
CR002527,S0009809,C0081,2026-09-17,90,22.5,2026-10-17
CR002528,S0009810,C0093,2026-09-17,104,0.0,2026-10-17
CR002529,S0009814,C0094,2026-09-17,306,0.0,2026-11-01
CR002530,S0009815,C0062,2026-09-17,36,36.0,2026-11-01
CR002531,S0009817,C0025,2026-09-17,1860,0.0,2026-10-02
CR002532,S0009818,C0015,2026-09-17,60,60.0,2026-09-24
CR002533,S0009821,C0060,2026-09-17,70,70.0,2026-10-02
CR002534,S0009826,C0061,2026-09-18,95,0.0,2026-10-03
CR002535,S0009827,C0023,2026-09-18,114,85.5,2026-09-25
CR002536,S0009833,C0088,2026-09-18,85,85.0,2026-10-03
CR002537,S0009834,C0070,2026-09-18,90,0.0,2026-09-25
CR002538,S0009839,C0064,2026-09-18,13,9.75,2026-10-03
CR002539,S0009847,C0023,2026-09-18,290,145.0,2026-11-02
CR002540,S0009852,C0076,2026-09-18,103,103.0,2026-11-02
CR002541,S0009853,C0030,2026-09-18,28,14.0,2026-11-02
CR002542,S0009859,C0028,2026-09-18,260,130.0,2026-11-02
CR002543,S0009860,C0028,2026-09-18,76,0.0,2026-11-02
CR002544,S0009861,C0051,2026-09-19,52,13.0,2026-11-03
CR002545,S0009865,C0047,2026-09-19,190,95.0,2026-10-19
CR002546,S0009868,C0018,2026-09-19,56,14.0,2026-10-19
CR002547,S0009870,C0080,2026-09-19,435,108.75,2026-10-19
CR002548,S0009872,C0082,2026-09-19,310,0.0,2026-10-04
CR002549,S0009876,C0079,2026-09-19,930,232.5,2026-09-26
CR002550,S0009880,C0090,2026-09-19,133,99.75,2026-10-19
CR002551,S0009887,C0017,2026-09-19,50,50.0,2026-10-19
CR002552,S0009894,C0026,2026-09-19,90,0.0,2026-10-19
CR002553,S0009899,C0014,2026-09-19,145,145.0,2026-09-26
CR002554,S0009900,C0049,2026-09-19,50,0.0,2026-10-04
CR002555,S0009905,C0034,2026-09-20,45,33.75,2026-10-05
CR002556,S0009909,C0013,2026-09-20,27,20.25,2026-10-20
CR002557,S0009910,C0019,2026-09-20,225,56.25,2026-10-05
CR002558,S0009914,C0079,2026-09-20,915,0.0,2026-09-27
CR002559,S0009915,C0091,2026-09-20,192,144.0,2026-10-05
CR002560,S0009936,C0076,2026-09-20,160,0.0,2026-10-05
CR002561,S0009937,C0070,2026-09-20,405,0.0,2026-09-27
CR002562,S0009945,C0025,2026-09-20,280,0.0,2026-10-20
CR002563,S0009948,C0019,2026-09-20,76,76.0,2026-09-27
CR002564,S0009954,C0091,2026-09-21,440,110.0,2026-10-21
CR002565,S0009958,C0060,2026-09-21,305,76.25,2026-09-28
CR002566,S0009961,C0074,2026-09-21,110,0.0,2026-10-06
CR002567,S0009965,C0067,2026-09-21,95,47.5,2026-10-21
CR002568,S0009967,C0047,2026-09-21,100,0.0,2026-11-05
CR002569,S0009969,C0060,2026-09-21,465,0.0,2026-11-05
CR002570,S0009976,C0018,2026-09-21,96,0.0,2026-11-05
CR002571,S0009983,C0078,2026-09-21,84,42.0,2026-10-21
CR002572,S0009986,C0043,2026-09-22,525,525.0,2026-09-29
CR002573,S0009992,C0060,2026-09-22,190,47.5,2026-09-29
CR002574,S0010002,C0088,2026-09-22,84,84.0,2026-10-22
CR002575,S0010003,C0021,2026-09-22,30,7.5,2026-11-06
CR002576,S0010005,C0080,2026-09-22,580,290.0,2026-10-07
CR002577,S0010011,C0045,2026-09-22,45,0.0,2026-11-06
CR002578,S0010020,C0004,2026-09-23,45,11.25,2026-10-08
CR002579,S0010030,C0064,2026-09-23,45,45.0,2026-10-23
CR002580,S0010035,C0059,2026-09-23,80,80.0,2026-10-08
CR002581,S0010044,C0032,2026-09-24,80,80.0,2026-11-08
CR002582,S0010049,C0077,2026-09-24,190,0.0,2026-10-09
CR002583,S0010054,C0021,2026-09-24,30,22.5,2026-10-24
CR002584,S0010060,C0084,2026-09-24,360,0.0,2026-11-08
CR002585,S0010064,C0070,2026-09-24,260,195.0,2026-10-24
CR002586,S0010069,C0054,2026-09-24,54,27.0,2026-10-09
CR002587,S0010072,C0002,2026-09-24,135,33.75,2026-10-09
CR002588,S0010073,C0003,2026-09-24,120,120.0,2026-10-01
CR002589,S0010075,C0047,2026-09-24,15,0.0,2026-10-09
CR002590,S0010076,C0071,2026-09-24,110,110.0,2026-10-24
CR002591,S0010077,C0061,2026-09-24,50,37.5,2026-10-09
CR002592,S0010080,C0062,2026-09-25,90,45.0,2026-11-09
CR002593,S0010082,C0019,2026-09-25,180,0.0,2026-10-10
CR002594,S0010085,C0019,2026-09-25,160,40.0,2026-10-10
CR002595,S0010086,C0010,2026-09-25,200,150.0,2026-10-25
CR002596,S0010088,C0026,2026-09-25,620,465.0,2026-10-02
CR002597,S0010089,C0067,2026-09-25,150,112.5,2026-10-25
CR002598,S0010090,C0050,2026-09-25,510,382.5,2026-10-25
CR002599,S0010092,C0087,2026-09-25,450,0.0,2026-11-09
CR002600,S0010094,C0019,2026-09-25,90,90.0,2026-10-25
CR002601,S0010102,C0067,2026-09-25,95,71.25,2026-10-02
CR002602,S0010103,C0016,2026-09-25,610,610.0,2026-10-25
CR002603,S0010104,C0066,2026-09-25,610,152.5,2026-11-09
CR002604,S0010106,C0006,2026-09-25,104,104.0,2026-10-25
CR002605,S0010109,C0029,2026-09-25,18,4.5,2026-11-09
CR002606,S0010110,C0048,2026-09-25,93,23.25,2026-10-25
CR002607,S0010119,C0073,2026-09-26,105,0.0,2026-10-11
CR002608,S0010123,C0047,2026-09-26,150,112.5,2026-10-03
CR002609,S0010125,C0010,2026-09-26,90,0.0,2026-10-26
CR002610,S0010126,C0039,2026-09-26,13,3.25,2026-10-11
CR002611,S0010133,C0031,2026-09-26,155,0.0,2026-11-10
CR002612,S0010134,C0030,2026-09-26,120,60.0,2026-10-26
CR002613,S0010135,C0097,2026-09-26,35,8.75,2026-10-26
CR002614,S0010136,C0099,2026-09-26,150,75.0,2026-10-03
CR002615,S0010137,C0015,2026-09-26,198,0.0,2026-11-10
CR002616,S0010141,C0039,2026-09-26,150,75.0,2026-10-26
CR002617,S0010148,C0080,2026-09-26,616,0.0,2026-10-03
CR002618,S0010150,C0019,2026-09-26,285,285.0,2026-10-26
CR002619,S0010154,C0053,2026-09-26,95,47.5,2026-11-10
CR002620,S0010157,C0046,2026-09-26,310,0.0,2026-10-11
CR002621,S0010159,C0085,2026-09-26,245,122.5,2026-11-10
CR002622,S0010162,C0019,2026-09-26,510,0.0,2026-10-26
CR002623,S0010163,C0045,2026-09-26,25,0.0,2026-10-11
CR002624,S0010166,C0008,2026-09-26,70,52.5,2026-10-03
CR002625,S0010178,C0086,2026-09-27,180,180.0,2026-10-27
CR002626,S0010179,C0067,2026-09-27,240,0.0,2026-11-11
CR002627,S0010180,C0068,2026-09-27,70,35.0,2026-10-04
CR002628,S0010182,C0034,2026-09-27,13,13.0,2026-11-11
CR002629,S0010187,C0024,2026-09-27,150,0.0,2026-10-27
CR002630,S0010195,C0071,2026-09-27,52,52.0,2026-11-11
CR002631,S0010201,C0017,2026-09-27,47,0.0,2026-10-12
CR002632,S0010203,C0013,2026-09-27,510,0.0,2026-11-11
CR002633,S0010204,C0002,2026-09-27,105,0.0,2026-10-27
CR002634,S0010219,C0091,2026-09-28,412,412.0,2026-11-12
CR002635,S0010226,C0088,2026-09-28,105,78.75,2026-10-13
CR002636,S0010229,C0056,2026-09-28,200,200.0,2026-10-05
CR002637,S0010231,C0096,2026-09-28,84,42.0,2026-10-28
CR002638,S0010232,C0018,2026-09-28,190,47.5,2026-11-12
CR002639,S0010234,C0019,2026-09-28,25,6.25,2026-10-13
CR002640,S0010236,C0065,2026-09-28,52,26.0,2026-10-28
CR002641,S0010241,C0048,2026-09-29,100,25.0,2026-10-14
CR002642,S0010242,C0017,2026-09-29,95,95.0,2026-10-14
CR002643,S0010246,C0046,2026-09-29,13,9.75,2026-11-13
CR002644,S0010247,C0017,2026-09-29,330,165.0,2026-10-29
CR002645,S0010249,C0045,2026-09-29,23,0.0,2026-10-29
CR002646,S0010254,C0058,2026-09-29,124,124.0,2026-10-06
CR002647,S0010257,C0075,2026-09-29,168,84.0,2026-11-13
CR002648,S0010259,C0083,2026-09-29,25,18.75,2026-10-06
CR002649,S0010263,C0056,2026-09-29,108,27.0,2026-10-29
CR002650,S0010267,C0060,2026-09-29,100,100.0,2026-11-13
CR002651,S0010268,C0085,2026-09-29,620,0.0,2026-10-29
CR002652,S0010276,C0065,2026-09-29,540,135.0,2026-11-13
CR002653,S0010277,C0098,2026-09-29,145,145.0,2026-11-13
CR002654,S0010285,C0084,2026-09-30,47,0.0,2026-11-14
CR002655,S0010286,C0066,2026-09-30,270,135.0,2026-10-30
CR002656,S0010287,C0054,2026-09-30,310,0.0,2026-10-15
