sale_id,sale_date,product_id,customer_id,quantity,discount_per_unit,sales_amount,payment_method
S0000001,2026-01-01,P003,C0009,3,2,459,CASH
S0000002,2026-01-01,P013,,2,0,70,CASH
S0000003,2026-01-01,P019,C0006,1,2,70,UPI
S0000004,2026-01-01,P014,C0075,1,5,40,CARD
S0000005,2026-01-01,P009,C0086,1,0,25,CARD
S0000006,2026-01-01,P008,C0051,4,0,380,CASH
S0000007,2026-01-01,P022,C0039,2,5,200,CREDIT
S0000008,2026-01-01,P011,,3,10,15,UPI
S0000009,2026-01-01,P001,C0080,1,0,310,UPI
S0000010,2026-01-01,P003,C0028,5,2,765,CARD
S0000011,2026-01-01,P005,,3,0,156,UPI
S0000012,2026-01-01,P008,C0037,1,0,95,CASH
S0000013,2026-01-01,P015,C0070,1,10,28,CARD
S0000014,2026-01-01,P020,C0084,1,10,40,UPI
S0000015,2026-01-01,P022,C0071,1,10,95,CARD
S0000016,2026-01-01,P022,,2,0,210,CASH
S0000017,2026-01-01,P009,,2,0,50,UPI
S0000018,2026-01-01,P024,C0020,1,2,30,CARD
S0000019,2026-01-01,P010,C0027,2,2,32,CARD
S0000020,2026-01-01,P007,C0082,1,5,105,CARD
S0000021,2026-01-01,P017,C0033,1,0,90,UPI
S0000022,2026-01-01,P003,C0055,1,5,150,CARD
S0000023,2026-01-01,P002,C0043,2,0,510,CASH
S0000024,2026-01-01,P021,C0021,3,0,90,CREDIT
S0000025,2026-01-01,P018,C0055,1,5,90,UPI
S0000026,2026-01-01,P004,,2,0,290,CASH
S0000027,2026-01-01,P018,,2,0,190,CARD
S0000028,2026-01-01,P019,C0019,1,2,70,CREDIT
S0000029,2026-01-01,P005,C0040,2,0,104,CARD
S0000030,2026-01-01,P002,C0027,1,0,255,CASH
S0000031,2026-01-01,P022,C0046,1,0,105,CREDIT
S0000032,2026-01-01,P020,C0020,5,5,225,CASH
S0000033,2026-01-01,P006,,5,10,75,CASH
S0000034,2026-01-02,P014,C0023,1,0,45,CARD
S0000035,2026-01-02,P014,C0086,2,10,70,CASH
S0000036,2026-01-02,P009,,2,0,50,UPI
S0000037,2026-01-02,P013,C0005,1,10,25,CREDIT
S0000038,2026-01-02,P008,,2,0,190,CREDIT
S0000039,2026-01-02,P012,,1,0,52,CASH
S0000040,2026-01-02,P008,C0085,4,0,380,CASH
S0000041,2026-01-02,P013,C0036,1,0,35,UPI
S0000042,2026-01-02,P009,C0083,2,0,50,CREDIT
S0000043,2026-01-02,P022,C0069,1,10,95,CARD
S0000044,2026-01-02,P001,,2,0,620,CARD
S0000045,2026-01-02,P006,C0034,2,2,46,UPI
S0000046,2026-01-02,P004,C0056,1,2,143,CARD
S0000047,2026-01-02,P024,C0041,5,10,110,CREDIT
S0000048,2026-01-02,P020,C0015,3,2,144,CREDIT
S0000049,2026-01-02,P019,C0033,5,0,360,UPI
S0000050,2026-01-02,P023,C0001,4,0,200,CASH
S0000051,2026-01-02,P012,C0009,2,0,104,CARD
S0000052,2026-01-02,P020,C0085,5,0,250,UPI
S0000053,2026-01-02,P024,C0065,1,0,32,CARD
S0000054,2026-01-02,P022,C0042,1,0,105,CREDIT
S0000055,2026-01-02,P023,C0071,1,0,50,CASH
S0000056,2026-01-02,P007,C0086,1,0,110,CREDIT
S0000057,2026-01-02,P022,,1,5,100,CASH
S0000058,2026-01-02,P020,C0039,1,2,48,CREDIT
S0000059,2026-01-02,P018,C0001,3,10,255,CARD
S0000060,2026-01-02,P010,C0056,1,0,18,CARD
S0000061,2026-01-02,P015,C0057,1,0,38,CASH
S0000062,2026-01-02,P017,,2,0,180,CASH
S0000063,2026-01-02,P022,C0037,1,0,105,CARD
S0000064,2026-01-02,P003,C0097,3,10,435,CASH
S0000065,2026-01-02,P022,C0029,1,0,105,CASH
S0000066,2026-01-02,P005,C0006,6,0,312,CASH
S0000067,2026-01-02,P016,,3,2,399,UPI
S0000068,2026-01-02,P015,,1,0,38,CASH
S0000069,2026-01-02,P023,C0050,1,5,45,CREDIT
S0000070,2026-01-02,P013,C0019,3,0,105,UPI
S0000071,2026-01-02,P004,C0055,3,10,405,CASH
S0000072,2026-01-02,P006,C0090,3,10,45,CREDIT
S0000073,2026-01-02,P002,C0032,3,2,759,UPI
S0000074,2026-01-02,P015,,1,0,38,CREDIT
S0000075,2026-01-03,P022,C0072,4,2,412,CARD
S0000076,2026-01-03,P015,,2,2,72,CREDIT
S0000077,2026-01-03,P018,,1,0,95,CASH
S0000078,2026-01-03,P024,C0061,1,10,22,CREDIT
S0000079,2026-01-03,P009,C0032,1,10,15,CARD
S0000080,2026-01-03,P017,C0081,1,0,90,CASH
S0000081,2026-01-03,P009,C0010,3,0,75,CARD
S0000082,2026-01-03,P008,C0043,2,0,190,CARD
S0000083,2026-01-03,P018,C0018,4,0,380,CASH
S0000084,2026-01-03,P008,C0089,2,0,190,CASH
S0000085,2026-01-03,P023,C0009,1,0,50,CREDIT
S0000086,2026-01-03,P014,C0070,3,0,135,CREDIT
S0000087,2026-01-03,P014,C0027,3,0,135,CREDIT
S0000088,2026-01-03,P013,C0075,2,10,50,UPI
S0000089,2026-01-03,P019,C0062,3,0,216,UPI
S0000090,2026-01-03,P012,C0097,2,0,104,CREDIT
S0000091,2026-01-03,P014,C0096,2,2,86,CASH
S0000092,2026-01-03,P016,C0035,2,0,270,CREDIT
S0000093,2026-01-03,P016,C0050,1,0,135,CARD
S0000094,2026-01-03,P022,,1,5,100,CREDIT
S0000095,2026-01-03,P024,,1,0,32,CREDIT
S0000096,2026-01-03,P005,C0069,2,2,100,UPI
S0000097,2026-01-03,P013,C0073,1,2,33,UPI
S0000098,2026-01-03,P003,C0055,2,5,300,CASH
S0000099,2026-01-03,P015,C0007,4,0,152,CARD
S0000100,2026-01-03,P013,C0028,1,0,35,CREDIT
S0000101,2026-01-03,P011,C0098,1,0,15,CREDIT
S0000102,2026-01-03,P009,,3,10,45,CREDIT
S0000103,2026-01-03,P009,C0011,1,10,15,CREDIT
S0000104,2026-01-03,P001,C0070,1,5,305,UPI
S0000105,2026-01-03,P012,C0084,1,0,52,UPI
S0000106,2026-01-03,P021,C0097,1,0,30,UPI
S0000107,2026-01-03,P008,,5,0,475,UPI
S0000108,2026-01-03,P020,C0031,3,0,150,CASH
S0000109,2026-01-03,P016,C0015,2,5,260,CASH
S0000110,2026-01-03,P015,C0033,4,5,132,CARD
S0000111,2026-01-04,P006,C0078,4,2,92,UPI
S0000112,2026-01-04,P006,C0014,2,0,50,UPI
S0000113,2026-01-04,P010,C0087,3,2,48,CREDIT
S0000114,2026-01-04,P013,C0026,4,5,120,UPI
S0000115,2026-01-04,P019,,1,5,67,CASH
S0000116,2026-01-04,P004,C0099,1,5,140,CARD
S0000117,2026-01-04,P022,,1,2,103,UPI
S0000118,2026-01-04,P019,C0006,2,10,124,CARD
S0000119,2026-01-04,P018,C0085,3,0,285,CARD
S0000120,2026-01-04,P003,C0083,4,2,612,CARD
S0000121,2026-01-04,P001,C0054,1,10,300,CREDIT
S0000122,2026-01-04,P004,C0047,2,0,290,CREDIT
S0000123,2026-01-04,P023,C0056,1,0,50,CASH
S0000124,2026-01-04,P024,C0084,1,2,30,CARD
S0000125,2026-01-04,P020,,1,10,40,CREDIT
S0000126,2026-01-04,P015,,1,0,38,CARD
S0000127,2026-01-04,P011,C0032,5,10,25,UPI
S0000128,2026-01-04,P009,C0032,1,0,25,CREDIT
S0000129,2026-01-04,P019,C0086,2,2,140,CREDIT
S0000130,2026-01-04,P011,C0064,3,0,45,CARD
S0000131,2026-01-04,P006,C0028,1,0,25,CARD
S0000132,2026-01-04,P009,C0036,6,0,150,CARD
S0000133,2026-01-04,P018,C0067,5,0,475,CASH
S0000134,2026-01-04,P003,C0093,1,0,155,CREDIT
S0000135,2026-01-04,P016,C0098,2,2,266,CASH
S0000136,2026-01-04,P023,C0083,1,0,50,CREDIT
S0000137,2026-01-04,P015,C0003,1,10,28,UPI
S0000138,2026-01-04,P010,C0052,1,0,18,CASH
S0000139,2026-01-04,P010,C0075,2,5,26,CARD
S0000140,2026-01-04,P016,C0068,2,2,266,CARD
S0000141,2026-01-04,P014,C0071,1,5,40,CARD
S0000142,2026-01-04,P012,C0059,1,5,47,CARD
S0000143,2026-01-04,P010,C0030,4,0,72,UPI
S0000144,2026-01-04,P024,C0041,1,0,32,UPI
S0000145,2026-01-04,P024,C0098,1,2,30,CASH
S0000146,2026-01-04,P007,C0095,2,0,220,CREDIT
S0000147,2026-01-04,P009,C0076,6,5,120,CARD
S0000148,2026-01-04,P004,C0025,1,10,135,CARD
S0000149,2026-01-04,P008,C0023,2,0,190,CARD
S0000150,2026-01-04,P001,C0069,3,5,915,CASH
S0000151,2026-01-04,P009,C0007,1,0,25,CARD
S0000152,2026-01-04,P023,C0082,3,0,150,CREDIT
S0000153,2026-01-04,P004,C0002,1,10,135,CARD
S0000154,2026-01-04,P016,C0057,2,0,270,CARD
S0000155,2026-01-04,P006,C0033,2,0,50,CREDIT
S0000156,2026-01-04,P004,C0009,2,10,270,CREDIT
S0000157,2026-01-04,P016,C0074,1,0,135,UPI
S0000158,2026-01-05,P005,,1,0,52,CARD
S0000159,2026-01-05,P003,C0016,1,0,155,CREDIT
S0000160,2026-01-05,P020,,2,2,96,CASH
S0000161,2026-01-05,P017,C0058,2,0,180,CREDIT
S0000162,2026-01-05,P010,C0076,1,10,8,CREDIT
S0000163,2026-01-05,P010,C0080,2,2,32,UPI
S0000164,2026-01-05,P020,C0013,1,5,45,CASH
S0000165,2026-01-05,P021,C0034,2,0,60,UPI
S0000166,2026-01-05,P006,C0023,1,0,25,UPI
S0000167,2026-01-05,P006,C0053,2,0,50,CREDIT
S0000168,2026-01-05,P023,C0061,1,2,48,CARD
S0000169,2026-01-05,P002,C0037,5,0,1275,CARD
S0000170,2026-01-05,P023,C0059,1,10,40,UPI
S0000171,2026-01-05,P022,,1,0,105,CARD
S0000172,2026-01-05,P021,C0085,1,2,28,CASH
S0000173,2026-01-05,P014,C0070,5,0,225,CASH
S0000174,2026-01-05,P021,,4,0,120,CARD
S0000175,2026-01-05,P005,C0008,1,0,52,CASH
S0000176,2026-01-05,P010,C0096,2,2,32,CARD
S0000177,2026-01-05,P015,C0060,3,0,114,CARD
S0000178,2026-01-05,P023,C0035,2,0,100,CREDIT
S0000179,2026-01-05,P015,C0077,2,0,76,UPI
S0000180,2026-01-05,P014,C0042,1,5,40,CARD
S0000181,2026-01-05,P001,C0030,1,0,310,UPI
S0000182,2026-01-05,P022,C0035,4,10,380,UPI
S0000183,2026-01-05,P006,C0067,4,0,100,CREDIT
S0000184,2026-01-05,P009,C0075,2,0,50,CREDIT
S0000185,2026-01-05,P021,C0063,1,10,20,UPI
S0000186,2026-01-05,P016,C0053,1,0,135,CARD
S0000187,2026-01-05,P011,C0014,3,5,30,CASH
S0000188,2026-01-05,P011,C0089,4,0,60,CREDIT
S0000189,2026-01-05,P010,C0052,4,5,52,UPI
S0000190,2026-01-05,P015,C0041,3,0,114,CARD
S0000191,2026-01-05,P011,C0099,2,0,30,CREDIT
S0000192,2026-01-05,P017,C0001,1,10,80,CREDIT
S0000193,2026-01-05,P014,C0025,1,0,45,CARD
S0000194,2026-01-05,P020,C0064,4,10,160,CREDIT
S0000195,2026-01-05,P002,C0035,2,0,510,CASH
S0000196,2026-01-05,P010,,1,0,18,CREDIT
S0000197,2026-01-05,P004,C0081,1,0,145,CASH
S0000198,2026-01-05,P023,C0040,2,0,100,UPI
S0000199,2026-01-05,P018,C0012,1,0,95,CASH
S0000200,2026-01-06,P004,C0016,2,0,290,CASH
S0000201,2026-01-06,P016,C0038,2,5,260,CARD
S0000202,2026-01-06,P014,C0062,1,10,35,CREDIT
S0000203,2026-01-06,P008,C0071,3,0,285,CASH
S0000204,2026-01-06,P013,,1,0,35,CASH
S0000205,2026-01-06,P003,C0099,1,0,155,CREDIT
S0000206,2026-01-06,P011,C0065,3,10,15,CARD
S0000207,2026-01-06,P001,C0093,2,0,620,CARD
S0000208,2026-01-06,P019,C0085,4,2,280,CREDIT
S0000209,2026-01-06,P005,C0069,2,0,104,CREDIT
S0000210,2026-01-06,P012,C0071,2,0,104,CREDIT
S0000211,2026-01-06,P015,,1,0,38,CASH
S0000212,2026-01-06,P023,C0074,1,0,50,CREDIT
S0000213,2026-01-06,P008,C0100,1,10,85,CREDIT
S0000214,2026-01-06,P002,C0096,1,0,255,CREDIT
S0000215,2026-01-06,P023,C0049,6,10,240,CREDIT
S0000216,2026-01-06,P022,,1,10,95,CASH
S0000217,2026-01-06,P016,C0017,4,0,540,CARD
S0000218,2026-01-06,P004,,2,10,270,CREDIT
S0000219,2026-01-06,P004,,3,2,429,CREDIT
S0000220,2026-01-06,P001,C0019,2,5,610,CREDIT
S0000221,2026-01-06,P021,C0010,2,0,60,CREDIT
S0000222,2026-01-06,P009,C0080,2,0,50,CREDIT
S0000223,2026-01-06,P021,,1,0,30,CARD
S0000224,2026-01-06,P022,C0069,3,10,285,CREDIT
S0000225,2026-01-06,P011,C0092,1,5,10,CREDIT
S0000226,2026-01-06,P018,C0080,1,0,95,UPI
S0000227,2026-01-06,P008,C0088,2,5,180,CARD
S0000228,2026-01-07,P008,C0012,5,5,450,CREDIT
S0000229,2026-01-07,P004,C0082,2,10,270,UPI
S0000230,2026-01-07,P015,C0089,5,0,190,CARD
S0000231,2026-01-07,P001,C0042,5,0,1550,UPI
S0000232,2026-01-07,P010,C0048,4,0,72,CREDIT
S0000233,2026-01-07,P005,C0068,1,0,52,CREDIT
S0000234,2026-01-07,P019,,1,5,67,CASH
S0000235,2026-01-07,P006,C0011,4,0,100,CREDIT
S0000236,2026-01-07,P020,C0031,1,5,45,CREDIT
S0000237,2026-01-07,P019,C0030,1,0,72,CREDIT
S0000238,2026-01-07,P021,C0059,2,0,60,CARD
S0000239,2026-01-07,P022,,5,0,525,CREDIT
S0000240,2026-01-07,P010,C0070,2,5,26,CASH
S0000241,2026-01-07,P003,C0045,2,0,310,CARD
S0000242,2026-01-07,P021,C0089,1,0,30,CARD
S0000243,2026-01-07,P015,C0039,2,10,56,CASH
S0000244,2026-01-07,P013,C0062,6,10,150,UPI
S0000245,2026-01-07,P008,C0074,1,0,95,CARD
S0000246,2026-01-07,P019,C0090,2,0,144,CARD
S0000247,2026-01-07,P001,C0085,4,10,1200,CREDIT
S0000248,2026-01-07,P009,C0073,3,0,75,UPI
S0000249,2026-01-07,P020,C0064,2,5,90,CARD
S0000250,2026-01-07,P008,,3,2,279,CARD
S0000251,2026-01-07,P008,C0025,1,5,90,CARD
S0000252,2026-01-07,P022,C0093,1,10,95,CASH
S0000253,2026-01-07,P021,,3,0,90,UPI
S0000254,2026-01-07,P010,C0057,3,10,24,UPI
S0000255,2026-01-07,P019,C0094,4,0,288,CASH
S0000256,2026-01-07,P003,C0042,4,0,620,CREDIT
S0000257,2026-01-07,P006,C0017,2,0,50,CARD
S0000258,2026-01-07,P017,,2,2,176,CARD
S0000259,2026-01-07,P006,,3,0,75,CREDIT
S0000260,2026-01-07,P010,,2,5,26,CARD
S0000261,2026-01-08,P004,C0010,4,0,580,CASH
S0000262,2026-01-08,P008,C0087,1,10,85,CREDIT
S0000263,2026-01-08,P018,C0012,1,0,95,CREDIT
S0000264,2026-01-08,P001,C0069,1,0,310,UPI
S0000265,2026-01-08,P015,C0087,2,0,76,CARD
S0000266,2026-01-08,P019,,1,0,72,CARD
S0000267,2026-01-08,P004,C0030,2,5,280,CREDIT
S0000268,2026-01-08,P001,,2,2,616,CARD
S0000269,2026-01-08,P020,C0083,1,0,50,UPI
S0000270,2026-01-08,P021,C0060,2,10,40,CARD
S0000271,2026-01-08,P021,C0015,1,0,30,CASH
S0000272,2026-01-08,P002,C0039,1,0,255,CREDIT
S0000273,2026-01-08,P004,C0031,3,0,435,CASH
S0000274,2026-01-08,P013,C0048,1,0,35,CREDIT
S0000275,2026-01-08,P019,C0094,1,5,67,CASH
S0000276,2026-01-08,P014,C0013,2,5,80,CREDIT
S0000277,2026-01-08,P020,C0036,3,0,150,UPI
S0000278,2026-01-08,P023,C0028,1,0,50,CREDIT
S0000279,2026-01-08,P015,,2,0,76,CARD
S0000280,2026-01-08,P004,C0048,1,5,140,CARD
S0000281,2026-01-08,P002,C0036,1,0,255,CASH
S0000282,2026-01-08,P004,,2,10,270,CREDIT
S0000283,2026-01-08,P003,C0028,2,5,300,UPI
S0000284,2026-01-08,P002,C0043,2,10,490,CASH
S0000285,2026-01-08,P005,C0073,3,10,126,CASH
S0000286,2026-01-08,P003,C0098,6,10,870,CASH
S0000287,2026-01-08,P019,,2,0,144,CASH
S0000288,2026-01-08,P011,C0019,1,10,5,UPI
S0000289,2026-01-08,P009,C0019,3,10,45,CASH
S0000290,2026-01-08,P018,,1,0,95,CASH
S0000291,2026-01-08,P004,,2,5,280,UPI
S0000292,2026-01-08,P005,C0046,1,0,52,CASH
S0000293,2026-01-08,P019,C0003,1,0,72,CASH
S0000294,2026-01-08,P009,C0017,5,0,125,CREDIT
S0000295,2026-01-08,P017,C0096,3,0,270,UPI
S0000296,2026-01-08,P016,C0100,2,0,270,CARD
S0000297,2026-01-08,P017,C0014,1,2,88,CREDIT
S0000298,2026-01-08,P017,C0079,1,0,90,UPI
S0000299,2026-01-08,P024,,1,10,22,CARD
S0000300,2026-01-09,P015,C0004,3,5,99,UPI
S0000301,2026-01-09,P016,C0052,2,10,250,CREDIT
S0000302,2026-01-09,P022,C0063,1,0,105,CREDIT
S0000303,2026-01-09,P003,C0042,5,0,775,CASH
S0000304,2026-01-09,P003,C0036,3,0,465,CARD
S0000305,2026-01-09,P013,C0068,2,2,66,CARD
S0000306,2026-01-09,P015,C0078,2,2,72,CREDIT
S0000307,2026-01-09,P004,C0090,1,10,135,UPI
S0000308,2026-01-09,P021,,1,5,25,CASH
S0000309,2026-01-09,P014,,1,0,45,CASH
S0000310,2026-01-09,P014,,3,0,135,CREDIT
S0000311,2026-01-09,P013,C0094,1,0,35,UPI
S0000312,2026-01-09,P011,C0041,1,0,15,CARD
S0000313,2026-01-09,P012,C0088,1,0,52,CREDIT
S0000314,2026-01-09,P003,,1,0,155,UPI
S0000315,2026-01-09,P003,C0013,4,0,620,CARD
S0000316,2026-01-09,P005,C0008,3,2,150,CARD
S0000317,2026-01-09,P022,C0053,2,0,210,CARD
S0000318,2026-01-09,P022,C0055,1,10,95,UPI
S0000319,2026-01-09,P010,C0040,2,2,32,CARD
S0000320,2026-01-09,P004,C0065,2,2,286,CASH
S0000321,2026-01-09,P005,C0062,1,5,47,CASH
S0000322,2026-01-09,P004,,2,0,290,CARD
S0000323,2026-01-09,P004,C0036,1,10,135,CASH
S0000324,2026-01-09,P014,C0072,2,10,70,UPI
S0000325,2026-01-09,P020,,2,5,90,CARD
S0000326,2026-01-09,P001,C0035,1,0,310,CARD
S0000327,2026-01-09,P011,C0001,1,0,15,CASH
S0000328,2026-01-09,P005,C0085,2,2,100,CREDIT
S0000329,2026-01-09,P003,C0095,2,0,310,UPI
S0000330,2026-01-10,P003,C0068,1,5,150,CASH
S0000331,2026-01-10,P013,C0059,1,0,35,CARD
S0000332,2026-01-10,P006,C0040,2,0,50,CARD
S0000333,2026-01-10,P019,C0011,1,2,70,UPI
S0000334,2026-01-10,P005,C0097,2,0,104,UPI
S0000335,2026-01-10,P022,C0035,5,0,525,CREDIT
S0000336,2026-01-10,P022,C0063,2,0,210,CREDIT
S0000337,2026-01-10,P014,C0028,1,0,45,UPI
S0000338,2026-01-10,P012,C0015,2,0,104,CARD
S0000339,2026-01-10,P022,C0076,2,5,200,CREDIT
S0000340,2026-01-10,P017,C0040,2,5,170,UPI
S0000341,2026-01-10,P008,C0077,5,0,475,UPI
S0000342,2026-01-10,P001,C0039,1,0,310,CASH
S0000343,2026-01-10,P005,C0033,5,10,210,CARD
S0000344,2026-01-10,P011,C0001,4,0,60,CREDIT
S0000345,2026-01-10,P024,C0023,1,0,32,CASH
S0000346,2026-01-10,P013,C0091,1,2,33,CASH
S0000347,2026-01-10,P017,,1,2,88,CARD
S0000348,2026-01-10,P003,,1,0,155,UPI
S0000349,2026-01-10,P014,C0059,1,0,45,UPI
S0000350,2026-01-10,P011,C0055,2,2,26,CREDIT
S0000351,2026-01-10,P023,C0054,1,5,45,CARD
S0000352,2026-01-10,P004,C0003,1,0,145,CARD
S0000353,2026-01-10,P006,C0080,4,10,60,CREDIT
S0000354,2026-01-10,P023,C0012,1,0,50,CREDIT
S0000355,2026-01-10,P004,C0056,3,0,435,CREDIT
S0000356,2026-01-10,P017,C0051,1,0,90,CARD
S0000357,2026-01-10,P024,C0029,1,0,32,CARD
S0000358,2026-01-10,P006,C0066,2,0,50,UPI
S0000359,2026-01-10,P017,C0025,2,2,176,CARD
S0000360,2026-01-10,P012,,4,5,188,CASH
S0000361,2026-01-10,P008,C0019,3,0,285,CARD
S0000362,2026-01-10,P007,C0078,3,0,330,CASH
S0000363,2026-01-10,P021,C0023,1,0,30,CREDIT
S0000364,2026-01-10,P015,C0073,1,10,28,CREDIT
S0000365,2026-01-10,P022,C0083,3,2,309,CARD
S0000366,2026-01-10,P021,C0020,3,0,90,CREDIT
S0000367,2026-01-10,P003,C0057,6,0,930,CARD
S0000368,2026-01-10,P009,C0008,1,2,23,CARD
S0000369,2026-01-10,P017,C0040,1,0,90,CREDIT
S0000370,2026-01-10,P015,C0008,3,0,114,CARD
S0000371,2026-01-10,P010,C0083,1,0,18,UPI
S0000372,2026-01-10,P020,C0065,5,2,240,CREDIT
S0000373,2026-01-10,P015,C0071,4,2,144,UPI
S0000374,2026-01-10,P015,C0074,2,10,56,CASH
S0000375,2026-01-10,P011,C0061,3,2,39,CASH
S0000376,2026-01-10,P002,C0014,3,0,765,CARD
S0000377,2026-01-10,P023,C0065,1,0,50,CASH
S0000378,2026-01-11,P002,C0091,3,0,765,CREDIT
S0000379,2026-01-11,P015,C0067,1,2,36,CASH
S0000380,2026-01-11,P012,,4,0,208,CARD
S0000381,2026-01-11,P013,C0100,1,0,35,CARD
S0000382,2026-01-11,P022,C0007,1,2,103,CARD
S0000383,2026-01-11,P003,C0013,4,0,620,CREDIT
S0000384,2026-01-11,P010,C0093,1,0,18,CASH
S0000385,2026-01-11,P011,C0075,1,0,15,CASH
S0000386,2026-01-11,P012,C0084,5,0,260,CREDIT
S0000387,2026-01-11,P005,C0091,5,2,250,UPI
S0000388,2026-01-11,P010,C0049,2,2,32,CARD
S0000389,2026-01-11,P005,C0090,2,5,94,UPI
S0000390,2026-01-11,P021,C0055,2,5,50,CARD
S0000391,2026-01-11,P001,C0040,1,0,310,CASH
S0000392,2026-01-11,P007,C0099,1,0,110,CREDIT
S0000393,2026-01-11,P007,C0018,2,0,220,CASH
S0000394,2026-01-11,P003,,3,0,465,UPI
S0000395,2026-01-11,P017,C0070,3,10,240,UPI
S0000396,2026-01-11,P022,,3,0,315,CASH
S0000397,2026-01-11,P020,C0020,1,0,50,CASH
S0000398,2026-01-11,P006,C0089,2,10,30,CASH
S0000399,2026-01-11,P024,C0006,1,0,32,CREDIT
S0000400,2026-01-11,P012,C0093,2,5,94,CASH
S0000401,2026-01-11,P015,C0037,2,2,72,CREDIT
S0000402,2026-01-11,P008,C0031,4,2,372,CARD
S0000403,2026-01-11,P016,C0025,1,10,125,CARD
S0000404,2026-01-11,P022,C0057,1,2,103,CREDIT
S0000405,2026-01-11,P010,C0049,1,10,8,CREDIT
S0000406,2026-01-11,P006,C0026,3,10,45,CASH
S0000407,2026-01-11,P009,C0083,2,0,50,CREDIT
S0000408,2026-01-11,P012,,1,2,50,UPI
S0000409,2026-01-11,P023,C0067,1,10,40,UPI
S0000410,2026-01-11,P010,C0098,3,0,54,CASH
S0000411,2026-01-11,P009,,1,0,25,CASH
S0000412,2026-01-11,P014,,3,0,135,CASH
S0000413,2026-01-11,P015,,3,0,114,UPI
S0000414,2026-01-11,P014,C0051,1,0,45,CARD
S0000415,2026-01-11,P008,C0011,1,0,95,CARD
S0000416,2026-01-11,P008,C0041,6,0,570,UPI
S0000417,2026-01-11,P023,C0043,1,5,45,CASH
S0000418,2026-01-11,P005,C0037,1,0,52,CREDIT
S0000419,2026-01-11,P023,C0018,3,10,120,CREDIT
S0000420,2026-01-11,P015,C0001,5,2,180,UPI
S0000421,2026-01-11,P001,C0028,6,0,1860,CASH
S0000422,2026-01-11,P018,C0078,3,5,270,CREDIT
S0000423,2026-01-11,P004,C0037,1,10,135,CASH
S0000424,2026-01-11,P010,C0007,1,0,18,CASH
S0000425,2026-01-11,P014,,3,5,120,CREDIT
S0000426,2026-01-11,P003,,2,0,310,CREDIT
S0000427,2026-01-11,P020,C0003,2,2,96,CASH
S0000428,2026-01-12,P023,C0038,2,0,100,CREDIT
S0000429,2026-01-12,P001,C0046,1,2,308,CASH
S0000430,2026-01-12,P019,C0024,2,0,144,UPI
S0000431,2026-01-12,P017,C0009,1,0,90,UPI
S0000432,2026-01-12,P013,C0061,1,10,25,UPI
S0000433,2026-01-12,P021,C0048,1,0,30,CARD
S0000434,2026-01-12,P024,C0046,2,0,64,UPI
S0000435,2026-01-12,P012,C0094,3,0,156,UPI
S0000436,2026-01-12,P019,C0097,2,5,134,CARD
S0000437,2026-01-12,P005,C0046,5,0,260,CARD
S0000438,2026-01-12,P021,,1,0,30,CREDIT
S0000439,2026-01-12,P023,C0081,1,0,50,CASH
S0000440,2026-01-12,P005,C0092,4,0,208,CREDIT
S0000441,2026-01-12,P002,C0026,1,0,255,UPI
S0000442,2026-01-12,P007,C0041,5,0,550,CARD
S0000443,2026-01-12,P017,,1,0,90,CREDIT
S0000444,2026-01-12,P009,C0097,5,0,125,CASH
S0000445,2026-01-12,P010,,1,0,18,UPI
S0000446,2026-01-12,P021,C0035,4,0,120,UPI
S0000447,2026-01-12,P012,,2,0,104,CREDIT
S0000448,2026-01-12,P024,,6,0,192,CREDIT
S0000449,2026-01-12,P011,C0064,1,0,15,CREDIT
S0000450,2026-01-12,P012,C0067,2,10,84,CARD
S0000451,2026-01-12,P003,C0055,5,5,750,UPI
S0000452,2026-01-12,P014,,2,2,86,CASH
S0000453,2026-01-12,P018,C0042,2,0,190,UPI
S0000454,2026-01-12,P003,C0085,2,0,310,CARD
S0000455,2026-01-12,P010,C0078,2,0,36,CREDIT
S0000456,2026-01-12,P006,C0057,2,5,40,CARD
S0000457,2026-01-12,P015,C0094,2,0,76,CARD
S0000458,2026-01-12,P020,C0036,4,0,200,UPI
S0000459,2026-01-12,P003,C0082,1,5,150,CREDIT
S0000460,2026-01-12,P012,,1,2,50,CASH
S0000461,2026-01-12,P001,,5,0,1550,CREDIT
S0000462,2026-01-12,P002,C0009,4,0,1020,CASH
S0000463,2026-01-12,P021,C0047,2,0,60,CREDIT
S0000464,2026-01-12,P019,C0078,2,0,144,CASH
S0000465,2026-01-12,P022,C0048,1,0,105,CARD
S0000466,2026-01-12,P015,C0010,1,10,28,CASH
S0000467,2026-01-12,P017,C0051,2,0,180,CARD
S0000468,2026-01-12,P021,C0032,1,0,30,UPI
S0000469,2026-01-12,P001,C0024,2,5,610,CREDIT
S0000470,2026-01-12,P017,,1,0,90,UPI
S0000471,2026-01-12,P009,C0034,6,10,90,CREDIT
S0000472,2026-01-13,P007,C0037,3,2,324,CREDIT
S0000473,2026-01-13,P007,C0018,2,0,220,UPI
S0000474,2026-01-13,P015,,1,0,38,CREDIT
S0000475,2026-01-13,P003,C0088,4,10,580,CARD
S0000476,2026-01-13,P022,C0091,3,0,315,UPI
S0000477,2026-01-13,P018,C0038,5,2,465,CARD
S0000478,2026-01-13,P006,C0091,3,5,60,CASH
S0000479,2026-01-13,P012,C0029,2,2,100,UPI
S0000480,2026-01-13,P007,C0018,1,10,100,CASH
S0000481,2026-01-13,P016,C0047,5,0,675,CARD
S0000482,2026-01-13,P015,C0071,4,10,112,CASH
S0000483,2026-01-13,P020,C0009,1,0,50,CARD
S0000484,2026-01-13,P013,C0093,1,5,30,CREDIT
S0000485,2026-01-13,P017,C0099,1,0,90,CREDIT
S0000486,2026-01-13,P019,C0017,3,0,216,CARD
S0000487,2026-01-13,P021,C0058,6,0,180,CREDIT
S0000488,2026-01-13,P022,C0045,1,2,103,CASH
S0000489,2026-01-13,P018,C0076,2,5,180,CASH
S0000490,2026-01-13,P005,C0065,1,0,52,UPI
S0000491,2026-01-13,P004,C0020,5,2,715,CARD
S0000492,2026-01-13,P006,C0042,4,0,100,CASH
S0000493,2026-01-13,P012,,3,2,150,CARD
S0000494,2026-01-13,P003,C0026,2,0,310,CARD
S0000495,2026-01-13,P005,C0039,1,5,47,UPI
S0000496,2026-01-13,P017,C0022,1,5,85,CASH
S0000497,2026-01-13,P006,C0080,1,5,20,CARD
S0000498,2026-01-13,P019,,4,0,288,UPI
S0000499,2026-01-13,P003,C0083,3,0,465,CARD
S0000500,2026-01-13,P021,C0099,6,0,180,CREDIT
S0000501,2026-01-13,P020,C0004,6,5,270,CREDIT
S0000502,2026-01-13,P021,C0038,2,2,56,CARD
S0000503,2026-01-13,P016,,3,0,405,CREDIT
S0000504,2026-01-13,P010,C0010,5,0,90,UPI
S0000505,2026-01-13,P006,C0054,4,0,100,CREDIT
S0000506,2026-01-13,P015,C0044,1,0,38,CASH
S0000507,2026-01-13,P011,C0092,2,10,10,CARD
S0000508,2026-01-14,P024,C0045,2,10,44,CREDIT
S0000509,2026-01-14,P005,C0048,2,10,84,UPI
S0000510,2026-01-14,P011,C0060,1,0,15,UPI
S0000511,2026-01-14,P009,C0032,1,0,25,CASH
S0000512,2026-01-14,P004,C0038,2,0,290,CREDIT
S0000513,2026-01-14,P020,C0032,2,0,100,CASH
S0000514,2026-01-14,P011,C0093,3,2,39,CARD
S0000515,2026-01-14,P007,C0021,2,10,200,CREDIT
S0000516,2026-01-14,P017,C0064,4,0,360,CARD
S0000517,2026-01-14,P016,C0012,2,0,270,CREDIT
S0000518,2026-01-14,P017,C0031,2,0,180,CASH
S0000519,2026-01-14,P019,C0007,4,0,288,UPI
S0000520,2026-01-14,P010,C0077,1,0,18,CREDIT
S0000521,2026-01-14,P010,C0002,1,2,16,UPI
S0000522,2026-01-14,P014,,1,0,45,CARD
S0000523,2026-01-14,P024,C0098,3,0,96,CREDIT
S0000524,2026-01-14,P012,C0052,2,0,104,UPI
S0000525,2026-01-14,P019,C0025,3,2,210,CARD
S0000526,2026-01-14,P018,C0010,1,0,95,CREDIT
S0000527,2026-01-14,P017,C0098,1,0,90,CARD
S0000528,2026-01-14,P020,C0079,1,5,45,UPI
S0000529,2026-01-14,P005,C0051,1,0,52,CARD
S0000530,2026-01-14,P011,C0047,2,2,26,CASH
S0000531,2026-01-14,P007,C0066,1,2,108,CREDIT
S0000532,2026-01-14,P017,C0006,2,0,180,UPI
S0000533,2026-01-14,P005,C0043,4,5,188,CREDIT
S0000534,2026-01-14,P017,C0020,1,0,90,CASH
S0000535,2026-01-14,P011,C0041,2,2,26,CASH
S0000536,2026-01-14,P013,C0095,3,2,99,CARD
S0000537,2026-01-14,P019,C0065,1,0,72,CREDIT
S0000538,2026-01-14,P023,C0039,2,2,96,CREDIT
S0000539,2026-01-14,P001,C0043,4,0,1240,UPI
S0000540,2026-01-14,P014,C0040,5,2,215,UPI
S0000541,2026-01-14,P020,C0034,1,0,50,CASH
S0000542,2026-01-14,P024,C0075,5,0,160,CREDIT
S0000543,2026-01-14,P006,C0081,2,2,46,CREDIT
S0000544,2026-01-14,P005,C0088,1,10,42,CASH
S0000545,2026-01-15,P002,C0090,2,2,506,UPI
S0000546,2026-01-15,P007,C0057,1,0,110,CARD
S0000547,2026-01-15,P014,C0053,1,0,45,CASH
S0000548,2026-01-15,P014,C0100,1,2,43,CREDIT
S0000549,2026-01-15,P024,C0008,1,5,27,CASH
S0000550,2026-01-15,P017,C0072,1,0,90,CARD
S0000551,2026-01-15,P022,C0068,1,0,105,CREDIT
S0000552,2026-01-15,P011,C0059,2,0,30,CARD
S0000553,2026-01-15,P018,C0087,1,0,95,CARD
S0000554,2026-01-15,P020,C0025,1,0,50,CASH
S0000555,2026-01-15,P009,C0039,4,2,92,CASH
S0000556,2026-01-15,P010,C0037,2,10,16,CASH
S0000557,2026-01-15,P023,C0063,2,5,90,CARD
S0000558,2026-01-15,P016,C0072,1,0,135,CARD
S0000559,2026-01-15,P010,C0074,1,0,18,CREDIT
S0000560,2026-01-15,P013,C0045,1,10,25,CASH
S0000561,2026-01-15,P010,C0037,1,0,18,UPI
S0000562,2026-01-15,P012,C0084,1,0,52,CARD
S0000563,2026-01-15,P024,C0028,1,0,32,CASH
S0000564,2026-01-15,P018,,1,0,95,CARD
S0000565,2026-01-15,P005,C0079,1,0,52,CASH
S0000566,2026-01-15,P008,C0086,2,0,190,CASH
S0000567,2026-01-15,P021,C0007,1,0,30,UPI
S0000568,2026-01-15,P014,C0092,1,0,45,CREDIT
S0000569,2026-01-15,P004,C0099,2,5,280,CASH
S0000570,2026-01-15,P001,,2,2,616,CASH
S0000571,2026-01-15,P014,,1,5,40,CREDIT
S0000572,2026-01-15,P016,C0026,3,5,390,CARD
S0000573,2026-01-15,P011,C0083,2,0,30,UPI
S0000574,2026-01-15,P003,C0074,1,5,150,CASH
S0000575,2026-01-15,P018,C0093,4,5,360,UPI
S0000576,2026-01-15,P006,,5,0,125,CASH
S0000577,2026-01-15,P002,C0051,1,10,245,CREDIT
S0000578,2026-01-15,P006,,1,5,20,CARD
S0000579,2026-01-15,P002,C0039,3,0,765,UPI
S0000580,2026-01-16,P011,C0059,1,0,15,CREDIT
S0000581,2026-01-16,P005,C0065,1,10,42,CREDIT
S0000582,2026-01-16,P009,,2,0,50,UPI
S0000583,2026-01-16,P011,C0094,2,0,30,CREDIT
S0000584,2026-01-16,P021,C0092,1,0,30,CASH
S0000585,2026-01-16,P001,C0044,2,5,610,CARD
S0000586,2026-01-16,P019,C0097,3,5,201,CASH
S0000587,2026-01-16,P006,,1,2,23,CREDIT
S0000588,2026-01-16,P014,C0042,1,2,43,UPI
S0000589,2026-01-16,P013,C0013,3,5,90,CASH
S0000590,2026-01-16,P005,C0042,4,0,208,CASH
S0000591,2026-01-16,P001,C0050,2,0,620,CASH
S0000592,2026-01-16,P015,C0035,2,10,56,CARD
S0000593,2026-01-16,P010,C0093,1,2,16,UPI
S0000594,2026-01-16,P009,C0047,2,5,40,CASH
S0000595,2026-01-16,P002,C0016,2,5,500,CREDIT
S0000596,2026-01-16,P010,C0052,1,0,18,CARD
S0000597,2026-01-16,P023,C0082,1,0,50,CARD
S0000598,2026-01-16,P012,C0029,1,2,50,CASH
S0000599,2026-01-16,P005,C0020,1,0,52,CREDIT
S0000600,2026-01-16,P024,C0048,1,2,30,CREDIT
S0000601,2026-01-16,P023,,1,2,48,CREDIT
S0000602,2026-01-16,P018,C0086,1,10,85,CASH
S0000603,2026-01-16,P008,C0097,1,5,90,UPI
S0000604,2026-01-16,P017,C0068,4,0,360,CARD
S0000605,2026-01-16,P003,C0015,2,2,306,UPI
S0000606,2026-01-16,P018,C0026,2,2,186,CASH
S0000607,2026-01-16,P006,,3,0,75,CREDIT
S0000608,2026-01-16,P004,C0027,2,5,280,CREDIT
S0000609,2026-01-16,P003,C0058,1,2,153,UPI
S0000610,2026-01-16,P015,C0066,2,0,76,CREDIT
S0000611,2026-01-16,P015,C0008,2,2,72,CREDIT
S0000612,2026-01-16,P022,C0040,3,10,285,UPI
S0000613,2026-01-16,P013,,2,0,70,UPI
S0000614,2026-01-16,P024,C0075,1,0,32,UPI
S0000615,2026-01-16,P002,C0045,1,0,255,UPI
S0000616,2026-01-16,P018,,1,0,95,UPI
S0000617,2026-01-16,P016,C0037,2,0,270,CREDIT
S0000618,2026-01-16,P006,C0018,2,10,30,CREDIT
S0000619,2026-01-16,P012,C0058,1,0,52,CREDIT
S0000620,2026-01-17,P013,C0088,1,0,35,CASH
S0000621,2026-01-17,P021,C0045,1,10,20,UPI
S0000622,2026-01-17,P006,C0051,1,2,23,CASH
S0000623,2026-01-17,P024,,1,0,32,UPI
S0000624,2026-01-17,P001,C0060,1,0,310,CREDIT
S0000625,2026-01-17,P018,,1,0,95,CASH
S0000626,2026-01-17,P008,C0045,4,0,380,CASH
S0000627,2026-01-17,P009,,1,0,25,UPI
S0000628,2026-01-17,P002,C0085,2,10,490,CREDIT
S0000629,2026-01-17,P020,,1,10,40,UPI
S0000630,2026-01-17,P008,C0009,6,0,570,UPI
S0000631,2026-01-17,P020,C0058,1,0,50,UPI
S0000632,2026-01-17,P008,C0006,1,5,90,CREDIT
S0000633,2026-01-17,P015,C0070,5,0,190,CASH
S0000634,2026-01-17,P002,C0065,4,0,1020,CARD
S0000635,2026-01-17,P008,,3,10,255,CARD
S0000636,2026-01-17,P019,C0099,1,2,70,CARD
S0000637,2026-01-17,P008,,1,0,95,CASH
S0000638,2026-01-17,P022,C0029,2,2,206,CREDIT
S0000639,2026-01-17,P010,C0008,5,0,90,CASH
S0000640,2026-01-17,P021,C0055,2,5,50,CREDIT
S0000641,2026-01-17,P002,C0083,2,0,510,CREDIT
S0000642,2026-01-17,P017,C0090,1,0,90,CREDIT
S0000643,2026-01-17,P014,C0039,3,0,135,CREDIT
S0000644,2026-01-17,P006,C0069,1,10,15,CREDIT
S0000645,2026-01-17,P008,C0029,1,10,85,CARD
S0000646,2026-01-17,P023,,2,0,100,CREDIT
S0000647,2026-01-17,P002,C0053,2,2,506,CREDIT
S0000648,2026-01-17,P018,C0018,1,2,93,CREDIT
S0000649,2026-01-17,P008,C0027,1,0,95,CARD
S0000650,2026-01-17,P021,,2,0,60,CREDIT
S0000651,2026-01-17,P012,C0069,1,0,52,CASH
S0000652,2026-01-17,P002,C0049,2,0,510,UPI
S0000653,2026-01-17,P003,,1,0,155,CASH
S0000654,2026-01-18,P016,,1,0,135,CARD
S0000655,2026-01-18,P010,C0028,1,0,18,CASH
S0000656,2026-01-18,P024,C0096,1,0,32,CREDIT
S0000657,2026-01-18,P008,C0078,1,5,90,CASH
S0000658,2026-01-18,P013,C0071,6,0,210,CARD
S0000659,2026-01-18,P010,C0060,1,0,18,CARD
S0000660,2026-01-18,P010,C0047,3,0,54,CREDIT
S0000661,2026-01-18,P015,,1,0,38,CREDIT
S0000662,2026-01-18,P011,C0048,2,0,30,CARD
S0000663,2026-01-18,P014,C0073,3,0,135,CASH
S0000664,2026-01-18,P024,C0003,2,0,64,CARD
S0000665,2026-01-18,P018,C0075,2,2,186,CREDIT
S0000666,2026-01-18,P010,C0026,1,0,18,CARD
S0000667,2026-01-18,P008,C0073,1,0,95,CASH
S0000668,2026-01-18,P016,C0084,5,2,665,CARD
S0000669,2026-01-18,P009,,3,10,45,CREDIT
S0000670,2026-01-18,P024,C0095,5,5,135,CREDIT
S0000671,2026-01-18,P015,C0094,1,0,38,CARD
S0000672,2026-01-18,P006,C0093,3,0,75,CREDIT
S0000673,2026-01-18,P006,C0083,5,2,115,UPI
S0000674,2026-01-18,P017,,1,0,90,UPI
S0000675,2026-01-18,P022,C0098,1,0,105,UPI
S0000676,2026-01-18,P014,,3,0,135,CASH
S0000677,2026-01-18,P003,C0020,2,5,300,UPI
S0000678,2026-01-18,P007,C0059,4,2,432,CARD
S0000679,2026-01-18,P002,C0082,1,2,253,CREDIT
S0000680,2026-01-18,P022,C0003,3,0,315,UPI
S0000681,2026-01-18,P018,C0053,1,2,93,UPI
S0000682,2026-01-18,P001,C0093,1,2,308,CARD
S0000683,2026-01-18,P018,C0003,1,0,95,CREDIT
S0000684,2026-01-18,P006,,3,0,75,UPI
S0000685,2026-01-18,P017,C0031,2,0,180,CASH
S0000686,2026-01-18,P020,C0033,2,2,96,CARD
S0000687,2026-01-18,P009,C0051,1,10,15,UPI
S0000688,2026-01-18,P012,C0059,4,0,208,CASH
S0000689,2026-01-18,P023,C0039,1,0,50,UPI
S0000690,2026-01-18,P021,C0084,3,10,60,UPI
S0000691,2026-01-18,P003,C0049,2,0,310,CREDIT
S0000692,2026-01-18,P018,C0008,1,0,95,UPI
S0000693,2026-01-18,P023,C0011,2,0,100,CREDIT
S0000694,2026-01-19,P014,,2,5,80,CARD
S0000695,2026-01-19,P019,C0013,1,10,62,UPI
S0000696,2026-01-19,P008,,4,0,380,CREDIT
S0000697,2026-01-19,P009,,1,0,25,UPI
S0000698,2026-01-19,P022,,2,0,210,UPI
S0000699,2026-01-19,P006,C0041,4,10,60,UPI
S0000700,2026-01-19,P007,C0019,2,2,216,CREDIT
S0000701,2026-01-19,P003,C0021,1,0,155,CASH
S0000702,2026-01-19,P019,,5,10,310,CREDIT
S0000703,2026-01-19,P022,C0043,2,2,206,CREDIT
S0000704,2026-01-19,P024,,1,0,32,UPI
S0000705,2026-01-19,P017,C0045,1,5,85,UPI
S0000706,2026-01-19,P004,C0030,3,0,435,UPI
S0000707,2026-01-19,P011,C0099,2,2,26,CREDIT
S0000708,2026-01-19,P011,C0082,2,0,30,CARD
S0000709,2026-01-19,P015,C0030,4,0,152,CARD
S0000710,2026-01-19,P018,C0056,3,0,285,CASH
S0000711,2026-01-19,P022,C0085,1,2,103,CREDIT
S0000712,2026-01-19,P003,C0080,1,10,145,CARD
S0000713,2026-01-19,P008,C0010,1,5,90,UPI
S0000714,2026-01-19,P009,C0049,3,0,75,CASH
S0000715,2026-01-19,P024,C0041,1,0,32,CARD
S0000716,2026-01-19,P004,C0001,2,0,290,CARD
S0000717,2026-01-19,P015,C0098,3,0,114,CARD
S0000718,2026-01-19,P004,C0012,4,0,580,CASH
S0000719,2026-01-19,P014,C0072,1,0,45,CREDIT
S0000720,2026-01-19,P004,C0012,3,0,435,CARD
S0000721,2026-01-19,P018,C0077,1,0,95,CARD
S0000722,2026-01-19,P013,C0038,4,0,140,CREDIT
S0000723,2026-01-19,P013,C0011,1,10,25,CASH
S0000724,2026-01-19,P019,C0022,1,2,70,CREDIT
S0000725,2026-01-20,P006,C0035,1,0,25,CARD
S0000726,2026-01-20,P009,C0019,3,0,75,UPI
S0000727,2026-01-20,P006,C0036,3,0,75,CREDIT
S0000728,2026-01-20,P010,,2,0,36,UPI
S0000729,2026-01-20,P012,C0032,2,0,104,CREDIT
S0000730,2026-01-20,P020,C0026,2,2,96,CREDIT
S0000731,2026-01-20,P004,C0039,1,0,145,UPI
S0000732,2026-01-20,P013,,1,0,35,CREDIT
S0000733,2026-01-20,P011,C0043,1,0,15,CREDIT
S0000734,2026-01-20,P021,C0018,4,2,112,CARD
S0000735,2026-01-20,P011,C0089,2,2,26,CASH
S0000736,2026-01-20,P016,C0023,1,0,135,CREDIT
S0000737,2026-01-20,P011,C0095,2,0,30,CREDIT
S0000738,2026-01-20,P019,C0032,5,10,310,CARD
S0000739,2026-01-20,P013,,1,0,35,CREDIT
S0000740,2026-01-20,P012,,2,0,104,CASH
S0000741,2026-01-20,P019,C0024,2,2,140,UPI
S0000742,2026-01-20,P024,C0091,2,0,64,CASH
S0000743,2026-01-20,P015,C0038,1,10,28,UPI
S0000744,2026-01-20,P014,C0064,4,5,160,CASH
S0000745,2026-01-20,P021,C0031,5,0,150,CARD
S0000746,2026-01-20,P022,C0092,2,0,210,CREDIT
S0000747,2026-01-20,P013,C0058,2,0,70,CREDIT
S0000748,2026-01-20,P019,C0069,5,0,360,CREDIT
S0000749,2026-01-20,P018,,3,0,285,CARD
S0000750,2026-01-20,P023,C0069,1,10,40,UPI
S0000751,2026-01-20,P004,C0032,2,10,270,CARD
S0000752,2026-01-20,P006,C0079,2,5,40,UPI
S0000753,2026-01-20,P019,C0087,2,5,134,CREDIT
S0000754,2026-01-20,P011,C0056,3,10,15,UPI
S0000755,2026-01-20,P001,C0034,5,0,1550,CASH
S0000756,2026-01-20,P017,C0067,5,5,425,CASH
S0000757,2026-01-20,P015,C0051,2,0,76,CREDIT
S0000758,2026-01-20,P022,C0089,1,2,103,CASH
S0000759,2026-01-20,P012,C0062,6,0,312,UPI
S0000760,2026-01-20,P010,,3,0,54,UPI
S0000761,2026-01-20,P004,C0094,1,10,135,CASH
S0000762,2026-01-20,P012,C0044,5,0,260,CREDIT
S0000763,2026-01-20,P007,C0062,4,2,432,CARD
S0000764,2026-01-20,P016,C0057,2,0,270,CREDIT
S0000765,2026-01-20,P011,C0039,2,0,30,UPI
S0000766,2026-01-21,P023,C0003,1,0,50,CARD
S0000767,2026-01-21,P021,C0087,3,0,90,CASH
S0000768,2026-01-21,P024,C0067,1,0,32,CASH
S0000769,2026-01-21,P018,C0043,1,0,95,CREDIT
S0000770,2026-01-21,P015,,1,0,38,CREDIT
S0000771,2026-01-21,P021,C0024,2,0,60,CREDIT
S0000772,2026-01-21,P013,C0095,4,0,140,CASH
S0000773,2026-01-21,P015,C0055,1,2,36,CREDIT
S0000774,2026-01-21,P001,C0028,1,5,305,CASH
S0000775,2026-01-21,P009,C0091,3,10,45,UPI
S0000776,2026-01-21,P019,,2,0,144,CASH
S0000777,2026-01-21,P012,C0026,1,0,52,CREDIT
S0000778,2026-01-21,P004,C0086,2,0,290,CREDIT
S0000779,2026-01-21,P017,C0041,1,5,85,CREDIT
S0000780,2026-01-21,P020,C0076,1,0,50,UPI
S0000781,2026-01-21,P012,,2,0,104,CREDIT
S0000782,2026-01-21,P020,,1,0,50,CARD
S0000783,2026-01-21,P020,C0011,4,2,192,CASH
S0000784,2026-01-21,P011,C0031,1,0,15,CARD
S0000785,2026-01-21,P004,C0048,2,0,290,CASH
S0000786,2026-01-21,P017,C0054,2,0,180,CASH
S0000787,2026-01-21,P019,C0055,1,0,72,CASH
S0000788,2026-01-21,P016,C0069,2,5,260,CASH
S0000789,2026-01-21,P018,C0063,1,0,95,CARD
S0000790,2026-01-21,P005,C0041,5,0,260,CREDIT
S0000791,2026-01-21,P020,,1,0,50,CARD
S0000792,2026-01-21,P001,C0018,1,0,310,CASH
S0000793,2026-01-21,P013,C0065,1,2,33,CREDIT
S0000794,2026-01-21,P014,C0063,6,5,240,CREDIT
S0000795,2026-01-21,P023,C0057,2,10,80,CREDIT
S0000796,2026-01-21,P006,C0073,2,0,50,UPI
S0000797,2026-01-21,P008,C0005,1,0,95,CARD
S0000798,2026-01-21,P008,C0037,3,2,279,CASH
S0000799,2026-01-22,P015,C0096,1,2,36,CREDIT
S0000800,2026-01-22,P018,C0015,2,2,186,UPI
S0000801,2026-01-22,P009,C0070,2,10,30,CARD
S0000802,2026-01-22,P018,C0097,1,10,85,UPI
S0000803,2026-01-22,P024,C0070,3,0,96,CASH
S0000804,2026-01-22,P014,C0095,2,0,90,CASH
S0000805,2026-01-22,P010,C0005,2,10,16,CREDIT
S0000806,2026-01-22,P009,,2,0,50,UPI
S0000807,2026-01-22,P015,C0016,1,10,28,CASH
S0000808,2026-01-22,P007,C0095,2,10,200,CARD
S0000809,2026-01-22,P023,C0081,1,2,48,CREDIT
S0000810,2026-01-22,P006,C0018,1,2,23,CASH
S0000811,2026-01-22,P007,C0008,4,10,400,CARD
S0000812,2026-01-22,P018,C0077,5,0,475,CASH
S0000813,2026-01-22,P011,C0038,1,5,10,CARD
S0000814,2026-01-22,P019,,1,0,72,UPI
S0000815,2026-01-22,P005,,2,10,84,CREDIT
S0000816,2026-01-22,P002,,1,0,255,CASH
S0000817,2026-01-22,P023,C0017,1,10,40,CASH
S0000818,2026-01-22,P005,C0042,1,5,47,CASH
S0000819,2026-01-22,P022,C0063,3,0,315,CASH
S0000820,2026-01-22,P019,C0035,2,5,134,CREDIT
S0000821,2026-01-22,P013,C0010,1,0,35,UPI
S0000822,2026-01-22,P013,C0096,1,2,33,CARD
S0000823,2026-01-22,P023,C0059,1,0,50,CREDIT
S0000824,2026-01-22,P011,C0001,2,2,26,UPI
S0000825,2026-01-22,P024,C0082,1,0,32,CARD
S0000826,2026-01-22,P003,C0069,1,10,145,CREDIT
S0000827,2026-01-22,P007,,3,0,330,CASH
S0000828,2026-01-23,P016,C0042,1,0,135,CARD
S0000829,2026-01-23,P011,C0074,1,2,13,CASH
S0000830,2026-01-23,P019,C0063,1,10,62,CARD
S0000831,2026-01-23,P022,C0007,3,10,285,UPI
S0000832,2026-01-23,P004,,4,5,560,CREDIT
S0000833,2026-01-23,P001,,3,0,930,CASH
S0000834,2026-01-23,P015,C0001,1,0,38,CREDIT
S0000835,2026-01-23,P007,,2,5,210,CASH
S0000836,2026-01-23,P021,C0021,1,0,30,CARD
S0000837,2026-01-23,P003,C0047,1,5,150,CARD
S0000838,2026-01-23,P003,C0086,4,0,620,CASH
S0000839,2026-01-23,P002,C0081,1,0,255,CARD
S0000840,2026-01-23,P024,C0097,1,5,27,CASH
S0000841,2026-01-23,P014,C0012,1,5,40,UPI
S0000842,2026-01-23,P001,C0062,1,0,310,UPI
S0000843,2026-01-23,P005,C0029,1,2,50,CREDIT
S0000844,2026-01-23,P001,C0090,2,0,620,CARD
S0000845,2026-01-23,P004,C0055,2,10,270,CASH
S0000846,2026-01-23,P016,C0030,4,0,540,CREDIT
S0000847,2026-01-23,P003,,3,5,450,UPI
S0000848,2026-01-23,P004,C0048,1,0,145,CARD
S0000849,2026-01-23,P005,C0100,1,0,52,CASH
S0000850,2026-01-23,P021,C0019,1,5,25,UPI
S0000851,2026-01-23,P017,C0002,2,2,176,CASH
S0000852,2026-01-23,P015,C0093,1,0,38,CASH
S0000853,2026-01-23,P021,C0020,2,5,50,CREDIT
S0000854,2026-01-23,P020,C0057,1,5,45,CASH
S0000855,2026-01-23,P003,C0018,2,0,310,UPI
S0000856,2026-01-23,P019,C0050,2,5,134,CARD
S0000857,2026-01-24,P014,,4,0,180,CASH
S0000858,2026-01-24,P008,C0083,2,0,190,UPI
S0000859,2026-01-24,P008,C0077,4,2,372,CARD
S0000860,2026-01-24,P023,,3,0,150,CARD
S0000861,2026-01-24,P007,C0078,2,2,216,CASH
S0000862,2026-01-24,P024,C0038,1,0,32,UPI
S0000863,2026-01-24,P008,C0050,1,0,95,UPI
S0000864,2026-01-24,P008,C0082,2,0,190,UPI
S0000865,2026-01-24,P017,C0047,2,0,180,CARD
S0000866,2026-01-24,P005,,1,0,52,CREDIT
S0000867,2026-01-24,P012,C0088,1,2,50,CASH
S0000868,2026-01-24,P016,C0010,3,10,375,UPI
S0000869,2026-01-24,P019,C0002,6,0,432,CARD
S0000870,2026-01-24,P007,,2,0,220,UPI
S0000871,2026-01-24,P013,C0037,1,2,33,CREDIT
S0000872,2026-01-24,P014,C0052,1,5,40,UPI
S0000873,2026-01-24,P021,C0069,1,2,28,CASH
S0000874,2026-01-24,P009,C0040,4,0,100,UPI
S0000875,2026-01-24,P017,,1,0,90,CASH
S0000876,2026-01-24,P018,C0051,2,0,190,UPI
S0000877,2026-01-24,P010,C0056,1,5,13,CASH
S0000878,2026-01-24,P002,C0012,2,0,510,CREDIT
S0000879,2026-01-24,P004,C0079,2,0,290,UPI
S0000880,2026-01-24,P010,C0095,3,5,39,CASH
S0000881,2026-01-24,P004,C0091,1,0,145,CASH
S0000882,2026-01-24,P023,C0021,1,0,50,CREDIT
S0000883,2026-01-24,P012,C0067,1,2,50,CARD
S0000884,2026-01-24,P006,C0017,4,0,100,CARD
S0000885,2026-01-24,P024,C0099,4,0,128,UPI
S0000886,2026-01-24,P011,C0055,2,10,10,CARD
S0000887,2026-01-24,P017,C0034,2,0,180,UPI
S0000888,2026-01-24,P016,C0066,2,0,270,CARD
S0000889,2026-01-24,P002,,1,0,255,CASH
S0000890,2026-01-24,P012,C0033,4,0,208,UPI
S0000891,2026-01-24,P019,C0093,1,5,67,UPI
S0000892,2026-01-24,P008,C0066,1,5,90,UPI
S0000893,2026-01-24,P002,,2,10,490,UPI
S0000894,2026-01-24,P008,C0061,1,0,95,CARD
S0000895,2026-01-24,P013,C0023,1,0,35,UPI
S0000896,2026-01-24,P018,,3,10,255,CREDIT
S0000897,2026-01-24,P008,C0032,1,0,95,CREDIT
S0000898,2026-01-24,P024,C0035,2,0,64,UPI
S0000899,2026-01-24,P019,C0016,1,0,72,UPI
S0000900,2026-01-24,P006,,1,0,25,UPI
S0000901,2026-01-24,P013,,1,0,35,CREDIT
S0000902,2026-01-24,P010,,1,10,8,CARD
S0000903,2026-01-25,P011,C0071,2,0,30,CREDIT
S0000904,2026-01-25,P001,C0026,2,0,620,CARD
S0000905,2026-01-25,P019,C0039,2,10,124,CASH
S0000906,2026-01-25,P015,C0076,5,0,190,CREDIT
S0000907,2026-01-25,P007,,3,5,315,CASH
S0000908,2026-01-25,P005,,1,0,52,CREDIT
S0000909,2026-01-25,P001,C0070,1,0,310,CARD
S0000910,2026-01-25,P021,C0089,1,10,20,UPI
S0000911,2026-01-25,P011,C0098,2,0,30,CREDIT
S0000912,2026-01-25,P024,C0040,1,5,27,UPI
S0000913,2026-01-25,P007,C0031,2,2,216,CREDIT
S0000914,2026-01-25,P016,C0019,2,0,270,CARD
S0000915,2026-01-25,P003,,1,0,155,CASH
S0000916,2026-01-25,P017,C0090,3,0,270,CARD
S0000917,2026-01-25,P015,C0011,1,5,33,UPI
S0000918,2026-01-25,P017,C0082,1,0,90,CREDIT
S0000919,2026-01-25,P003,C0073,3,2,459,UPI
S0000920,2026-01-25,P014,C0017,2,5,80,CASH
S0000921,2026-01-25,P010,,2,0,36,CARD
S0000922,2026-01-25,P013,,2,5,60,CARD
S0000923,2026-01-25,P011,C0035,1,0,15,CASH
S0000924,2026-01-25,P003,C0018,3,0,465,UPI
S0000925,2026-01-25,P005,C0022,3,0,156,CREDIT
S0000926,2026-01-25,P015,C0053,2,0,76,UPI
S0000927,2026-01-25,P018,C0099,1,0,95,CASH
S0000928,2026-01-25,P015,C0060,2,0,76,CARD
S0000929,2026-01-25,P004,C0021,1,0,145,CARD
S0000930,2026-01-25,P023,C0078,1,5,45,UPI
S0000931,2026-01-25,P007,,4,10,400,CARD
S0000932,2026-01-25,P005,C0092,1,0,52,CASH
S0000933,2026-01-25,P012,C0066,5,0,260,UPI
S0000934,2026-01-25,P022,C0034,2,0,210,CASH
S0000935,2026-01-25,P001,,1,0,310,CREDIT
S0000936,2026-01-25,P018,C0071,2,5,180,CASH
S0000937,2026-01-25,P004,C0014,4,0,580,CASH
S0000938,2026-01-25,P004,C0008,3,0,435,CASH
S0000939,2026-01-25,P005,,3,0,156,CREDIT
S0000940,2026-01-25,P012,C0081,2,5,94,UPI
S0000941,2026-01-25,P019,C0034,2,2,140,UPI
S0000942,2026-01-25,P001,C0026,4,0,1240,CREDIT
S0000943,2026-01-25,P005,,1,0,52,CARD
S0000944,2026-01-25,P004,C0060,2,0,290,UPI
S0000945,2026-01-25,P006,C0056,1,2,23,CREDIT
S0000946,2026-01-25,P016,C0049,6,0,810,CREDIT
S0000947,2026-01-26,P006,C0028,3,0,75,CASH
S0000948,2026-01-26,P009,C0058,5,0,125,CASH
S0000949,2026-01-26,P002,C0080,1,2,253,CASH
S0000950,2026-01-26,P021,C0064,2,0,60,CREDIT
S0000951,2026-01-26,P018,C0008,4,0,380,UPI
S0000952,2026-01-26,P009,C0018,1,0,25,CREDIT
S0000953,2026-01-26,P007,,2,5,210,CASH
S0000954,2026-01-26,P021,C0070,1,10,20,UPI
S0000955,2026-01-26,P013,C0092,5,10,125,CARD
S0000956,2026-01-26,P016,,6,2,798,CREDIT
S0000957,2026-01-26,P012,C0065,5,2,250,CARD
S0000958,2026-01-26,P013,C0024,2,0,70,UPI
S0000959,2026-01-26,P011,C0029,4,2,52,UPI
S0000960,2026-01-26,P009,,4,0,100,CREDIT
S0000961,2026-01-26,P017,C0099,1,0,90,CASH
S0000962,2026-01-26,P006,C0032,3,0,75,CASH
S0000963,2026-01-26,P009,,1,2,23,UPI
S0000964,2026-01-26,P008,,2,2,186,CREDIT
S0000965,2026-01-26,P012,,1,10,42,CASH
S0000966,2026-01-26,P006,C0076,1,0,25,CARD
S0000967,2026-01-26,P024,C0046,1,5,27,UPI
S0000968,2026-01-26,P023,C0046,2,5,90,CASH
S0000969,2026-01-26,P019,,1,0,72,CREDIT
S0000970,2026-01-26,P018,C0023,3,0,285,CREDIT
S0000971,2026-01-26,P002,C0008,1,0,255,CASH
S0000972,2026-01-26,P020,C0003,1,0,50,CREDIT
S0000973,2026-01-26,P001,,2,0,620,CASH
S0000974,2026-01-26,P005,C0092,3,0,156,CASH
S0000975,2026-01-26,P011,C0003,1,0,15,CASH
S0000976,2026-01-26,P019,,2,5,134,CASH
S0000977,2026-01-26,P004,C0068,4,10,540,CARD
S0000978,2026-01-26,P003,C0091,2,0,310,CREDIT
S0000979,2026-01-26,P019,C0044,1,0,72,CARD
S0000980,2026-01-26,P011,C0021,1,0,15,CREDIT
S0000981,2026-01-26,P021,C0084,4,0,120,CARD
S0000982,2026-01-26,P006,C0072,1,5,20,CARD
S0000983,2026-01-26,P008,C0076,4,5,360,CASH
S0000984,2026-01-26,P013,C0094,2,0,70,CARD
S0000985,2026-01-26,P005,C0094,5,0,260,UPI
S0000986,2026-01-26,P023,C0051,3,2,144,UPI
S0000987,2026-01-26,P006,C0041,6,2,138,CASH
S0000988,2026-01-26,P021,C0014,1,2,28,CREDIT
S0000989,2026-01-26,P005,C0096,3,0,156,UPI
S0000990,2026-01-26,P008,C0041,1,0,95,CASH
S0000991,2026-01-26,P021,,2,0,60,CARD
S0000992,2026-01-26,P015,C0034,2,0,76,CASH
S0000993,2026-01-26,P008,C0009,4,5,360,CARD
S0000994,2026-01-27,P009,C0014,3,10,45,UPI
S0000995,2026-01-27,P002,C0057,1,0,255,CREDIT
S0000996,2026-01-27,P006,C0064,1,0,25,CREDIT
S0000997,2026-01-27,P012,C0049,1,2,50,UPI
S0000998,2026-01-27,P016,,1,10,125,CASH
S0000999,2026-01-27,P006,C0010,1,0,25,UPI
S0001000,2026-01-27,P010,C0041,1,0,18,CARD
S0001001,2026-01-27,P004,C0044,1,0,145,CASH
S0001002,2026-01-27,P013,C0094,1,0,35,UPI
S0001003,2026-01-27,P018,C0044,6,0,570,CREDIT
S0001004,2026-01-27,P023,C0056,2,0,100,CASH
S0001005,2026-01-27,P020,C0021,1,0,50,UPI
S0001006,2026-01-27,P004,C0027,2,0,290,CASH
S0001007,2026-01-27,P014,C0071,1,5,40,CARD
S0001008,2026-01-27,P022,C0039,5,0,525,CASH
S0001009,2026-01-27,P004,C0051,3,0,435,CREDIT
S0001010,2026-01-27,P005,C0047,1,0,52,UPI
S0001011,2026-01-27,P014,C0038,1,0,45,CREDIT
S0001012,2026-01-27,P007,C0004,4,0,440,CASH
S0001013,2026-01-27,P006,C0038,5,5,100,UPI
S0001014,2026-01-27,P016,C0015,2,10,250,CARD
S0001015,2026-01-27,P013,C0063,2,0,70,CARD
S0001016,2026-01-27,P003,C0070,1,5,150,CREDIT
S0001017,2026-01-27,P006,,6,0,150,CREDIT
S0001018,2026-01-27,P012,C0058,1,0,52,UPI
S0001019,2026-01-27,P009,C0060,5,0,125,CARD
S0001020,2026-01-27,P008,C0035,2,10,170,UPI
S0001021,2026-01-27,P005,C0090,2,10,84,UPI
S0001022,2026-01-27,P003,C0045,2,5,300,CREDIT
S0001023,2026-01-27,P019,C0071,1,0,72,UPI
S0001024,2026-01-27,P013,C0067,1,10,25,CREDIT
S0001025,2026-01-27,P018,,1,5,90,CREDIT
S0001026,2026-01-27,P019,C0061,1,0,72,CARD
S0001027,2026-01-28,P003,,1,0,155,UPI
S0001028,2026-01-28,P017,,5,2,440,CASH
S0001029,2026-01-28,P004,C0058,4,10,540,CASH
S0001030,2026-01-28,P006,,5,0,125,CASH
S0001031,2026-01-28,P005,C0055,6,0,312,UPI
S0001032,2026-01-28,P022,C0026,1,0,105,CASH
S0001033,2026-01-28,P020,C0041,1,0,50,UPI
S0001034,2026-01-28,P003,C0072,3,0,465,CREDIT
S0001035,2026-01-28,P018,,2,0,190,CARD
S0001036,2026-01-28,P017,,1,0,90,UPI
S0001037,2026-01-28,P023,C0076,3,2,144,CREDIT
S0001038,2026-01-28,P004,C0020,1,0,145,CASH
S0001039,2026-01-28,P019,C0075,1,2,70,UPI
S0001040,2026-01-28,P004,C0100,2,2,286,UPI
S0001041,2026-01-28,P010,C0069,2,10,16,CARD
S0001042,2026-01-28,P014,C0050,2,0,90,CREDIT
S0001043,2026-01-28,P019,C0061,1,2,70,UPI
S0001044,2026-01-28,P006,C0052,4,0,100,CASH
S0001045,2026-01-28,P020,C0088,1,2,48,CREDIT
S0001046,2026-01-28,P002,,1,0,255,CARD
S0001047,2026-01-28,P023,C0007,4,0,200,CREDIT
S0001048,2026-01-28,P009,C0003,5,0,125,CARD
S0001049,2026-01-28,P010,C0036,4,0,72,CREDIT
S0001050,2026-01-28,P023,C0013,3,5,135,CASH
S0001051,2026-01-28,P005,C0096,2,0,104,CREDIT
S0001052,2026-01-28,P011,C0094,2,0,30,CREDIT
S0001053,2026-01-28,P020,C0012,1,5,45,CASH
S0001054,2026-01-28,P015,,1,0,38,CREDIT
S0001055,2026-01-28,P024,C0098,1,0,32,CARD
S0001056,2026-01-28,P002,,1,2,253,CASH
S0001057,2026-01-28,P003,C0091,3,0,465,CREDIT
S0001058,2026-01-28,P005,,2,10,84,UPI
S0001059,2026-01-28,P006,,1,0,25,CASH
S0001060,2026-01-28,P002,C0005,1,0,255,CREDIT
S0001061,2026-01-28,P002,C0091,2,0,510,CASH
S0001062,2026-01-28,P009,,1,0,25,CREDIT
S0001063,2026-01-28,P017,C0082,4,0,360,UPI
S0001064,2026-01-28,P022,C0031,2,0,210,CARD
S0001065,2026-01-28,P016,C0058,2,2,266,CASH
S0001066,2026-01-28,P016,C0071,2,2,266,CARD
S0001067,2026-01-29,P012,,2,0,104,CARD
S0001068,2026-01-29,P024,C0089,2,10,44,UPI
S0001069,2026-01-29,P010,C0050,1,0,18,UPI
S0001070,2026-01-29,P006,C0074,4,10,60,CASH
S0001071,2026-01-29,P008,C0029,3,5,270,CASH
S0001072,2026-01-29,P009,C0053,2,5,40,UPI
S0001073,2026-01-29,P022,C0061,4,0,420,CASH
S0001074,2026-01-29,P021,C0077,4,0,120,UPI
S0001075,2026-01-29,P008,C0078,3,0,285,CARD
S0001076,2026-01-29,P023,C0083,3,5,135,CARD
S0001077,2026-01-29,P014,,2,0,90,CARD
S0001078,2026-01-29,P015,C0028,2,0,76,CREDIT
S0001079,2026-01-29,P010,C0067,2,5,26,CREDIT
S0001080,2026-01-29,P019,C0001,3,0,216,CARD
S0001081,2026-01-29,P018,C0077,1,5,90,CARD
S0001082,2026-01-29,P010,C0014,4,5,52,CREDIT
S0001083,2026-01-29,P003,C0036,4,0,620,CARD
S0001084,2026-01-29,P009,C0084,1,0,25,CARD
S0001085,2026-01-29,P007,C0067,3,0,330,CASH
S0001086,2026-01-29,P002,,1,10,245,CREDIT
S0001087,2026-01-29,P022,C0088,1,0,105,CASH
S0001088,2026-01-29,P024,C0084,3,0,96,CREDIT
S0001089,2026-01-29,P010,,1,0,18,CREDIT
S0001090,2026-01-29,P013,C0095,3,0,105,UPI
S0001091,2026-01-29,P019,C0074,3,5,201,CASH
S0001092,2026-01-29,P011,C0092,2,5,20,CASH
S0001093,2026-01-29,P022,C0082,1,2,103,CREDIT
S0001094,2026-01-29,P022,C0065,1,0,105,CARD
S0001095,2026-01-29,P006,C0085,2,10,30,CASH
S0001096,2026-01-29,P010,C0061,6,0,108,CASH
S0001097,2026-01-29,P024,C0093,2,0,64,CASH
S0001098,2026-01-29,P022,C0084,1,0,105,UPI
S0001099,2026-01-29,P008,C0029,2,0,190,CARD
S0001100,2026-01-29,P014,,2,10,70,CARD
S0001101,2026-01-29,P012,C0075,3,0,156,CARD
S0001102,2026-01-29,P015,C0016,1,10,28,CREDIT
S0001103,2026-01-29,P002,C0082,3,10,735,UPI
S0001104,2026-01-29,P016,C0065,2,0,270,UPI
S0001105,2026-01-29,P022,C0068,5,0,525,CARD
S0001106,2026-01-29,P014,,1,0,45,CASH
S0001107,2026-01-29,P005,C0044,2,0,104,CREDIT
S0001108,2026-01-30,P019,C0019,5,0,360,CARD
S0001109,2026-01-30,P023,C0100,2,0,100,UPI
S0001110,2026-01-30,P016,C0081,1,0,135,CASH
S0001111,2026-01-30,P011,C0008,1,5,10,UPI
S0001112,2026-01-30,P015,C0027,3,0,114,CASH
S0001113,2026-01-30,P019,C0021,1,10,62,CREDIT
S0001114,2026-01-30,P003,C0079,2,0,310,CREDIT
S0001115,2026-01-30,P021,C0052,1,0,30,CREDIT
S0001116,2026-01-30,P016,C0001,2,0,270,UPI
S0001117,2026-01-30,P018,C0094,1,0,95,CARD
S0001118,2026-01-30,P001,C0097,4,0,1240,CASH
S0001119,2026-01-30,P001,C0001,6,5,1830,CASH
S0001120,2026-01-30,P008,,5,5,450,CARD
S0001121,2026-01-30,P010,C0014,3,0,54,CREDIT
S0001122,2026-01-30,P017,C0040,1,2,88,CASH
S0001123,2026-01-30,P003,C0006,3,10,435,CARD
S0001124,2026-01-30,P010,C0094,1,0,18,CARD
S0001125,2026-01-30,P014,C0018,1,5,40,CARD
S0001126,2026-01-30,P016,C0097,1,0,135,CASH
S0001127,2026-01-30,P006,C0052,2,10,30,UPI
S0001128,2026-01-30,P008,C0094,3,0,285,CASH
S0001129,2026-01-30,P007,C0003,2,5,210,CASH
S0001130,2026-01-30,P004,C0092,2,0,290,UPI
S0001131,2026-01-30,P013,C0033,1,5,30,UPI
S0001132,2026-01-30,P020,C0085,6,0,300,UPI
S0001133,2026-01-30,P021,C0003,2,10,40,UPI
S0001134,2026-01-30,P023,C0054,2,0,100,CREDIT
S0001135,2026-01-30,P013,C0071,1,0,35,CARD
S0001136,2026-01-30,P016,C0020,3,5,390,CASH
S0001137,2026-01-30,P023,C0081,2,5,90,UPI
S0001138,2026-01-30,P010,C0085,1,0,18,UPI
S0001139,2026-01-30,P022,C0035,1,2,103,CASH
S0001140,2026-01-30,P014,,2,10,70,UPI
S0001141,2026-01-30,P017,C0080,2,5,170,UPI
S0001142,2026-01-30,P010,,1,0,18,UPI
S0001143,2026-01-30,P016,C0078,5,0,675,CASH
S0001144,2026-01-30,P009,C0067,1,10,15,CASH
S0001145,2026-01-30,P012,C0053,2,5,94,CARD
S0001146,2026-01-30,P006,C0071,5,0,125,CREDIT
S0001147,2026-01-30,P007,,1,5,105,CREDIT
S0001148,2026-01-30,P011,C0001,2,0,30,UPI
S0001149,2026-01-30,P022,,1,0,105,UPI
S0001150,2026-01-30,P019,C0064,1,5,67,CASH
S0001151,2026-01-30,P003,C0066,6,10,870,UPI
S0001152,2026-01-30,P024,C0013,1,5,27,CARD
S0001153,2026-01-30,P021,C0059,4,0,120,CARD
S0001154,2026-01-31,P009,C0007,1,0,25,UPI
S0001155,2026-01-31,P006,C0006,2,10,30,CARD
S0001156,2026-01-31,P012,C0087,1,10,42,CARD
S0001157,2026-01-31,P014,C0015,4,5,160,UPI
S0001158,2026-01-31,P002,,2,0,510,CASH
S0001159,2026-01-31,P022,C0022,5,5,500,CARD
S0001160,2026-01-31,P012,C0080,1,0,52,CARD
S0001161,2026-01-31,P024,C0048,4,0,128,CARD
S0001162,2026-01-31,P006,C0052,3,0,75,CREDIT
S0001163,2026-01-31,P015,,3,0,114,CREDIT
S0001164,2026-01-31,P023,C0062,4,10,160,CREDIT
S0001165,2026-01-31,P021,C0022,3,10,60,UPI
S0001166,2026-01-31,P005,C0093,2,5,94,UPI
S0001167,2026-01-31,P006,C0054,1,0,25,CREDIT
S0001168,2026-01-31,P019,C0057,1,5,67,CASH
S0001169,2026-01-31,P020,C0100,5,0,250,CARD
S0001170,2026-01-31,P020,,2,0,100,CASH
S0001171,2026-01-31,P016,C0015,3,0,405,CREDIT
S0001172,2026-01-31,P015,C0009,2,0,76,CARD
S0001173,2026-01-31,P021,C0002,1,0,30,CASH
S0001174,2026-01-31,P022,C0044,1,10,95,UPI
S0001175,2026-01-31,P014,C0094,2,5,80,CASH
S0001176,2026-01-31,P016,C0085,2,0,270,CREDIT
S0001177,2026-01-31,P005,,1,10,42,UPI
S0001178,2026-01-31,P001,,2,5,610,CASH
S0001179,2026-01-31,P017,C0061,1,10,80,CREDIT
S0001180,2026-01-31,P006,C0097,2,0,50,CREDIT
S0001181,2026-01-31,P011,C0043,1,0,15,CARD
S0001182,2026-01-31,P002,C0029,3,2,759,CREDIT
S0001183,2026-01-31,P013,C0031,1,10,25,UPI
S0001184,2026-01-31,P015,,2,0,76,CREDIT
S0001185,2026-01-31,P003,C0064,1,10,145,CREDIT
S0001186,2026-01-31,P011,C0064,1,0,15,UPI
S0001187,2026-01-31,P004,C0053,1,0,145,UPI
S0001188,2026-02-01,P018,C0001,1,2,93,UPI
S0001189,2026-02-01,P020,C0082,2,2,96,CARD
S0001190,2026-02-01,P017,C0027,4,2,352,CREDIT
S0001191,2026-02-01,P011,,3,0,45,UPI
S0001192,2026-02-01,P008,C0059,1,10,85,CARD
S0001193,2026-02-01,P018,C0080,2,10,170,CREDIT
S0001194,2026-02-01,P023,C0047,1,5,45,CREDIT
S0001195,2026-02-01,P004,C0098,1,0,145,CASH
S0001196,2026-02-01,P001,C0046,6,0,1860,CARD
S0001197,2026-02-01,P018,C0048,1,2,93,UPI
S0001198,2026-02-01,P002,C0064,2,0,510,CASH
S0001199,2026-02-01,P023,C0093,2,5,90,CREDIT
S0001200,2026-02-01,P004,C0079,3,0,435,CASH
S0001201,2026-02-01,P007,,2,0,220,CREDIT
S0001202,2026-02-01,P007,,1,0,110,CASH
S0001203,2026-02-01,P023,C0014,1,0,50,CREDIT
S0001204,2026-02-01,P002,,2,5,500,UPI
S0001205,2026-02-01,P015,C0085,1,0,38,CASH
S0001206,2026-02-01,P016,C0068,1,0,135,UPI
S0001207,2026-02-01,P018,,1,0,95,CREDIT
S0001208,2026-02-01,P017,,1,10,80,CASH
S0001209,2026-02-01,P023,C0023,1,2,48,CASH
S0001210,2026-02-01,P004,C0085,1,0,145,CARD
S0001211,2026-02-01,P017,C0054,2,0,180,CASH
S0001212,2026-02-01,P009,C0044,2,0,50,CARD
S0001213,2026-02-01,P015,C0018,3,10,84,CASH
S0001214,2026-02-01,P014,C0090,1,2,43,CARD
S0001215,2026-02-01,P023,,1,2,48,CARD
S0001216,2026-02-01,P023,,1,5,45,CASH
S0001217,2026-02-01,P007,C0080,2,0,220,CARD
S0001218,2026-02-01,P022,,3,0,315,CASH
S0001219,2026-02-01,P023,C0023,1,5,45,CARD
S0001220,2026-02-01,P023,C0098,5,0,250,CARD
S0001221,2026-02-01,P018,C0075,1,0,95,CREDIT
S0001222,2026-02-01,P022,,2,5,200,CARD
S0001223,2026-02-01,P014,C0002,3,10,105,UPI
S0001224,2026-02-01,P001,C0019,4,0,1240,UPI
S0001225,2026-02-01,P022,C0026,3,0,315,CARD
S0001226,2026-02-01,P006,C0088,3,0,75,CARD
S0001227,2026-02-01,P005,C0008,1,10,42,CARD
S0001228,2026-02-02,P007,C0070,4,10,400,UPI
S0001229,2026-02-02,P012,C0058,2,10,84,UPI
S0001230,2026-02-02,P020,C0087,3,10,120,CASH
S0001231,2026-02-02,P024,C0072,2,5,54,CREDIT
S0001232,2026-02-02,P008,,2,2,186,CARD
S0001233,2026-02-02,P023,C0007,2,5,90,CREDIT
S0001234,2026-02-02,P013,,3,0,105,CARD
S0001235,2026-02-02,P018,C0002,1,0,95,CARD
S0001236,2026-02-02,P007,,1,2,108,CREDIT
S0001237,2026-02-02,P008,C0091,1,5,90,CARD
S0001238,2026-02-02,P019,C0095,1,2,70,CASH
S0001239,2026-02-02,P024,C0038,4,0,128,CREDIT
S0001240,2026-02-02,P006,C0010,1,5,20,CASH
S0001241,2026-02-02,P006,C0066,6,5,120,UPI
S0001242,2026-02-02,P013,C0055,1,0,35,CARD
S0001243,2026-02-02,P018,C0017,1,0,95,CASH
S0001244,2026-02-02,P019,C0033,3,10,186,UPI
S0001245,2026-02-02,P011,C0091,2,0,30,CASH
S0001246,2026-02-02,P002,,2,0,510,CARD
S0001247,2026-02-02,P020,C0100,2,0,100,CARD
S0001248,2026-02-02,P016,C0074,3,10,375,CARD
S0001249,2026-02-02,P003,C0091,1,10,145,CARD
S0001250,2026-02-02,P017,C0024,6,0,540,UPI
S0001251,2026-02-02,P017,C0054,6,0,540,CREDIT
S0001252,2026-02-02,P003,C0029,2,0,310,CASH
S0001253,2026-02-02,P022,C0043,1,0,105,CARD
S0001254,2026-02-02,P010,C0097,2,0,36,CREDIT
S0001255,2026-02-02,P018,C0097,1,10,85,UPI
S0001256,2026-02-02,P004,C0045,1,5,140,CREDIT
S0001257,2026-02-02,P008,C0079,1,5,90,CASH
S0001258,2026-02-02,P002,,2,5,500,CARD
S0001259,2026-02-02,P013,C0015,4,10,100,CREDIT
S0001260,2026-02-02,P009,C0093,3,2,69,CARD
S0001261,2026-02-02,P001,,3,2,924,CARD
S0001262,2026-02-02,P017,C0066,2,10,160,CREDIT
S0001263,2026-02-02,P016,C0038,1,0,135,CASH
S0001264,2026-02-02,P011,C0011,1,2,13,UPI
S0001265,2026-02-02,P006,C0069,6,10,90,UPI
S0001266,2026-02-02,P021,C0027,1,0,30,CASH
S0001267,2026-02-02,P022,,4,0,420,UPI
S0001268,2026-02-02,P007,,2,2,216,CREDIT
S0001269,2026-02-03,P021,C0010,2,10,40,CASH
S0001270,2026-02-03,P001,C0092,4,0,1240,CARD
S0001271,2026-02-03,P002,C0010,4,0,1020,UPI
S0001272,2026-02-03,P006,C0033,2,10,30,UPI
S0001273,2026-02-03,P019,C0030,1,10,62,CARD
S0001274,2026-02-03,P014,C0058,2,0,90,CREDIT
S0001275,2026-02-03,P014,C0003,4,0,180,CREDIT
S0001276,2026-02-03,P022,C0069,1,0,105,UPI
S0001277,2026-02-03,P021,C0080,2,5,50,UPI
S0001278,2026-02-03,P024,C0006,2,2,60,UPI
S0001279,2026-02-03,P012,C0014,3,2,150,CARD
S0001280,2026-02-03,P022,C0078,1,0,105,UPI
S0001281,2026-02-03,P010,,3,10,24,CREDIT
S0001282,2026-02-03,P013,,4,0,140,UPI
S0001283,2026-02-03,P016,C0069,1,0,135,CASH
S0001284,2026-02-03,P005,C0051,1,5,47,CARD
S0001285,2026-02-03,P021,C0039,6,0,180,CARD
S0001286,2026-02-03,P001,,1,2,308,CASH
S0001287,2026-02-03,P004,C0001,4,0,580,CREDIT
S0001288,2026-02-03,P018,C0011,2,2,186,CARD
S0001289,2026-02-03,P007,C0095,1,5,105,CARD
S0001290,2026-02-03,P007,,4,0,440,CASH
S0001291,2026-02-03,P006,C0029,2,0,50,CARD
S0001292,2026-02-03,P007,C0024,2,0,220,UPI
S0001293,2026-02-03,P018,C0083,1,0,95,UPI
S0001294,2026-02-03,P010,C0009,2,5,26,CARD
S0001295,2026-02-03,P004,C0093,1,0,145,CREDIT
S0001296,2026-02-03,P011,C0017,1,0,15,CASH
S0001297,2026-02-03,P004,C0080,5,0,725,UPI
S0001298,2026-02-03,P007,C0063,1,0,110,CREDIT
S0001299,2026-02-03,P011,C0085,2,2,26,CARD
S0001300,2026-02-03,P023,C0020,1,2,48,CARD
S0001301,2026-02-03,P011,C0022,3,0,45,UPI
S0001302,2026-02-03,P011,,1,0,15,CASH
S0001303,2026-02-04,P023,C0083,1,5,45,CREDIT
S0001304,2026-02-04,P009,C0047,2,10,30,CASH
S0001305,2026-02-04,P022,C0043,1,5,100,CREDIT
S0001306,2026-02-04,P015,C0046,3,0,114,CARD
S0001307,2026-02-04,P016,C0014,2,2,266,CASH
S0001308,2026-02-04,P021,C0011,1,2,28,CARD
S0001309,2026-02-04,P005,C0026,2,2,100,CARD
S0001310,2026-02-04,P024,C0010,3,5,81,UPI
S0001311,2026-02-04,P001,C0065,1,10,300,UPI
S0001312,2026-02-04,P019,C0052,1,2,70,CASH
S0001313,2026-02-04,P002,C0034,1,2,253,CREDIT
S0001314,2026-02-04,P021,C0020,3,10,60,CARD
S0001315,2026-02-04,P013,,2,0,70,CARD
S0001316,2026-02-04,P005,C0065,2,0,104,UPI
S0001317,2026-02-04,P013,C0065,4,0,140,UPI
S0001318,2026-02-04,P022,,3,0,315,CASH
S0001319,2026-02-04,P017,C0058,2,0,180,CASH
S0001320,2026-02-04,P006,C0073,4,2,92,CASH
S0001321,2026-02-04,P024,C0062,1,5,27,CARD
S0001322,2026-02-04,P002,C0098,1,0,255,CREDIT
S0001323,2026-02-04,P008,C0034,1,0,95,CARD
S0001324,2026-02-04,P008,C0086,1,0,95,CASH
S0001325,2026-02-04,P017,C0047,2,10,160,CREDIT
S0001326,2026-02-04,P016,,5,0,675,UPI
S0001327,2026-02-04,P002,C0042,1,5,250,UPI
S0001328,2026-02-04,P023,C0082,1,2,48,CARD
S0001329,2026-02-04,P024,C0075,2,0,64,CASH
S0001330,2026-02-04,P013,C0049,5,5,150,CARD
S0001331,2026-02-04,P019,,1,5,67,UPI
S0001332,2026-02-04,P017,C0049,2,0,180,CASH
S0001333,2026-02-05,P017,C0046,6,0,540,CARD
S0001334,2026-02-05,P016,C0062,5,10,625,UPI
S0001335,2026-02-05,P017,C0057,1,0,90,CASH
S0001336,2026-02-05,P008,C0066,5,0,475,CARD
S0001337,2026-02-05,P007,C0024,2,0,220,CASH
S0001338,2026-02-05,P012,C0092,4,2,200,UPI
S0001339,2026-02-05,P022,C0054,2,0,210,CARD
S0001340,2026-02-05,P024,C0062,2,0,64,CREDIT
S0001341,2026-02-05,P016,C0076,2,0,270,CASH
S0001342,2026-02-05,P021,C0053,2,10,40,UPI
S0001343,2026-02-05,P008,C0017,1,0,95,CASH
S0001344,2026-02-05,P005,C0066,1,5,47,UPI
S0001345,2026-02-05,P019,C0008,1,0,72,CASH
S0001346,2026-02-05,P009,C0067,3,0,75,CREDIT
S0001347,2026-02-05,P020,C0082,1,2,48,UPI
S0001348,2026-02-05,P024,C0085,2,5,54,CARD
S0001349,2026-02-05,P003,C0058,5,0,775,CREDIT
S0001350,2026-02-05,P016,C0029,1,0,135,CREDIT
S0001351,2026-02-05,P020,,2,0,100,CASH
S0001352,2026-02-05,P020,C0066,2,5,90,CARD
S0001353,2026-02-06,P006,C0088,2,5,40,CARD
S0001354,2026-02-06,P015,C0076,3,2,108,UPI
S0001355,2026-02-06,P008,C0050,5,0,475,CASH
S0001356,2026-02-06,P004,C0026,2,0,290,CREDIT
S0001357,2026-02-06,P005,C0013,2,2,100,CASH
S0001358,2026-02-06,P016,C0077,2,2,266,UPI
S0001359,2026-02-06,P018,C0097,4,2,372,UPI
S0001360,2026-02-06,P003,C0085,2,0,310,CASH
S0001361,2026-02-06,P020,,1,2,48,UPI
S0001362,2026-02-06,P022,C0056,5,5,500,CREDIT
S0001363,2026-02-06,P012,C0006,2,10,84,CREDIT
S0001364,2026-02-06,P008,C0062,2,10,170,CREDIT
S0001365,2026-02-06,P012,,1,2,50,UPI
S0001366,2026-02-06,P014,C0033,2,0,90,CREDIT
S0001367,2026-02-06,P008,C0011,1,10,85,CARD
S0001368,2026-02-06,P020,C0053,2,2,96,CARD
S0001369,2026-02-06,P007,C0091,1,0,110,UPI
S0001370,2026-02-06,P019,C0016,2,2,140,UPI
S0001371,2026-02-06,P013,C0027,6,5,180,CARD
S0001372,2026-02-06,P014,C0014,1,0,45,CASH
S0001373,2026-02-06,P014,C0075,6,5,240,CARD
S0001374,2026-02-06,P009,C0069,1,10,15,CREDIT
S0001375,2026-02-06,P019,C0079,4,0,288,CARD
S0001376,2026-02-06,P022,C0097,3,0,315,CASH
S0001377,2026-02-06,P014,,2,2,86,CREDIT
S0001378,2026-02-06,P006,C0072,3,0,75,CREDIT
S0001379,2026-02-06,P009,C0074,4,0,100,CARD
S0001380,2026-02-06,P023,C0095,1,0,50,CASH
S0001381,2026-02-06,P022,C0096,1,0,105,CASH
S0001382,2026-02-06,P015,C0090,2,10,56,CASH
S0001383,2026-02-06,P004,C0066,3,0,435,CREDIT
S0001384,2026-02-06,P011,C0071,3,10,15,UPI
S0001385,2026-02-06,P006,C0082,3,0,75,UPI
S0001386,2026-02-06,P003,C0019,2,10,290,CREDIT
S0001387,2026-02-06,P020,C0012,3,0,150,UPI
S0001388,2026-02-06,P009,C0048,1,0,25,UPI
S0001389,2026-02-06,P020,C0093,2,0,100,CREDIT
S0001390,2026-02-06,P013,C0084,1,2,33,CARD
S0001391,2026-02-06,P023,C0008,1,2,48,CASH
S0001392,2026-02-06,P021,C0057,1,0,30,UPI
S0001393,2026-02-06,P007,C0085,1,10,100,CARD
S0001394,2026-02-06,P007,,2,0,220,CASH
S0001395,2026-02-06,P020,C0087,1,0,50,UPI
S0001396,2026-02-07,P012,C0084,1,0,52,UPI
S0001397,2026-02-07,P006,C0036,1,0,25,CREDIT
S0001398,2026-02-07,P012,C0051,1,5,47,CREDIT
S0001399,2026-02-07,P019,C0067,2,0,144,UPI
S0001400,2026-02-07,P024,C0009,2,5,54,UPI
S0001401,2026-02-07,P018,C0093,2,0,190,CARD
S0001402,2026-02-07,P012,C0036,2,10,84,CASH
S0001403,2026-02-07,P020,C0059,1,0,50,CREDIT
S0001404,2026-02-07,P019,C0034,4,0,288,CASH
S0001405,2026-02-07,P014,C0014,2,2,86,UPI
S0001406,2026-02-07,P017,C0044,2,0,180,UPI
S0001407,2026-02-07,P017,,1,0,90,CARD
S0001408,2026-02-07,P023,C0049,1,0,50,CREDIT
S0001409,2026-02-07,P008,C0044,1,10,85,CREDIT
S0001410,2026-02-07,P022,,1,0,105,UPI
S0001411,2026-02-07,P016,C0034,2,0,270,UPI
S0001412,2026-02-07,P013,,2,5,60,CASH
S0001413,2026-02-07,P022,C0030,2,5,200,CARD
S0001414,2026-02-07,P014,C0067,3,0,135,UPI
S0001415,2026-02-07,P023,C0034,3,10,120,CASH
S0001416,2026-02-07,P010,C0052,3,0,54,CARD
S0001417,2026-02-07,P003,,5,2,765,CASH
S0001418,2026-02-07,P016,C0046,1,0,135,CASH
S0001419,2026-02-07,P019,C0024,1,0,72,CASH
S0001420,2026-02-07,P016,C0026,1,5,130,CASH
S0001421,2026-02-07,P024,,2,0,64,CARD
S0001422,2026-02-07,P007,C0026,4,0,440,CASH
S0001423,2026-02-07,P020,C0020,1,0,50,UPI
S0001424,2026-02-07,P004,C0087,5,0,725,CREDIT
S0001425,2026-02-07,P020,C0098,1,0,50,UPI
S0001426,2026-02-07,P016,C0080,5,0,675,CARD
S0001427,2026-02-07,P016,,1,2,133,CARD
S0001428,2026-02-07,P016,C0098,1,0,135,CARD
S0001429,2026-02-07,P013,C0097,2,0,70,CASH
S0001430,2026-02-07,P002,,1,2,253,CREDIT
S0001431,2026-02-07,P016,C0005,1,2,133,CARD
S0001432,2026-02-07,P013,C0088,1,10,25,CASH
S0001433,2026-02-07,P015,C0090,3,0,114,CREDIT
S0001434,2026-02-07,P011,C0002,2,5,20,UPI
S0001435,2026-02-08,P022,C0049,3,0,315,UPI
S0001436,2026-02-08,P011,C0079,1,0,15,CARD
S0001437,2026-02-08,P006,C0034,1,2,23,CASH
S0001438,2026-02-08,P009,C0079,1,0,25,CARD
S0001439,2026-02-08,P012,C0064,1,0,52,CREDIT
S0001440,2026-02-08,P007,C0090,2,0,220,CARD
S0001441,2026-02-08,P012,C0052,1,10,42,CARD
S0001442,2026-02-08,P015,C0074,2,0,76,CASH
S0001443,2026-02-08,P019,C0030,3,5,201,UPI
S0001444,2026-02-08,P024,,1,0,32,CASH
S0001445,2026-02-08,P018,,2,0,190,CREDIT
S0001446,2026-02-08,P007,,1,0,110,CASH
S0001447,2026-02-08,P016,C0002,5,10,625,CASH
S0001448,2026-02-08,P014,C0018,2,0,90,CARD
S0001449,2026-02-08,P016,C0033,3,0,405,UPI
S0001450,2026-02-08,P013,C0089,2,0,70,CASH
S0001451,2026-02-08,P002,,1,0,255,CARD
S0001452,2026-02-08,P016,C0081,2,10,250,UPI
S0001453,2026-02-08,P015,C0043,5,5,165,CARD
S0001454,2026-02-08,P012,C0072,2,0,104,CARD
S0001455,2026-02-08,P012,C0053,3,0,156,UPI
S0001456,2026-02-08,P012,C0087,4,10,168,CASH
S0001457,2026-02-08,P019,C0084,1,2,70,CASH
S0001458,2026-02-08,P010,C0042,1,0,18,CREDIT
S0001459,2026-02-08,P024,,2,0,64,UPI
S0001460,2026-02-08,P013,C0037,1,2,33,CREDIT
S0001461,2026-02-08,P021,,3,0,90,CASH
S0001462,2026-02-08,P021,,4,10,80,CARD
S0001463,2026-02-08,P014,C0079,1,5,40,CREDIT
S0001464,2026-02-08,P003,C0021,1,0,155,CARD
S0001465,2026-02-08,P008,C0041,3,0,285,CARD
S0001466,2026-02-08,P023,C0078,1,0,50,CREDIT
S0001467,2026-02-08,P009,C0100,3,0,75,CARD
S0001468,2026-02-08,P024,C0067,2,2,60,CREDIT
S0001469,2026-02-08,P014,C0024,2,0,90,UPI
S0001470,2026-02-08,P005,C0031,1,5,47,CARD
S0001471,2026-02-09,P024,C0096,2,5,54,UPI
S0001472,2026-02-09,P007,C0051,1,0,110,UPI
S0001473,2026-02-09,P004,,3,0,435,CREDIT
S0001474,2026-02-09,P018,C0004,4,0,380,CREDIT
S0001475,2026-02-09,P017,C0011,1,10,80,UPI
S0001476,2026-02-09,P009,C0020,1,2,23,UPI
S0001477,2026-02-09,P021,C0040,1,0,30,CASH
S0001478,2026-02-09,P008,C0037,2,5,180,CREDIT
S0001479,2026-02-09,P021,C0017,2,0,60,CASH
S0001480,2026-02-09,P001,C0085,2,0,620,CARD
S0001481,2026-02-09,P011,C0061,1,10,5,CREDIT
S0001482,2026-02-09,P018,C0071,1,0,95,CREDIT
S0001483,2026-02-09,P005,C0070,2,5,94,CASH
S0001484,2026-02-09,P019,C0059,2,2,140,CREDIT
S0001485,2026-02-09,P017,C0082,6,5,510,CARD
S0001486,2026-02-09,P012,C0070,1,0,52,CASH
S0001487,2026-02-09,P003,C0040,2,0,310,CARD
S0001488,2026-02-09,P014,C0020,1,0,45,CARD
S0001489,2026-02-09,P001,C0067,2,0,620,CASH
S0001490,2026-02-09,P012,C0061,3,0,156,UPI
S0001491,2026-02-09,P023,C0097,2,0,100,CREDIT
S0001492,2026-02-09,P010,C0099,6,0,108,CREDIT
S0001493,2026-02-09,P010,C0030,1,2,16,UPI
S0001494,2026-02-09,P018,C0025,1,0,95,CREDIT
S0001495,2026-02-09,P018,C0051,3,0,285,CASH
S0001496,2026-02-09,P006,C0095,2,5,40,CREDIT
S0001497,2026-02-09,P013,C0034,1,0,35,UPI
S0001498,2026-02-09,P014,C0031,1,5,40,CARD
S0001499,2026-02-09,P010,C0096,1,5,13,CARD
S0001500,2026-02-09,P014,,4,0,180,UPI
S0001501,2026-02-09,P006,C0038,1,0,25,UPI
S0001502,2026-02-09,P021,C0080,1,0,30,CREDIT
S0001503,2026-02-09,P009,C0080,1,5,20,CREDIT
S0001504,2026-02-09,P007,C0003,1,0,110,CASH
S0001505,2026-02-09,P002,C0003,1,2,253,CASH
S0001506,2026-02-09,P004,C0035,2,0,290,CASH
S0001507,2026-02-09,P023,C0094,1,0,50,UPI
S0001508,2026-02-10,P008,C0020,2,0,190,UPI
S0001509,2026-02-10,P016,C0044,4,0,540,CREDIT
S0001510,2026-02-10,P010,,2,10,16,CREDIT
S0001511,2026-02-10,P012,C0090,2,0,104,UPI
S0001512,2026-02-10,P011,,1,0,15,CASH
S0001513,2026-02-10,P002,C0100,1,0,255,CREDIT
S0001514,2026-02-10,P003,C0061,2,2,306,CASH
S0001515,2026-02-10,P007,C0033,6,10,600,CREDIT
S0001516,2026-02-10,P001,C0099,2,0,620,CASH
S0001517,2026-02-10,P013,C0057,2,10,50,CASH
S0001518,2026-02-10,P024,C0026,3,0,96,CREDIT
S0001519,2026-02-10,P024,C0013,2,10,44,CASH
S0001520,2026-02-10,P016,C0088,1,0,135,CARD
S0001521,2026-02-10,P011,C0081,2,0,30,UPI
S0001522,2026-02-10,P024,C0067,5,2,150,UPI
S0001523,2026-02-10,P009,C0082,1,0,25,CARD
S0001524,2026-02-10,P007,,2,0,220,UPI
S0001525,2026-02-10,P022,C0015,1,0,105,CASH
S0001526,2026-02-10,P021,C0042,2,0,60,UPI
S0001527,2026-02-10,P006,C0036,1,10,15,UPI
S0001528,2026-02-10,P013,C0032,2,10,50,UPI
S0001529,2026-02-10,P002,,3,2,759,CREDIT
S0001530,2026-02-10,P023,C0020,1,2,48,CARD
S0001531,2026-02-10,P003,C0021,2,0,310,CREDIT
S0001532,2026-02-10,P003,C0080,3,5,450,CARD
S0001533,2026-02-10,P021,C0008,5,0,150,CARD
S0001534,2026-02-10,P021,C0090,1,0,30,UPI
S0001535,2026-02-10,P005,C0030,1,0,52,CARD
S0001536,2026-02-10,P018,C0083,1,10,85,CARD
S0001537,2026-02-10,P015,C0025,6,5,198,UPI
S0001538,2026-02-10,P023,C0046,5,0,250,CASH
S0001539,2026-02-10,P009,C0063,2,0,50,CREDIT
S0001540,2026-02-10,P018,C0070,4,0,380,CREDIT
S0001541,2026-02-10,P007,C0024,2,2,216,CARD
S0001542,2026-02-10,P011,C0060,2,5,20,CARD
S0001543,2026-02-10,P020,C0071,1,10,40,CASH
S0001544,2026-02-10,P003,C0020,3,2,459,CREDIT
S0001545,2026-02-10,P010,C0034,1,10,8,CARD
S0001546,2026-02-10,P015,C0100,3,0,114,CREDIT
S0001547,2026-02-10,P024,,3,0,96,UPI
S0001548,2026-02-10,P020,C0047,3,10,120,CASH
S0001549,2026-02-11,P011,C0009,1,5,10,CREDIT
S0001550,2026-02-11,P007,C0088,5,2,540,CREDIT
S0001551,2026-02-11,P018,C0079,2,0,190,CARD
S0001552,2026-02-11,P011,C0083,1,0,15,CARD
S0001553,2026-02-11,P004,C0067,1,0,145,UPI
S0001554,2026-02-11,P002,C0017,2,10,490,CASH
S0001555,2026-02-11,P002,C0014,2,0,510,CREDIT
S0001556,2026-02-11,P007,C0005,2,0,220,CREDIT
S0001557,2026-02-11,P022,C0068,4,0,420,CARD
S0001558,2026-02-11,P002,C0029,2,0,510,UPI
S0001559,2026-02-11,P001,C0084,6,0,1860,CREDIT
S0001560,2026-02-11,P003,,4,0,620,UPI
S0001561,2026-02-11,P012,C0096,1,2,50,CREDIT
S0001562,2026-02-11,P012,C0091,5,10,210,UPI
S0001563,2026-02-11,P020,C0068,1,0,50,UPI
S0001564,2026-02-11,P024,,3,0,96,CARD
S0001565,2026-02-11,P003,C0067,1,0,155,UPI
S0001566,2026-02-11,P004,C0030,4,5,560,CREDIT
S0001567,2026-02-11,P007,C0068,4,0,440,CASH
S0001568,2026-02-11,P019,C0023,3,5,201,CREDIT
S0001569,2026-02-11,P024,C0099,3,0,96,CARD
S0001570,2026-02-11,P022,C0090,1,0,105,CREDIT
S0001571,2026-02-11,P004,,1,0,145,CASH
S0001572,2026-02-11,P018,C0065,1,0,95,CARD
S0001573,2026-02-11,P022,C0069,1,0,105,CREDIT
S0001574,2026-02-11,P012,C0071,2,0,104,CARD
S0001575,2026-02-11,P012,C0098,1,0,52,CREDIT
S0001576,2026-02-11,P024,C0078,6,0,192,CASH
S0001577,2026-02-11,P019,C0028,2,2,140,CREDIT
S0001578,2026-02-11,P018,C0033,3,5,270,CARD
S0001579,2026-02-11,P015,C0051,1,0,38,UPI
S0001580,2026-02-12,P024,C0037,3,0,96,UPI
S0001581,2026-02-12,P017,,1,0,90,CARD
S0001582,2026-02-12,P001,C0029,2,0,620,CASH
S0001583,2026-02-12,P011,C0099,1,0,15,CARD
S0001584,2026-02-12,P018,C0072,1,2,93,CASH
S0001585,2026-02-12,P004,C0059,1,0,145,CARD
S0001586,2026-02-12,P005,C0034,1,0,52,CARD
S0001587,2026-02-12,P019,C0030,1,0,72,CARD
S0001588,2026-02-12,P010,C0074,1,0,18,CREDIT
S0001589,2026-02-12,P019,C0094,5,0,360,UPI
S0001590,2026-02-12,P024,,2,0,64,CREDIT
S0001591,2026-02-12,P006,,5,0,125,UPI
S0001592,2026-02-12,P020,C0039,2,5,90,UPI
S0001593,2026-02-12,P024,C0074,1,10,22,CREDIT
S0001594,2026-02-12,P003,C0008,2,10,290,CARD
S0001595,2026-02-12,P012,C0056,2,10,84,CREDIT
S0001596,2026-02-12,P004,C0099,1,10,135,CASH
S0001597,2026-02-12,P024,,2,5,54,UPI
S0001598,2026-02-12,P021,C0081,1,10,20,CREDIT
S0001599,2026-02-12,P002,C0068,2,0,510,UPI
S0001600,2026-02-12,P011,C0073,2,2,26,CASH
S0001601,2026-02-12,P011,C0090,1,2,13,CASH
S0001602,2026-02-12,P005,C0087,1,0,52,CREDIT
S0001603,2026-02-12,P015,C0077,3,10,84,UPI
S0001604,2026-02-12,P008,C0038,2,0,190,CREDIT
S0001605,2026-02-12,P005,C0044,1,0,52,UPI
S0001606,2026-02-12,P016,C0096,6,2,798,UPI
S0001607,2026-02-12,P018,C0034,1,0,95,UPI
S0001608,2026-02-12,P013,C0056,2,2,66,CASH
S0001609,2026-02-12,P005,C0072,6,0,312,CASH
S0001610,2026-02-12,P016,C0084,1,0,135,CASH
S0001611,2026-02-12,P018,C0095,1,2,93,CASH
S0001612,2026-02-12,P008,C0035,1,0,95,CREDIT
S0001613,2026-02-12,P011,,1,5,10,UPI
S0001614,2026-02-12,P004,C0053,1,5,140,CREDIT
S0001615,2026-02-13,P012,C0025,2,0,104,CARD
S0001616,2026-02-13,P012,C0084,6,2,300,UPI
S0001617,2026-02-13,P010,C0045,3,0,54,CREDIT
S0001618,2026-02-13,P020,C0057,2,0,100,UPI
S0001619,2026-02-13,P008,C0088,1,0,95,CARD
S0001620,2026-02-13,P005,C0094,2,10,84,UPI
S0001621,2026-02-13,P004,C0007,2,5,280,CASH
S0001622,2026-02-13,P020,,2,0,100,CARD
S0001623,2026-02-13,P001,C0089,1,0,310,UPI
S0001624,2026-02-13,P010,C0061,4,0,72,UPI
S0001625,2026-02-13,P011,C0095,2,0,30,CASH
S0001626,2026-02-13,P007,C0067,1,2,108,CARD
S0001627,2026-02-13,P018,C0080,1,0,95,CASH
S0001628,2026-02-13,P023,C0086,1,5,45,UPI
S0001629,2026-02-13,P013,,3,2,99,UPI
S0001630,2026-02-13,P009,C0008,3,0,75,CARD
S0001631,2026-02-13,P007,C0090,3,10,300,CARD
S0001632,2026-02-13,P002,C0084,1,0,255,UPI
S0001633,2026-02-13,P003,C0085,1,0,155,CARD
S0001634,2026-02-13,P022,,2,10,190,CARD
S0001635,2026-02-13,P004,C0038,1,0,145,CREDIT
S0001636,2026-02-13,P008,C0066,1,0,95,UPI
S0001637,2026-02-13,P011,,3,0,45,UPI
S0001638,2026-02-13,P006,C0065,1,0,25,CREDIT
S0001639,2026-02-13,P018,C0003,2,5,180,UPI
S0001640,2026-02-13,P008,C0040,1,2,93,CARD
S0001641,2026-02-13,P016,C0096,1,0,135,CASH
S0001642,2026-02-13,P001,C0088,1,0,310,CARD
S0001643,2026-02-13,P012,C0039,6,5,282,CASH
S0001644,2026-02-13,P017,,3,0,270,UPI
S0001645,2026-02-13,P021,,5,0,150,CREDIT
S0001646,2026-02-13,P001,C0036,2,2,616,CASH
S0001647,2026-02-13,P005,,1,0,52,CREDIT
S0001648,2026-02-13,P022,C0012,2,0,210,CREDIT
S0001649,2026-02-13,P017,C0079,2,5,170,CASH
S0001650,2026-02-13,P014,C0074,4,0,180,CASH
S0001651,2026-02-13,P014,,1,0,45,CARD
S0001652,2026-02-13,P015,C0017,2,2,72,CASH
S0001653,2026-02-14,P021,C0075,3,0,90,CASH
S0001654,2026-02-14,P005,C0089,2,0,104,CASH
S0001655,2026-02-14,P014,C0019,1,10,35,CASH
S0001656,2026-02-14,P011,C0072,1,0,15,UPI
S0001657,2026-02-14,P006,,2,0,50,CASH
S0001658,2026-02-14,P024,C0098,3,0,96,CARD
S0001659,2026-02-14,P014,C0039,4,0,180,CREDIT
S0001660,2026-02-14,P024,,5,10,110,CARD
S0001661,2026-02-14,P005,C0025,3,10,126,UPI
S0001662,2026-02-14,P005,C0004,1,0,52,CARD
S0001663,2026-02-14,P020,C0079,2,2,96,CASH
S0001664,2026-02-14,P020,C0030,2,0,100,UPI
S0001665,2026-02-14,P012,C0089,1,0,52,CREDIT
S0001666,2026-02-14,P005,,4,2,200,CREDIT
S0001667,2026-02-14,P023,C0048,1,5,45,CASH
S0001668,2026-02-14,P013,C0061,4,0,140,CASH
S0001669,2026-02-14,P006,C0029,2,0,50,UPI
S0001670,2026-02-14,P014,C0002,2,10,70,CARD
S0001671,2026-02-14,P014,C0096,2,0,90,CASH
S0001672,2026-02-14,P007,C0023,4,0,440,CREDIT
S0001673,2026-02-14,P020,C0089,2,0,100,CARD
S0001674,2026-02-14,P015,C0055,2,0,76,CREDIT
S0001675,2026-02-14,P002,C0095,1,2,253,CREDIT
S0001676,2026-02-14,P024,C0051,2,0,64,UPI
S0001677,2026-02-14,P017,C0058,1,0,90,CREDIT
S0001678,2026-02-14,P002,C0067,3,0,765,CREDIT
S0001679,2026-02-14,P024,C0072,2,0,64,CREDIT
S0001680,2026-02-14,P017,C0081,2,10,160,UPI
S0001681,2026-02-14,P007,C0057,1,0,110,CREDIT
S0001682,2026-02-14,P010,,1,10,8,CARD
S0001683,2026-02-14,P015,C0055,3,0,114,CARD
S0001684,2026-02-14,P020,C0089,1,0,50,CASH
S0001685,2026-02-15,P015,C0083,5,10,140,CREDIT
S0001686,2026-02-15,P003,C0065,3,5,450,UPI
S0001687,2026-02-15,P006,C0075,1,10,15,CASH
S0001688,2026-02-15,P013,C0042,1,0,35,CREDIT
S0001689,2026-02-15,P001,C0059,1,0,310,CASH
S0001690,2026-02-15,P015,C0033,3,0,114,CARD
S0001691,2026-02-15,P023,,2,5,90,CASH
S0001692,2026-02-15,P023,C0016,1,5,45,UPI
S0001693,2026-02-15,P004,C0058,1,5,140,CARD
S0001694,2026-02-15,P003,C0091,1,2,153,CREDIT
S0001695,2026-02-15,P024,C0066,2,10,44,CASH
S0001696,2026-02-15,P013,C0049,3,2,99,UPI
S0001697,2026-02-15,P006,C0073,1,0,25,CASH
S0001698,2026-02-15,P006,C0019,1,10,15,CASH
S0001699,2026-02-15,P023,C0054,1,0,50,CARD
S0001700,2026-02-15,P010,C0099,5,5,65,CREDIT
S0001701,2026-02-15,P010,C0024,1,5,13,UPI
S0001702,2026-02-15,P005,C0001,3,0,156,CARD
S0001703,2026-02-15,P001,C0064,2,0,620,CREDIT
S0001704,2026-02-15,P018,C0001,1,10,85,CREDIT
S0001705,2026-02-15,P008,C0076,1,0,95,CREDIT
S0001706,2026-02-15,P015,C0057,1,0,38,UPI
S0001707,2026-02-15,P020,C0001,2,2,96,CASH
S0001708,2026-02-15,P018,C0080,3,0,285,CASH
S0001709,2026-02-15,P002,C0019,2,0,510,UPI
S0001710,2026-02-15,P021,C0005,2,0,60,CASH
S0001711,2026-02-15,P002,C0074,1,5,250,CARD
S0001712,2026-02-16,P011,C0007,3,0,45,UPI
S0001713,2026-02-16,P014,C0021,3,0,135,CARD
S0001714,2026-02-16,P020,C0089,2,5,90,CASH
S0001715,2026-02-16,P015,C0075,1,5,33,CARD
S0001716,2026-02-16,P002,C0099,1,0,255,CARD
S0001717,2026-02-16,P011,,5,0,75,CREDIT
S0001718,2026-02-16,P003,C0055,1,10,145,UPI
S0001719,2026-02-16,P010,C0018,1,0,18,UPI
S0001720,2026-02-16,P023,C0036,2,10,80,CARD
S0001721,2026-02-16,P017,C0068,2,0,180,CASH
S0001722,2026-02-16,P023,C0079,2,0,100,UPI
S0001723,2026-02-16,P004,C0094,5,2,715,UPI
S0001724,2026-02-16,P016,C0089,1,5,130,CARD
S0001725,2026-02-16,P014,,1,2,43,CARD
S0001726,2026-02-16,P009,C0074,1,2,23,CARD
S0001727,2026-02-16,P005,C0073,4,2,200,CREDIT
S0001728,2026-02-16,P017,C0081,2,5,170,CREDIT
S0001729,2026-02-16,P016,C0024,1,10,125,CASH
S0001730,2026-02-16,P023,C0025,3,0,150,UPI
S0001731,2026-02-16,P004,C0060,4,0,580,UPI
S0001732,2026-02-16,P024,C0027,4,10,88,CREDIT
S0001733,2026-02-16,P014,C0043,4,0,180,CARD
S0001734,2026-02-16,P018,C0082,1,10,85,CASH
S0001735,2026-02-16,P001,C0026,3,5,915,CARD
S0001736,2026-02-16,P009,C0009,2,10,30,CARD
S0001737,2026-02-16,P010,C0071,4,2,64,CARD
S0001738,2026-02-16,P001,C0088,3,0,930,CARD
S0001739,2026-02-16,P011,C0093,3,0,45,UPI
S0001740,2026-02-16,P006,C0043,2,0,50,CARD
S0001741,2026-02-16,P022,,1,0,105,CREDIT
S0001742,2026-02-16,P002,C0018,2,5,500,CREDIT
S0001743,2026-02-16,P005,C0059,6,5,282,CARD
S0001744,2026-02-16,P015,,5,10,140,CREDIT
S0001745,2026-02-16,P024,,1,0,32,CARD
S0001746,2026-02-16,P019,C0087,1,5,67,CARD
S0001747,2026-02-16,P018,C0003,1,2,93,CASH
S0001748,2026-02-16,P019,C0043,3,5,201,CARD
S0001749,2026-02-17,P003,C0036,2,0,310,UPI
S0001750,2026-02-17,P011,C0081,4,0,60,CASH
S0001751,2026-02-17,P019,C0050,3,2,210,CASH
S0001752,2026-02-17,P020,,2,0,100,CARD
S0001753,2026-02-17,P023,C0041,2,10,80,UPI
S0001754,2026-02-17,P009,C0012,2,0,50,CREDIT
S0001755,2026-02-17,P008,C0058,1,0,95,CARD
S0001756,2026-02-17,P007,C0039,2,2,216,CASH
S0001757,2026-02-17,P004,,2,0,290,UPI
S0001758,2026-02-17,P007,C0057,4,0,440,UPI
S0001759,2026-02-17,P016,C0020,2,2,266,CASH
S0001760,2026-02-17,P011,C0094,3,0,45,CARD
S0001761,2026-02-17,P011,C0099,1,0,15,UPI
S0001762,2026-02-17,P017,C0017,2,5,170,CASH
S0001763,2026-02-17,P024,C0059,1,0,32,CREDIT
S0001764,2026-02-17,P023,C0067,1,10,40,UPI
S0001765,2026-02-17,P001,,3,0,930,UPI
S0001766,2026-02-17,P022,C0077,6,10,570,UPI
S0001767,2026-02-17,P011,,1,0,15,UPI
S0001768,2026-02-17,P004,C0099,1,2,143,CARD
S0001769,2026-02-17,P001,C0098,3,2,924,CARD
S0001770,2026-02-17,P021,C0042,1,0,30,CASH
S0001771,2026-02-17,P007,C0036,2,0,220,CARD
S0001772,2026-02-17,P015,C0016,3,5,99,CARD
S0001773,2026-02-17,P005,C0036,2,0,104,UPI
S0001774,2026-02-17,P001,C0072,1,2,308,UPI
S0001775,2026-02-17,P007,C0045,1,2,108,CARD
S0001776,2026-02-17,P009,C0091,3,0,75,CARD
S0001777,2026-02-17,P019,C0022,2,0,144,UPI
S0001778,2026-02-17,P010,,1,2,16,CARD
S0001779,2026-02-17,P018,C0007,3,0,285,CASH
S0001780,2026-02-17,P001,,1,0,310,UPI
S0001781,2026-02-17,P004,C0007,3,0,435,UPI
S0001782,2026-02-17,P014,C0023,1,0,45,CREDIT
S0001783,2026-02-17,P020,C0040,5,0,250,CARD
S0001784,2026-02-17,P007,C0098,1,5,105,UPI
S0001785,2026-02-17,P015,C0017,1,2,36,UPI
S0001786,2026-02-17,P023,C0013,1,0,50,CREDIT
S0001787,2026-02-17,P010,C0083,1,5,13,CREDIT
S0001788,2026-02-17,P016,C0029,4,0,540,CASH
S0001789,2026-02-17,P020,,6,0,300,CARD
S0001790,2026-02-18,P013,C0090,3,0,105,CARD
S0001791,2026-02-18,P011,C0063,4,0,60,UPI
S0001792,2026-02-18,P003,C0015,2,0,310,CARD
S0001793,2026-02-18,P016,,1,0,135,CASH
S0001794,2026-02-18,P010,C0045,1,10,8,CASH
S0001795,2026-02-18,P017,C0052,2,0,180,UPI
S0001796,2026-02-18,P011,C0084,1,2,13,UPI
S0001797,2026-02-18,P010,C0060,2,2,32,CREDIT
S0001798,2026-02-18,P019,C0031,1,0,72,CASH
S0001799,2026-02-18,P018,C0062,3,0,285,CREDIT
S0001800,2026-02-18,P003,C0027,1,0,155,CREDIT
S0001801,2026-02-18,P014,,2,2,86,CARD
S0001802,2026-02-18,P018,C0031,2,5,180,CASH
S0001803,2026-02-18,P022,C0010,2,5,200,CREDIT
S0001804,2026-02-18,P004,C0077,1,2,143,CREDIT
S0001805,2026-02-18,P011,C0013,2,2,26,CREDIT
S0001806,2026-02-18,P006,C0052,2,0,50,UPI
S0001807,2026-02-18,P020,C0088,2,0,100,CREDIT
S0001808,2026-02-18,P011,C0083,2,0,30,UPI
S0001809,2026-02-18,P003,,2,0,310,CASH
S0001810,2026-02-18,P019,C0082,3,10,186,UPI
S0001811,2026-02-18,P005,C0020,1,5,47,CREDIT
S0001812,2026-02-18,P018,C0050,3,0,285,CREDIT
S0001813,2026-02-18,P007,C0088,2,0,220,CARD
S0001814,2026-02-18,P010,,1,2,16,CARD
S0001815,2026-02-18,P014,,1,5,40,CARD
S0001816,2026-02-18,P003,C0002,1,2,153,CREDIT
S0001817,2026-02-18,P005,C0038,3,10,126,UPI
S0001818,2026-02-18,P012,C0007,3,2,150,UPI
S0001819,2026-02-18,P023,,3,2,144,CARD
S0001820,2026-02-18,P004,C0037,2,10,270,UPI
S0001821,2026-02-18,P008,C0090,2,0,190,CREDIT
S0001822,2026-02-18,P021,C0092,1,0,30,CREDIT
S0001823,2026-02-19,P013,C0056,1,0,35,CASH
S0001824,2026-02-19,P022,C0061,1,0,105,CASH
S0001825,2026-02-19,P007,C0050,2,2,216,CARD
S0001826,2026-02-19,P014,C0037,3,0,135,CASH
S0001827,2026-02-19,P005,C0010,6,0,312,UPI
S0001828,2026-02-19,P005,,5,5,235,CREDIT
S0001829,2026-02-19,P022,C0018,2,0,210,UPI
S0001830,2026-02-19,P005,,2,5,94,CREDIT
S0001831,2026-02-19,P015,C0090,2,10,56,CREDIT
S0001832,2026-02-19,P020,C0059,3,0,150,CREDIT
S0001833,2026-02-19,P018,C0058,1,10,85,CREDIT
S0001834,2026-02-19,P012,C0024,1,0,52,CREDIT
S0001835,2026-02-19,P020,C0074,3,0,150,CREDIT
S0001836,2026-02-19,P024,C0092,1,0,32,CARD
S0001837,2026-02-19,P014,C0074,2,2,86,CARD
S0001838,2026-02-19,P002,C0073,2,0,510,CREDIT
S0001839,2026-02-19,P023,C0015,1,0,50,CREDIT
S0001840,2026-02-19,P023,C0019,1,0,50,CARD
S0001841,2026-02-19,P015,C0011,1,2,36,UPI
S0001842,2026-02-19,P008,C0081,1,0,95,UPI
S0001843,2026-02-19,P022,C0070,1,5,100,CARD
S0001844,2026-02-19,P020,,3,0,150,CARD
S0001845,2026-02-19,P018,C0002,1,10,85,CREDIT
S0001846,2026-02-19,P015,,2,2,72,CREDIT
S0001847,2026-02-19,P019,C0043,1,5,67,CREDIT
S0001848,2026-02-19,P012,C0038,5,10,210,CARD
S0001849,2026-02-19,P006,C0089,1,0,25,CARD
S0001850,2026-02-19,P024,C0073,2,10,44,CARD
S0001851,2026-02-19,P002,C0061,4,5,1000,CASH
S0001852,2026-02-19,P019,C0085,4,0,288,CARD
S0001853,2026-02-19,P024,C0004,1,2,30,CARD
S0001854,2026-02-19,P016,C0017,3,0,405,UPI
S0001855,2026-02-20,P009,C0017,1,0,25,CARD
S0001856,2026-02-20,P009,C0033,1,10,15,UPI
S0001857,2026-02-20,P024,C0078,3,0,96,CASH
S0001858,2026-02-20,P019,C0020,2,5,134,CREDIT
S0001859,2026-02-20,P012,C0023,2,10,84,CARD
S0001860,2026-02-20,P023,C0063,3,0,150,CASH
S0001861,2026-02-20,P017,C0005,3,10,240,CARD
S0001862,2026-02-20,P003,C0077,1,0,155,CASH
S0001863,2026-02-20,P016,C0053,2,10,250,CREDIT
S0001864,2026-02-20,P008,C0057,1,5,90,CASH
S0001865,2026-02-20,P007,C0094,3,2,324,CARD
S0001866,2026-02-20,P002,C0034,2,5,500,UPI
S0001867,2026-02-20,P002,C0060,5,0,1275,CREDIT
S0001868,2026-02-20,P016,C0061,1,0,135,CASH
S0001869,2026-02-20,P013,C0091,1,5,30,CREDIT
S0001870,2026-02-20,P016,C0019,1,0,135,CREDIT
S0001871,2026-02-20,P001,,1,0,310,CREDIT
S0001872,2026-02-20,P013,C0041,1,5,30,UPI
S0001873,2026-02-20,P004,C0082,4,2,572,CARD
S0001874,2026-02-20,P014,,1,2,43,CARD
S0001875,2026-02-20,P011,C0035,1,0,15,UPI
S0001876,2026-02-20,P009,C0075,3,5,60,CREDIT
S0001877,2026-02-20,P015,C0087,2,10,56,CASH
S0001878,2026-02-20,P024,C0076,3,5,81,CASH
S0001879,2026-02-20,P017,C0087,1,0,90,CASH
S0001880,2026-02-20,P011,C0002,2,2,26,UPI
S0001881,2026-02-20,P003,C0053,1,0,155,UPI
S0001882,2026-02-20,P017,C0088,1,0,90,CREDIT
S0001883,2026-02-20,P012,C0093,4,0,208,CARD
S0001884,2026-02-20,P009,C0005,1,0,25,UPI
S0001885,2026-02-20,P020,C0008,2,0,100,CASH
S0001886,2026-02-20,P020,C0016,1,5,45,UPI
S0001887,2026-02-20,P003,C0078,1,10,145,CASH
S0001888,2026-02-20,P013,C0098,4,5,120,CASH
S0001889,2026-02-21,P004,C0024,1,5,140,CARD
S0001890,2026-02-21,P010,C0085,1,0,18,UPI
S0001891,2026-02-21,P021,,3,0,90,CARD
S0001892,2026-02-21,P014,,6,5,240,CARD
S0001893,2026-02-21,P009,C0100,1,0,25,UPI
S0001894,2026-02-21,P009,C0008,2,10,30,CREDIT
S0001895,2026-02-21,P013,C0008,1,0,35,CARD
S0001896,2026-02-21,P009,C0057,2,0,50,UPI
S0001897,2026-02-21,P016,C0079,2,0,270,CREDIT
S0001898,2026-02-21,P006,C0063,6,5,120,UPI
S0001899,2026-02-21,P005,C0099,2,2,100,CREDIT
S0001900,2026-02-21,P007,C0083,1,2,108,UPI
S0001901,2026-02-21,P015,C0034,1,5,33,UPI
S0001902,2026-02-21,P002,C0010,1,0,255,CARD
S0001903,2026-02-21,P015,,1,0,38,CREDIT
S0001904,2026-02-21,P005,C0082,1,5,47,UPI
S0001905,2026-02-21,P002,C0050,4,5,1000,CARD
S0001906,2026-02-21,P005,C0043,2,5,94,CREDIT
S0001907,2026-02-21,P019,C0066,2,0,144,CREDIT
S0001908,2026-02-21,P016,C0052,1,0,135,UPI
S0001909,2026-02-21,P018,C0001,4,0,380,CREDIT
S0001910,2026-02-21,P023,C0100,3,10,120,CREDIT
S0001911,2026-02-21,P004,C0069,1,2,143,CARD
S0001912,2026-02-21,P011,C0039,3,5,30,CREDIT
S0001913,2026-02-21,P002,C0083,2,5,500,UPI
S0001914,2026-02-21,P012,,1,2,50,CARD
S0001915,2026-02-21,P003,C0059,2,10,290,CARD
S0001916,2026-02-21,P021,C0023,2,0,60,UPI
S0001917,2026-02-21,P013,C0025,1,5,30,CARD
S0001918,2026-02-21,P023,,5,0,250,UPI
S0001919,2026-02-21,P021,C0046,4,5,100,CREDIT
S0001920,2026-02-21,P003,C0057,2,5,300,CASH
S0001921,2026-02-21,P005,C0025,2,0,104,UPI
S0001922,2026-02-21,P024,C0031,1,2,30,CREDIT
S0001923,2026-02-21,P013,,2,0,70,CARD
S0001924,2026-02-21,P016,,2,2,266,CREDIT
S0001925,2026-02-21,P001,C0044,1,0,310,UPI
S0001926,2026-02-21,P011,C0093,2,10,10,UPI
S0001927,2026-02-21,P013,C0028,3,0,105,CREDIT
S0001928,2026-02-21,P022,,2,10,190,CASH
S0001929,2026-02-21,P024,C0030,1,2,30,UPI
S0001930,2026-02-21,P002,C0019,3,5,750,CREDIT
S0001931,2026-02-21,P021,C0061,1,0,30,UPI
S0001932,2026-02-21,P008,C0084,1,5,90,CASH
S0001933,2026-02-21,P001,C0081,1,0,310,UPI
S0001934,2026-02-21,P010,,1,10,8,UPI
S0001935,2026-02-21,P015,C0022,3,2,108,UPI
S0001936,2026-02-21,P004,C0064,2,0,290,CASH
S0001937,2026-02-21,P003,C0026,1,10,145,CREDIT
S0001938,2026-02-21,P011,,4,10,20,CREDIT
S0001939,2026-02-21,P011,C0088,4,0,60,CASH
S0001940,2026-02-21,P011,,4,10,20,CASH
S0001941,2026-02-21,P002,C0023,1,2,253,CARD
S0001942,2026-02-21,P003,C0036,2,0,310,CASH
S0001943,2026-02-22,P014,C0090,2,0,90,CARD
S0001944,2026-02-22,P018,C0057,2,0,190,CASH
S0001945,2026-02-22,P019,C0018,1,0,72,UPI
S0001946,2026-02-22,P021,C0049,2,2,56,CASH
S0001947,2026-02-22,P001,C0011,3,0,930,UPI
S0001948,2026-02-22,P001,,1,0,310,UPI
S0001949,2026-02-22,P023,C0076,3,5,135,CARD
S0001950,2026-02-22,P014,,5,5,200,CREDIT
S0001951,2026-02-22,P023,C0027,1,0,50,CASH
S0001952,2026-02-22,P021,C0067,2,0,60,CREDIT
S0001953,2026-02-22,P014,C0023,1,0,45,UPI
S0001954,2026-02-22,P020,C0092,3,0,150,CREDIT
S0001955,2026-02-22,P020,C0081,2,0,100,CARD
S0001956,2026-02-22,P012,C0001,2,0,104,CASH
S0001957,2026-02-22,P007,C0068,3,0,330,UPI
S0001958,2026-02-22,P020,,1,0,50,CASH
S0001959,2026-02-22,P015,C0081,4,10,112,CASH
S0001960,2026-02-22,P009,C0025,2,0,50,UPI
S0001961,2026-02-22,P005,,1,5,47,CREDIT
S0001962,2026-02-22,P016,C0021,2,0,270,UPI
S0001963,2026-02-22,P002,C0047,3,5,750,CARD
S0001964,2026-02-22,P007,C0033,1,0,110,CARD
S0001965,2026-02-22,P020,,4,10,160,CREDIT
S0001966,2026-02-22,P002,C0095,4,0,1020,UPI
S0001967,2026-02-22,P018,C0021,1,0,95,UPI
S0001968,2026-02-22,P016,C0015,6,2,798,UPI
S0001969,2026-02-22,P008,C0057,1,5,90,CARD
S0001970,2026-02-22,P014,C0096,1,0,45,CARD
S0001971,2026-02-22,P008,C0015,1,10,85,CARD
S0001972,2026-02-22,P008,C0031,4,0,380,CREDIT
S0001973,2026-02-22,P007,,2,0,220,CASH
S0001974,2026-02-22,P003,C0075,1,0,155,CREDIT
S0001975,2026-02-22,P002,C0019,2,0,510,CASH
S0001976,2026-02-22,P020,C0023,2,0,100,CREDIT
S0001977,2026-02-22,P012,C0059,1,0,52,CASH
S0001978,2026-02-22,P021,C0035,4,0,120,CASH
S0001979,2026-02-22,P011,C0005,3,0,45,UPI
S0001980,2026-02-22,P009,C0015,2,0,50,CREDIT
S0001981,2026-02-22,P015,C0022,5,0,190,CARD
S0001982,2026-02-23,P008,C0078,1,0,95,CASH
S0001983,2026-02-23,P021,,4,2,112,CASH
S0001984,2026-02-23,P019,,2,2,140,CASH
S0001985,2026-02-23,P003,,1,0,155,CREDIT
S0001986,2026-02-23,P007,C0061,1,2,108,CREDIT
S0001987,2026-02-23,P009,C0094,2,0,50,CREDIT
S0001988,2026-02-23,P024,C0032,2,10,44,CASH
S0001989,2026-02-23,P011,C0075,3,0,45,CASH
S0001990,2026-02-23,P019,,4,0,288,UPI
S0001991,2026-02-23,P014,C0006,1,0,45,CREDIT
S0001992,2026-02-23,P024,C0065,3,10,66,UPI
S0001993,2026-02-23,P014,C0051,1,2,43,CREDIT
S0001994,2026-02-23,P023,C0013,4,10,160,CREDIT
S0001995,2026-02-23,P016,C0011,3,0,405,UPI
S0001996,2026-02-23,P023,C0053,2,5,90,CASH
S0001997,2026-02-23,P005,C0038,3,0,156,CASH
S0001998,2026-02-23,P021,C0003,1,0,30,CREDIT
S0001999,2026-02-23,P022,C0021,2,0,210,CREDIT
S0002000,2026-02-23,P019,C0075,3,5,201,UPI
S0002001,2026-02-23,P015,C0099,2,0,76,CASH
S0002002,2026-02-23,P023,C0024,1,0,50,CARD
S0002003,2026-02-23,P021,C0091,2,0,60,UPI
S0002004,2026-02-23,P021,C0050,3,0,90,CARD
S0002005,2026-02-23,P017,C0038,1,0,90,CREDIT
S0002006,2026-02-23,P009,C0079,1,5,20,CASH
S0002007,2026-02-23,P022,C0080,3,0,315,CARD
S0002008,2026-02-23,P024,C0066,3,0,96,CARD
S0002009,2026-02-23,P002,C0050,1,0,255,CARD
S0002010,2026-02-23,P015,C0006,1,2,36,CARD
S0002011,2026-02-23,P012,C0083,1,0,52,UPI
S0002012,2026-02-23,P018,C0100,1,5,90,CASH
S0002013,2026-02-23,P005,C0031,2,0,104,UPI
S0002014,2026-02-23,P021,C0095,3,0,90,CASH
S0002015,2026-02-23,P024,C0029,2,10,44,CARD
S0002016,2026-02-23,P012,C0065,2,0,104,CREDIT
S0002017,2026-02-23,P009,C0009,1,0,25,CARD
S0002018,2026-02-23,P012,C0063,4,0,208,UPI
S0002019,2026-02-23,P016,C0069,2,5,260,CARD
S0002020,2026-02-24,P015,C0048,1,2,36,UPI
S0002021,2026-02-24,P007,C0012,2,0,220,UPI
S0002022,2026-02-24,P013,C0037,1,0,35,UPI
S0002023,2026-02-24,P004,C0036,1,0,145,UPI
S0002024,2026-02-24,P023,C0064,4,0,200,CASH
S0002025,2026-02-24,P007,C0081,1,2,108,UPI
S0002026,2026-02-24,P010,C0088,3,0,54,CASH
S0002027,2026-02-24,P016,C0054,1,0,135,CREDIT
S0002028,2026-02-24,P024,C0003,2,5,54,CARD
S0002029,2026-02-24,P007,C0003,2,0,220,CASH
S0002030,2026-02-24,P017,C0043,2,5,170,CREDIT
S0002031,2026-02-24,P019,C0084,1,0,72,CARD
S0002032,2026-02-24,P016,C0086,1,2,133,CREDIT
S0002033,2026-02-24,P015,C0073,1,0,38,CASH
S0002034,2026-02-24,P010,,1,0,18,CARD
S0002035,2026-02-24,P008,C0048,2,0,190,CARD
S0002036,2026-02-24,P002,C0046,5,0,1275,CARD
S0002037,2026-02-24,P015,C0080,4,0,152,CASH
S0002038,2026-02-24,P023,C0037,3,2,144,CASH
S0002039,2026-02-24,P006,C0091,3,10,45,CASH
S0002040,2026-02-24,P006,C0015,2,0,50,UPI
S0002041,2026-02-24,P011,C0017,1,2,13,CREDIT
S0002042,2026-02-24,P009,C0024,4,0,100,CASH
S0002043,2026-02-24,P018,C0005,2,5,180,CARD
S0002044,2026-02-24,P012,C0048,2,0,104,CREDIT
S0002045,2026-02-24,P018,C0069,1,0,95,CARD
S0002046,2026-02-24,P004,C0052,2,0,290,CREDIT
S0002047,2026-02-25,P005,,2,0,104,CARD
S0002048,2026-02-25,P005,C0095,1,0,52,CARD
S0002049,2026-02-25,P021,C0038,6,5,150,CREDIT
S0002050,2026-02-25,P010,C0074,1,10,8,CASH
S0002051,2026-02-25,P019,,2,5,134,CREDIT
S0002052,2026-02-25,P011,C0015,1,5,10,CREDIT
S0002053,2026-02-25,P002,C0087,3,0,765,UPI
S0002054,2026-02-25,P010,C0052,4,0,72,CASH
S0002055,2026-02-25,P015,C0012,1,0,38,CARD
S0002056,2026-02-25,P002,C0083,4,2,1012,CASH
S0002057,2026-02-25,P019,C0029,1,2,70,CARD
S0002058,2026-02-25,P007,C0011,4,0,440,CREDIT
S0002059,2026-02-25,P022,C0012,3,5,300,CREDIT
S0002060,2026-02-25,P007,C0041,3,0,330,UPI
S0002061,2026-02-25,P022,C0051,1,0,105,CASH
S0002062,2026-02-25,P023,C0055,5,10,200,CARD
S0002063,2026-02-25,P013,C0002,3,0,105,CARD
S0002064,2026-02-25,P012,C0040,1,0,52,CREDIT
S0002065,2026-02-25,P018,C0028,3,0,285,CREDIT
S0002066,2026-02-25,P024,,1,0,32,CREDIT
S0002067,2026-02-25,P010,,4,0,72,CREDIT
S0002068,2026-02-25,P024,C0018,1,0,32,UPI
S0002069,2026-02-25,P005,C0039,3,0,156,CREDIT
S0002070,2026-02-25,P017,C0009,2,0,180,CREDIT
S0002071,2026-02-25,P003,C0053,1,0,155,CARD
S0002072,2026-02-25,P014,C0072,1,0,45,CREDIT
S0002073,2026-02-25,P023,C0097,1,2,48,CASH
S0002074,2026-02-25,P007,,2,0,220,CREDIT
S0002075,2026-02-25,P010,C0063,1,2,16,UPI
S0002076,2026-02-25,P010,C0075,2,10,16,CARD
S0002077,2026-02-25,P016,C0095,1,2,133,CREDIT
S0002078,2026-02-25,P008,,1,0,95,UPI
S0002079,2026-02-25,P005,C0039,3,0,156,CREDIT
S0002080,2026-02-25,P004,C0086,1,5,140,CARD
S0002081,2026-02-26,P014,C0063,2,0,90,CASH
S0002082,2026-02-26,P001,C0098,2,0,620,CARD
S0002083,2026-02-26,P016,C0077,4,0,540,CARD
S0002084,2026-02-26,P019,C0073,1,0,72,CREDIT
S0002085,2026-02-26,P009,C0088,1,5,20,CREDIT
S0002086,2026-02-26,P023,C0016,1,10,40,CARD
S0002087,2026-02-26,P017,C0074,3,5,255,UPI
S0002088,2026-02-26,P009,C0075,1,0,25,UPI
S0002089,2026-02-26,P005,C0060,2,0,104,CASH
S0002090,2026-02-26,P012,C0007,6,0,312,CARD
S0002091,2026-02-26,P012,C0082,4,0,208,CARD
S0002092,2026-02-26,P002,C0038,2,0,510,UPI
S0002093,2026-02-26,P017,C0099,1,0,90,CASH
S0002094,2026-02-26,P004,C0097,3,2,429,CASH
S0002095,2026-02-26,P018,,2,0,190,CARD
S0002096,2026-02-26,P022,C0039,1,10,95,CARD
S0002097,2026-02-26,P022,C0089,1,5,100,CARD
S0002098,2026-02-26,P004,C0075,4,2,572,CARD
S0002099,2026-02-26,P005,C0018,2,0,104,CARD
S0002100,2026-02-26,P012,C0063,3,10,126,CREDIT
S0002101,2026-02-26,P011,C0014,4,0,60,CASH
S0002102,2026-02-26,P005,C0029,2,2,100,CASH
S0002103,2026-02-26,P018,C0089,2,2,186,UPI
S0002104,2026-02-26,P014,,2,0,90,UPI
S0002105,2026-02-26,P004,C0017,1,10,135,UPI
S0002106,2026-02-26,P016,C0040,2,0,270,CARD
S0002107,2026-02-26,P005,C0057,3,10,126,CARD
S0002108,2026-02-26,P006,C0039,2,5,40,UPI
S0002109,2026-02-26,P024,C0016,4,10,88,CASH
S0002110,2026-02-26,P005,C0089,2,10,84,CASH
S0002111,2026-02-26,P023,C0040,2,0,100,CASH
S0002112,2026-02-26,P007,C0011,2,0,220,CREDIT
S0002113,2026-02-26,P023,,2,10,80,UPI
S0002114,2026-02-26,P003,C0100,3,0,465,CREDIT
S0002115,2026-02-26,P014,C0026,1,0,45,UPI
S0002116,2026-02-26,P002,C0085,2,10,490,UPI
S0002117,2026-02-26,P016,,1,0,135,CARD
S0002118,2026-02-26,P002,C0039,1,0,255,UPI
S0002119,2026-02-26,P004,C0016,2,10,270,CASH
S0002120,2026-02-26,P019,C0024,2,0,144,CARD
S0002121,2026-02-26,P001,C0019,5,0,1550,CARD
S0002122,2026-02-26,P019,C0046,2,0,144,CASH
S0002123,2026-02-26,P017,C0094,3,10,240,CASH
S0002124,2026-02-26,P017,C0009,2,2,176,UPI
S0002125,2026-02-27,P019,C0002,1,10,62,CASH
S0002126,2026-02-27,P023,C0037,1,0,50,CASH
S0002127,2026-02-27,P018,C0093,2,0,190,UPI
S0002128,2026-02-27,P007,,1,2,108,CREDIT
S0002129,2026-02-27,P012,C0076,1,5,47,CASH
S0002130,2026-02-27,P015,C0014,1,5,33,CASH
S0002131,2026-02-27,P012,C0055,6,0,312,CASH
S0002132,2026-02-27,P017,C0053,1,0,90,UPI
S0002133,2026-02-27,P011,C0060,2,0,30,UPI
S0002134,2026-02-27,P017,C0064,1,0,90,CARD
S0002135,2026-02-27,P023,C0072,2,0,100,UPI
S0002136,2026-02-27,P003,C0064,1,0,155,UPI
S0002137,2026-02-27,P013,C0059,1,0,35,CARD
S0002138,2026-02-27,P022,C0057,2,10,190,CASH
S0002139,2026-02-27,P018,C0038,1,0,95,CREDIT
S0002140,2026-02-27,P007,C0009,1,10,100,CREDIT
S0002141,2026-02-27,P022,C0023,1,0,105,UPI
S0002142,2026-02-27,P022,C0087,1,0,105,UPI
S0002143,2026-02-27,P013,C0067,1,0,35,UPI
S0002144,2026-02-27,P004,C0051,1,0,145,CREDIT
S0002145,2026-02-27,P023,C0014,3,2,144,CASH
S0002146,2026-02-27,P003,C0026,2,0,310,CARD
S0002147,2026-02-27,P007,,2,2,216,CREDIT
S0002148,2026-02-27,P004,,1,0,145,CREDIT
S0002149,2026-02-27,P024,C0036,5,0,160,CARD
S0002150,2026-02-27,P021,C0046,1,0,30,CREDIT
S0002151,2026-02-27,P022,C0052,1,2,103,CREDIT
S0002152,2026-02-27,P017,C0019,2,0,180,CREDIT
S0002153,2026-02-27,P004,C0033,1,0,145,CREDIT
S0002154,2026-02-27,P016,C0081,1,0,135,CASH
S0002155,2026-02-27,P001,C0095,2,0,620,UPI
S0002156,2026-02-27,P003,C0087,4,0,620,UPI
S0002157,2026-02-27,P006,C0078,2,0,50,CARD
S0002158,2026-02-27,P005,C0080,3,0,156,UPI
S0002159,2026-02-27,P003,C0097,6,5,900,CREDIT
S0002160,2026-02-27,P015,C0038,1,0,38,CREDIT
S0002161,2026-02-27,P016,C0034,1,2,133,CARD
S0002162,2026-02-28,P018,C0003,1,2,93,UPI
S0002163,2026-02-28,P014,C0050,4,0,180,CREDIT
S0002164,2026-02-28,P011,C0049,3,10,15,CREDIT
S0002165,2026-02-28,P015,C0005,2,0,76,CASH
S0002166,2026-02-28,P018,,1,5,90,CARD
S0002167,2026-02-28,P023,C0063,3,0,150,CREDIT
S0002168,2026-02-28,P005,C0092,5,0,260,CREDIT
S0002169,2026-02-28,P016,C0015,3,10,375,CREDIT
S0002170,2026-02-28,P022,C0088,1,2,103,CREDIT
S0002171,2026-02-28,P016,,2,2,266,CASH
S0002172,2026-02-28,P017,C0051,1,0,90,CARD
S0002173,2026-02-28,P016,C0049,1,2,133,CARD
S0002174,2026-02-28,P010,C0008,1,0,18,UPI
S0002175,2026-02-28,P019,C0017,2,0,144,CARD
S0002176,2026-02-28,P012,C0095,2,10,84,UPI
S0002177,2026-02-28,P021,C0049,1,0,30,UPI
S0002178,2026-02-28,P014,C0046,1,0,45,CREDIT
S0002179,2026-02-28,P012,C0085,2,0,104,CASH
S0002180,2026-02-28,P008,C0083,1,0,95,CARD
S0002181,2026-02-28,P019,,1,0,72,UPI
S0002182,2026-02-28,P010,C0044,1,0,18,CASH
S0002183,2026-02-28,P001,C0042,3,2,924,UPI
S0002184,2026-02-28,P015,,1,5,33,CREDIT
S0002185,2026-02-28,P019,,1,2,70,CREDIT
S0002186,2026-02-28,P009,C0090,1,0,25,CREDIT
S0002187,2026-02-28,P019,C0041,5,0,360,CREDIT
S0002188,2026-02-28,P019,C0042,2,0,144,UPI
S0002189,2026-02-28,P016,C0089,2,0,270,CASH
S0002190,2026-02-28,P011,C0065,1,0,15,CARD
S0002191,2026-02-28,P006,C0039,2,2,46,CARD
S0002192,2026-02-28,P014,C0064,1,0,45,UPI
S0002193,2026-02-28,P018,C0037,2,0,190,CARD
S0002194,2026-02-28,P002,C0074,4,0,1020,CREDIT
S0002195,2026-02-28,P008,C0096,2,2,186,UPI
S0002196,2026-02-28,P023,C0075,4,10,160,UPI
S0002197,2026-02-28,P019,C0035,3,0,216,UPI
S0002198,2026-02-28,P019,C0068,1,10,62,CREDIT
S0002199,2026-03-01,P014,C0045,2,0,90,UPI
S0002200,2026-03-01,P021,C0039,1,10,20,CARD
S0002201,2026-03-01,P014,C0070,1,5,40,CARD
S0002202,2026-03-01,P007,C0052,2,0,220,CARD
S0002203,2026-03-01,P020,C0059,1,2,48,CASH
S0002204,2026-03-01,P001,C0091,2,5,610,CASH
S0002205,2026-03-01,P019,C0028,2,0,144,CREDIT
S0002206,2026-03-01,P009,C0069,1,5,20,CREDIT
S0002207,2026-03-01,P019,C0081,1,5,67,UPI
S0002208,2026-03-01,P017,C0047,2,0,180,CREDIT
S0002209,2026-03-01,P005,C0020,1,0,52,CARD
S0002210,2026-03-01,P014,C0041,3,0,135,UPI
S0002211,2026-03-01,P021,,2,0,60,CREDIT
S0002212,2026-03-01,P009,C0037,4,10,60,CASH
S0002213,2026-03-01,P009,C0077,2,5,40,CASH
S0002214,2026-03-01,P013,C0015,2,0,70,CASH
S0002215,2026-03-01,P007,C0032,2,0,220,CARD
S0002216,2026-03-01,P015,C0072,1,0,38,CREDIT
S0002217,2026-03-01,P014,,1,5,40,UPI
S0002218,2026-03-01,P007,C0035,3,0,330,CASH
S0002219,2026-03-01,P001,,2,0,620,CARD
S0002220,2026-03-01,P022,C0023,3,2,309,UPI
S0002221,2026-03-01,P024,,3,0,96,UPI
S0002222,2026-03-01,P002,,4,10,980,UPI
S0002223,2026-03-01,P011,C0039,4,2,52,UPI
S0002224,2026-03-01,P014,C0086,2,0,90,UPI
S0002225,2026-03-01,P013,C0093,1,10,25,CASH
S0002226,2026-03-01,P008,C0074,2,0,190,UPI
S0002227,2026-03-01,P017,,1,5,85,CARD
S0002228,2026-03-01,P016,C0031,2,0,270,UPI
S0002229,2026-03-01,P011,,3,0,45,CREDIT
S0002230,2026-03-01,P024,C0031,2,5,54,CREDIT
S0002231,2026-03-01,P007,C0014,1,0,110,CASH
S0002232,2026-03-01,P007,C0057,1,0,110,CREDIT
S0002233,2026-03-01,P009,C0076,2,10,30,UPI
S0002234,2026-03-01,P016,C0048,1,2,133,UPI
S0002235,2026-03-01,P011,C0055,4,2,52,CREDIT
S0002236,2026-03-01,P022,C0036,1,0,105,CASH
S0002237,2026-03-01,P012,C0092,1,0,52,CARD
S0002238,2026-03-01,P010,C0083,1,0,18,UPI
S0002239,2026-03-01,P024,,2,5,54,UPI
S0002240,2026-03-01,P023,C0086,2,10,80,CASH
S0002241,2026-03-01,P009,C0050,1,2,23,CARD
S0002242,2026-03-01,P021,C0047,1,5,25,UPI
S0002243,2026-03-01,P018,C0031,1,10,85,CREDIT
S0002244,2026-03-01,P013,,1,0,35,CREDIT
S0002245,2026-03-01,P009,C0012,2,0,50,CASH
S0002246,2026-03-01,P010,,2,0,36,CASH
S0002247,2026-03-01,P015,C0041,1,5,33,CREDIT
S0002248,2026-03-01,P002,,1,0,255,UPI
S0002249,2026-03-02,P016,C0095,2,0,270,CREDIT
S0002250,2026-03-02,P011,C0055,1,5,10,UPI
S0002251,2026-03-02,P006,C0034,2,5,40,UPI
S0002252,2026-03-02,P012,C0078,5,0,260,CARD
S0002253,2026-03-02,P015,C0004,1,5,33,UPI
S0002254,2026-03-02,P021,C0024,1,5,25,CREDIT
S0002255,2026-03-02,P021,C0001,1,0,30,CREDIT
S0002256,2026-03-02,P007,C0040,1,5,105,CARD
S0002257,2026-03-02,P019,C0015,1,0,72,CASH
S0002258,2026-03-02,P008,C0092,1,2,93,CASH
S0002259,2026-03-02,P020,C0053,3,5,135,CARD
S0002260,2026-03-02,P015,,2,0,76,CASH
S0002261,2026-03-02,P009,C0088,1,0,25,CARD
S0002262,2026-03-02,P010,C0011,4,0,72,CREDIT
S0002263,2026-03-02,P012,C0051,1,0,52,CREDIT
S0002264,2026-03-02,P019,C0003,5,0,360,UPI
S0002265,2026-03-02,P018,C0079,1,5,90,CASH
S0002266,2026-03-02,P003,C0026,4,0,620,CARD
S0002267,2026-03-02,P023,C0022,2,10,80,UPI
S0002268,2026-03-02,P013,C0055,3,2,99,CARD
S0002269,2026-03-02,P005,C0048,6,0,312,CASH
S0002270,2026-03-02,P019,C0002,1,0,72,CREDIT
S0002271,2026-03-02,P015,C0087,5,10,140,CREDIT
S0002272,2026-03-02,P004,C0092,1,0,145,CASH
S0002273,2026-03-02,P007,,1,10,100,CARD
S0002274,2026-03-02,P010,C0064,1,5,13,CREDIT
S0002275,2026-03-02,P005,,2,0,104,CASH
S0002276,2026-03-02,P020,,1,0,50,CARD
S0002277,2026-03-02,P024,C0025,2,5,54,CREDIT
S0002278,2026-03-02,P006,,2,0,50,CASH
S0002279,2026-03-02,P001,C0034,3,0,930,CASH
S0002280,2026-03-02,P020,,3,0,150,CASH
S0002281,2026-03-02,P012,C0088,2,2,100,CREDIT
S0002282,2026-03-02,P003,C0061,1,0,155,CASH
S0002283,2026-03-02,P011,C0051,1,5,10,CASH
S0002284,2026-03-02,P023,C0091,1,0,50,CREDIT
S0002285,2026-03-02,P024,C0033,1,2,30,UPI
S0002286,2026-03-02,P004,C0008,1,2,143,UPI
S0002287,2026-03-03,P011,C0061,2,0,30,CARD
S0002288,2026-03-03,P020,,1,5,45,UPI
S0002289,2026-03-03,P001,C0065,2,0,620,CREDIT
S0002290,2026-03-03,P010,C0086,2,0,36,CARD
S0002291,2026-03-03,P005,C0006,2,2,100,CASH
S0002292,2026-03-03,P009,C0065,1,0,25,CREDIT
S0002293,2026-03-03,P011,C0017,6,0,90,UPI
S0002294,2026-03-03,P011,C0068,4,5,40,CREDIT
S0002295,2026-03-03,P005,C0015,2,0,104,CARD
S0002296,2026-03-03,P002,C0064,2,0,510,CARD
S0002297,2026-03-03,P024,,2,0,64,CREDIT
S0002298,2026-03-03,P010,C0079,1,0,18,CARD
S0002299,2026-03-03,P017,C0056,1,0,90,CASH
S0002300,2026-03-03,P011,C0063,1,5,10,CASH
S0002301,2026-03-03,P018,,2,10,170,CREDIT
S0002302,2026-03-03,P002,C0020,2,0,510,UPI
S0002303,2026-03-03,P008,C0005,1,0,95,CREDIT
S0002304,2026-03-03,P009,C0091,5,0,125,CREDIT
S0002305,2026-03-03,P014,,4,0,180,CREDIT
S0002306,2026-03-03,P002,C0046,3,0,765,CREDIT
S0002307,2026-03-03,P015,C0015,2,0,76,CASH
S0002308,2026-03-03,P004,C0012,4,0,580,CASH
S0002309,2026-03-03,P010,,1,0,18,CASH
S0002310,2026-03-03,P024,,3,2,90,CARD
S0002311,2026-03-03,P019,C0075,1,5,67,CASH
S0002312,2026-03-03,P019,C0068,3,0,216,CASH
S0002313,2026-03-03,P014,C0032,1,0,45,CREDIT
S0002314,2026-03-03,P022,,4,0,420,CARD
S0002315,2026-03-03,P001,C0088,5,0,1550,UPI
S0002316,2026-03-03,P013,C0076,1,0,35,UPI
S0002317,2026-03-03,P011,C0004,2,0,30,UPI
S0002318,2026-03-03,P015,C0091,6,10,168,CREDIT
S0002319,2026-03-03,P015,C0035,2,5,66,UPI
S0002320,2026-03-03,P011,C0084,4,0,60,CREDIT
S0002321,2026-03-03,P011,C0094,2,5,20,CASH
S0002322,2026-03-03,P007,C0007,1,10,100,CARD
S0002323,2026-03-04,P011,C0008,3,10,15,UPI
S0002324,2026-03-04,P018,C0049,1,2,93,UPI
S0002325,2026-03-04,P013,C0023,2,0,70,CASH
S0002326,2026-03-04,P013,C0003,2,0,70,CASH
S0002327,2026-03-04,P006,C0100,2,0,50,CREDIT
S0002328,2026-03-04,P010,C0097,4,5,52,CASH
S0002329,2026-03-04,P004,C0063,6,0,870,CREDIT
S0002330,2026-03-04,P024,,1,10,22,CARD
S0002331,2026-03-04,P022,C0017,3,2,309,CARD
S0002332,2026-03-04,P022,,3,0,315,CARD
S0002333,2026-03-04,P017,C0063,2,0,180,CREDIT
S0002334,2026-03-04,P013,C0035,5,0,175,CREDIT
S0002335,2026-03-04,P003,C0055,1,10,145,CARD
S0002336,2026-03-04,P020,C0056,1,0,50,CREDIT
S0002337,2026-03-04,P003,C0066,4,0,620,CARD
S0002338,2026-03-04,P015,C0029,2,5,66,CASH
S0002339,2026-03-04,P016,C0081,4,2,532,UPI
S0002340,2026-03-04,P010,C0056,4,0,72,UPI
S0002341,2026-03-04,P016,C0020,1,0,135,CASH
S0002342,2026-03-04,P022,,4,0,420,CASH
S0002343,2026-03-04,P017,C0038,2,0,180,UPI
S0002344,2026-03-04,P018,,2,0,190,UPI
S0002345,2026-03-04,P017,C0066,2,0,180,CREDIT
S0002346,2026-03-04,P014,C0060,5,0,225,CARD
S0002347,2026-03-04,P012,C0075,1,0,52,UPI
S0002348,2026-03-04,P017,C0015,2,0,180,CREDIT
S0002349,2026-03-04,P006,C0024,2,10,30,CREDIT
S0002350,2026-03-04,P002,C0054,3,0,765,CARD
S0002351,2026-03-04,P011,C0093,2,2,26,CREDIT
S0002352,2026-03-04,P022,C0080,1,0,105,CARD
S0002353,2026-03-04,P011,,1,10,5,CASH
S0002354,2026-03-05,P007,C0011,1,0,110,CARD
S0002355,2026-03-05,P022,C0056,1,0,105,UPI
S0002356,2026-03-05,P001,C0015,5,0,1550,UPI
S0002357,2026-03-05,P006,C0062,1,5,20,CREDIT
S0002358,2026-03-05,P023,,6,0,300,CREDIT
S0002359,2026-03-05,P010,,2,2,32,CARD
S0002360,2026-03-05,P023,C0089,3,5,135,CREDIT
S0002361,2026-03-05,P010,C0017,1,0,18,CASH
S0002362,2026-03-05,P001,C0015,1,0,310,UPI
S0002363,2026-03-05,P023,,3,0,150,UPI
S0002364,2026-03-05,P007,C0084,3,0,330,CASH
S0002365,2026-03-05,P021,C0056,3,0,90,CASH
S0002366,2026-03-05,P003,C0099,1,0,155,CREDIT
S0002367,2026-03-05,P005,C0055,3,0,156,UPI
S0002368,2026-03-05,P004,,3,0,435,CASH
S0002369,2026-03-05,P024,C0057,2,5,54,CREDIT
S0002370,2026-03-05,P016,,3,0,405,CREDIT
S0002371,2026-03-05,P019,C0026,4,0,288,CARD
S0002372,2026-03-05,P019,,2,10,124,CREDIT
S0002373,2026-03-05,P002,C0002,1,0,255,UPI
S0002374,2026-03-05,P021,C0092,2,10,40,CREDIT
S0002375,2026-03-05,P014,C0064,1,10,35,CARD
S0002376,2026-03-05,P002,C0052,1,0,255,CREDIT
S0002377,2026-03-05,P017,C0093,1,2,88,CREDIT
S0002378,2026-03-05,P008,C0008,1,5,90,UPI
S0002379,2026-03-05,P014,C0041,1,2,43,UPI
S0002380,2026-03-05,P009,C0054,1,5,20,CREDIT
S0002381,2026-03-05,P004,C0080,3,0,435,CARD
S0002382,2026-03-05,P015,C0056,5,5,165,UPI
S0002383,2026-03-05,P006,C0093,1,0,25,CASH
S0002384,2026-03-05,P016,C0057,5,0,675,CASH
S0002385,2026-03-05,P017,C0076,2,0,180,CARD
S0002386,2026-03-06,P020,,2,10,80,CREDIT
S0002387,2026-03-06,P005,C0093,3,0,156,CREDIT
S0002388,2026-03-06,P014,C0087,3,10,105,CARD
S0002389,2026-03-06,P016,,1,10,125,CASH
S0002390,2026-03-06,P020,C0037,1,0,50,UPI
S0002391,2026-03-06,P022,C0017,1,0,105,CASH
S0002392,2026-03-06,P007,C0078,1,0,110,CREDIT
S0002393,2026-03-06,P004,C0054,1,10,135,CREDIT
S0002394,2026-03-06,P010,C0027,1,0,18,UPI
S0002395,2026-03-06,P001,,3,0,930,CARD
S0002396,2026-03-06,P012,C0021,5,5,235,CASH
S0002397,2026-03-06,P017,,1,0,90,UPI
S0002398,2026-03-06,P011,C0015,4,0,60,CASH
S0002399,2026-03-06,P004,C0029,1,2,143,CREDIT
S0002400,2026-03-06,P009,,2,0,50,CARD
S0002401,2026-03-06,P002,,1,10,245,CARD
S0002402,2026-03-06,P005,C0089,2,10,84,UPI
S0002403,2026-03-06,P023,,6,0,300,CREDIT
S0002404,2026-03-06,P015,C0097,2,10,56,UPI
S0002405,2026-03-06,P004,C0079,1,10,135,UPI
S0002406,2026-03-06,P018,C0065,2,0,190,UPI
S0002407,2026-03-06,P006,C0016,1,5,20,CASH
S0002408,2026-03-06,P012,C0094,4,0,208,CARD
S0002409,2026-03-06,P023,C0098,2,0,100,CREDIT
S0002410,2026-03-06,P024,C0013,2,10,44,CASH
S0002411,2026-03-06,P021,C0043,2,0,60,CASH
S0002412,2026-03-06,P004,C0026,2,10,270,CREDIT
S0002413,2026-03-06,P014,C0099,1,10,35,UPI
S0002414,2026-03-06,P008,,2,10,170,CREDIT
S0002415,2026-03-06,P011,C0065,1,0,15,CASH
S0002416,2026-03-06,P003,C0048,3,0,465,CREDIT
S0002417,2026-03-07,P012,C0086,2,5,94,CASH
S0002418,2026-03-07,P005,C0097,2,10,84,CREDIT
S0002419,2026-03-07,P008,,1,0,95,CREDIT
S0002420,2026-03-07,P014,,3,0,135,CREDIT
S0002421,2026-03-07,P017,C0088,1,10,80,CARD
S0002422,2026-03-07,P001,C0019,2,0,620,UPI
S0002423,2026-03-07,P023,C0067,1,10,40,UPI
S0002424,2026-03-07,P003,C0041,1,0,155,CREDIT
S0002425,2026-03-07,P006,C0008,2,0,50,CREDIT
S0002426,2026-03-07,P002,,1,5,250,CASH
S0002427,2026-03-07,P019,C0081,3,0,216,CARD
S0002428,2026-03-07,P014,,1,0,45,CARD
S0002429,2026-03-07,P024,C0041,1,5,27,CARD
S0002430,2026-03-07,P001,C0036,2,10,600,CASH
S0002431,2026-03-07,P023,C0058,1,0,50,CASH
S0002432,2026-03-07,P018,,1,2,93,CREDIT
S0002433,2026-03-07,P023,,3,0,150,CREDIT
S0002434,2026-03-07,P007,C0011,1,0,110,UPI
S0002435,2026-03-07,P018,C0050,3,0,285,CASH
S0002436,2026-03-07,P017,C0037,1,2,88,CASH
S0002437,2026-03-07,P003,C0071,1,2,153,CARD
S0002438,2026-03-07,P017,C0097,3,0,270,CASH
S0002439,2026-03-07,P001,,1,0,310,CARD
S0002440,2026-03-07,P008,C0100,1,10,85,CARD
S0002441,2026-03-07,P024,C0065,1,0,32,UPI
S0002442,2026-03-07,P024,,1,0,32,CARD
S0002443,2026-03-07,P009,C0065,4,5,80,CARD
S0002444,2026-03-07,P004,C0097,1,0,145,UPI
S0002445,2026-03-07,P015,C0074,3,0,114,UPI
S0002446,2026-03-07,P015,C0031,4,0,152,CASH
S0002447,2026-03-07,P012,C0037,2,0,104,CASH
S0002448,2026-03-07,P023,C0067,4,0,200,CASH
S0002449,2026-03-07,P004,C0067,1,0,145,CASH
S0002450,2026-03-07,P012,C0013,5,0,260,CASH
S0002451,2026-03-07,P023,,1,0,50,CREDIT
S0002452,2026-03-07,P003,C0008,2,0,310,CREDIT
S0002453,2026-03-07,P005,C0028,2,0,104,CREDIT
S0002454,2026-03-07,P003,C0087,1,0,155,CREDIT
S0002455,2026-03-07,P019,C0067,2,2,140,CREDIT
S0002456,2026-03-07,P009,C0064,3,2,69,CREDIT
S0002457,2026-03-07,P015,,1,5,33,CREDIT
S0002458,2026-03-07,P024,,1,0,32,CASH
S0002459,2026-03-07,P005,C0017,3,2,150,CREDIT
S0002460,2026-03-07,P023,C0017,2,0,100,UPI
S0002461,2026-03-07,P023,C0059,5,0,250,CREDIT
S0002462,2026-03-07,P002,C0021,3,5,750,CARD
S0002463,2026-03-07,P004,,5,2,715,CREDIT
S0002464,2026-03-08,P004,C0048,1,0,145,CARD
S0002465,2026-03-08,P002,C0020,3,2,759,UPI
S0002466,2026-03-08,P012,C0048,2,0,104,CARD
S0002467,2026-03-08,P010,C0004,1,0,18,CASH
S0002468,2026-03-08,P005,C0076,1,10,42,CREDIT
S0002469,2026-03-08,P002,,5,0,1275,CARD
S0002470,2026-03-08,P007,,2,0,220,CREDIT
S0002471,2026-03-08,P001,C0071,2,0,620,CARD
S0002472,2026-03-08,P003,C0006,2,10,290,CREDIT
S0002473,2026-03-08,P016,C0040,1,2,133,CREDIT
S0002474,2026-03-08,P011,C0049,1,10,5,CREDIT
S0002475,2026-03-08,P024,C0078,1,10,22,CASH
S0002476,2026-03-08,P005,C0082,1,2,50,CREDIT
S0002477,2026-03-08,P015,C0058,3,5,99,CASH
S0002478,2026-03-08,P024,C0012,1,0,32,CREDIT
S0002479,2026-03-08,P013,,3,0,105,CREDIT
S0002480,2026-03-08,P011,C0006,4,2,52,CREDIT
S0002481,2026-03-08,P024,C0083,1,0,32,UPI
S0002482,2026-03-08,P006,C0004,2,5,40,CARD
S0002483,2026-03-08,P018,C0016,2,5,180,UPI
S0002484,2026-03-08,P007,C0070,4,2,432,UPI
S0002485,2026-03-08,P019,C0025,1,2,70,CREDIT
S0002486,2026-03-08,P017,C0016,2,0,180,CASH
S0002487,2026-03-08,P001,,2,0,620,CASH
S0002488,2026-03-08,P008,C0091,1,10,85,CREDIT
S0002489,2026-03-08,P003,C0069,1,10,145,CARD
S0002490,2026-03-08,P013,C0006,2,2,66,CREDIT
S0002491,2026-03-08,P001,C0056,3,0,930,CASH
S0002492,2026-03-08,P014,,1,0,45,CARD
S0002493,2026-03-08,P013,C0012,2,0,70,UPI
S0002494,2026-03-08,P004,C0022,1,2,143,CARD
S0002495,2026-03-08,P005,C0033,3,0,156,UPI
S0002496,2026-03-08,P005,C0053,1,0,52,CASH
S0002497,2026-03-08,P002,C0042,4,2,1012,CASH
S0002498,2026-03-08,P001,C0008,1,5,305,CARD
S0002499,2026-03-08,P013,C0041,1,0,35,CASH
S0002500,2026-03-08,P014,C0034,1,0,45,CREDIT
S0002501,2026-03-08,P004,C0026,1,0,145,CASH
S0002502,2026-03-08,P020,C0031,2,2,96,CREDIT
S0002503,2026-03-08,P017,C0065,1,10,80,CREDIT
S0002504,2026-03-08,P004,C0008,3,0,435,CARD
S0002505,2026-03-08,P015,C0053,1,2,36,UPI
S0002506,2026-03-08,P016,C0053,1,0,135,CASH
S0002507,2026-03-08,P001,C0071,1,0,310,UPI
S0002508,2026-03-09,P008,C0072,1,10,85,CASH
S0002509,2026-03-09,P010,C0053,2,2,32,CREDIT
S0002510,2026-03-09,P003,C0082,2,10,290,CASH
S0002511,2026-03-09,P005,C0070,1,0,52,CASH
S0002512,2026-03-09,P008,C0055,2,2,186,CREDIT
S0002513,2026-03-09,P002,,5,0,1275,CREDIT
S0002514,2026-03-09,P020,C0084,2,0,100,CASH
S0002515,2026-03-09,P001,,2,0,620,CREDIT
S0002516,2026-03-09,P009,C0033,1,2,23,CREDIT
S0002517,2026-03-09,P012,C0081,3,10,126,CASH
S0002518,2026-03-09,P019,C0066,3,10,186,CARD
S0002519,2026-03-09,P002,C0095,2,0,510,UPI
S0002520,2026-03-09,P010,C0051,6,0,108,UPI
S0002521,2026-03-09,P005,C0072,1,5,47,CARD
S0002522,2026-03-09,P014,C0079,1,0,45,CARD
S0002523,2026-03-09,P022,C0082,3,0,315,CARD
S0002524,2026-03-09,P023,C0035,3,0,150,CASH
S0002525,2026-03-09,P022,C0044,1,0,105,CASH
S0002526,2026-03-09,P015,C0043,1,2,36,UPI
S0002527,2026-03-09,P023,C0083,1,0,50,UPI
S0002528,2026-03-09,P020,C0001,1,0,50,UPI
S0002529,2026-03-09,P022,C0053,3,0,315,CREDIT
S0002530,2026-03-09,P013,C0011,2,2,66,UPI
S0002531,2026-03-09,P018,,1,0,95,CREDIT
S0002532,2026-03-09,P022,C0046,1,0,105,CREDIT
S0002533,2026-03-09,P020,C0050,1,0,50,CASH
S0002534,2026-03-09,P023,C0016,1,0,50,CREDIT
S0002535,2026-03-09,P012,C0057,2,0,104,UPI
S0002536,2026-03-09,P008,C0003,6,5,540,CARD
S0002537,2026-03-09,P022,C0046,4,5,400,CASH
S0002538,2026-03-09,P003,C0079,1,10,145,CARD
S0002539,2026-03-09,P023,C0030,4,0,200,CREDIT
S0002540,2026-03-09,P012,C0036,3,0,156,CREDIT
S0002541,2026-03-10,P023,C0078,1,5,45,CASH
S0002542,2026-03-10,P001,,1,0,310,CREDIT
S0002543,2026-03-10,P004,C0036,1,10,135,CREDIT
S0002544,2026-03-10,P006,C0025,1,2,23,CASH
S0002545,2026-03-10,P003,C0017,1,2,153,UPI
S0002546,2026-03-10,P005,,2,0,104,CASH
S0002547,2026-03-10,P017,,3,5,255,CARD
S0002548,2026-03-10,P007,C0087,2,10,200,UPI
S0002549,2026-03-10,P023,C0069,1,5,45,CARD
S0002550,2026-03-10,P022,,5,2,515,CREDIT
S0002551,2026-03-10,P001,C0083,5,0,1550,UPI
S0002552,2026-03-10,P011,,3,0,45,CREDIT
S0002553,2026-03-10,P009,C0088,6,0,150,CREDIT
S0002554,2026-03-10,P016,C0067,2,0,270,UPI
S0002555,2026-03-10,P024,C0007,5,0,160,CARD
S0002556,2026-03-10,P014,C0058,1,2,43,CARD
S0002557,2026-03-10,P001,C0025,1,0,310,CARD
S0002558,2026-03-10,P003,,1,2,153,UPI
S0002559,2026-03-10,P024,C0089,1,0,32,CREDIT
S0002560,2026-03-10,P003,C0026,1,0,155,CASH
S0002561,2026-03-10,P011,C0009,2,0,30,UPI
S0002562,2026-03-10,P001,C0056,3,0,930,UPI
S0002563,2026-03-10,P019,C0081,2,10,124,CARD
S0002564,2026-03-10,P009,C0014,1,0,25,CREDIT
S0002565,2026-03-10,P008,,3,0,285,UPI
S0002566,2026-03-10,P011,,2,2,26,CASH
S0002567,2026-03-10,P003,C0077,1,10,145,CREDIT
S0002568,2026-03-10,P004,C0058,2,5,280,UPI
S0002569,2026-03-10,P003,,1,0,155,UPI
S0002570,2026-03-10,P013,,1,0,35,UPI
S0002571,2026-03-10,P005,,4,0,208,CREDIT
S0002572,2026-03-10,P002,C0079,1,0,255,CREDIT
S0002573,2026-03-10,P003,C0087,2,0,310,UPI
S0002574,2026-03-10,P018,C0038,4,0,380,CREDIT
S0002575,2026-03-10,P013,C0080,3,0,105,CREDIT
S0002576,2026-03-10,P008,C0077,1,10,85,UPI
S0002577,2026-03-10,P015,C0060,1,0,38,CREDIT
S0002578,2026-03-10,P020,C0013,1,2,48,CARD
S0002579,2026-03-10,P021,,2,5,50,UPI
S0002580,2026-03-10,P015,C0043,2,2,72,CASH
S0002581,2026-03-11,P004,C0002,2,0,290,UPI
S0002582,2026-03-11,P019,,2,10,124,CASH
S0002583,2026-03-11,P019,C0082,1,0,72,CARD
S0002584,2026-03-11,P012,C0062,1,0,52,CREDIT
S0002585,2026-03-11,P006,C0018,3,0,75,UPI
S0002586,2026-03-11,P002,C0040,2,0,510,CREDIT
S0002587,2026-03-11,P017,C0097,2,5,170,CARD
S0002588,2026-03-11,P010,,2,2,32,CASH
S0002589,2026-03-11,P005,C0040,1,0,52,CARD
S0002590,2026-03-11,P010,C0002,1,0,18,CASH
S0002591,2026-03-11,P002,C0065,2,0,510,UPI
S0002592,2026-03-11,P014,C0026,1,0,45,CASH
S0002593,2026-03-11,P021,,1,0,30,UPI
S0002594,2026-03-11,P011,C0086,4,0,60,CREDIT
S0002595,2026-03-11,P023,C0060,6,5,270,CARD
S0002596,2026-03-11,P019,C0043,3,2,210,CARD
S0002597,2026-03-11,P014,C0021,4,0,180,UPI
S0002598,2026-03-11,P015,,1,10,28,UPI
S0002599,2026-03-11,P016,,5,0,675,UPI
S0002600,2026-03-11,P021,C0089,1,0,30,CASH
S0002601,2026-03-11,P015,C0028,5,2,180,CASH
S0002602,2026-03-11,P016,C0099,6,5,780,CARD
S0002603,2026-03-11,P024,C0027,3,0,96,CREDIT
S0002604,2026-03-11,P006,C0001,6,10,90,CARD
S0002605,2026-03-11,P001,C0046,2,0,620,UPI
S0002606,2026-03-11,P018,C0019,1,0,95,CARD
S0002607,2026-03-11,P015,C0081,2,0,76,CARD
S0002608,2026-03-11,P002,C0026,2,0,510,CASH
S0002609,2026-03-11,P010,C0029,1,0,18,CARD
S0002610,2026-03-11,P024,C0044,2,0,64,CASH
S0002611,2026-03-11,P006,C0003,6,0,150,CASH
S0002612,2026-03-11,P009,C0003,1,0,25,CASH
S0002613,2026-03-11,P013,,3,5,90,UPI
S0002614,2026-03-11,P011,C0040,4,0,60,CREDIT
S0002615,2026-03-11,P008,,5,0,475,CARD
S0002616,2026-03-12,P022,C0068,6,0,630,CREDIT
S0002617,2026-03-12,P023,C0016,3,0,150,CASH
S0002618,2026-03-12,P005,C0025,1,10,42,CASH
S0002619,2026-03-12,P018,C0089,2,0,190,CARD
S0002620,2026-03-12,P011,C0055,3,2,39,CASH
S0002621,2026-03-12,P002,C0079,1,10,245,CASH
S0002622,2026-03-12,P018,,2,0,190,CASH
S0002623,2026-03-12,P011,C0007,2,0,30,CARD
S0002624,2026-03-12,P005,C0066,1,10,42,CREDIT
S0002625,2026-03-12,P007,C0011,2,5,210,CREDIT
S0002626,2026-03-12,P022,C0009,3,2,309,CASH
S0002627,2026-03-12,P017,C0097,2,0,180,CARD
S0002628,2026-03-12,P016,C0060,1,2,133,CASH
S0002629,2026-03-12,P011,C0048,1,5,10,CREDIT
S0002630,2026-03-12,P023,C0061,1,0,50,CARD
S0002631,2026-03-12,P019,C0082,5,0,360,UPI
S0002632,2026-03-12,P007,,1,0,110,CASH
S0002633,2026-03-12,P015,C0031,2,10,56,CREDIT
S0002634,2026-03-12,P007,C0055,1,0,110,CREDIT
S0002635,2026-03-12,P019,,1,0,72,CARD
S0002636,2026-03-12,P009,C0011,4,2,92,CASH
S0002637,2026-03-12,P003,C0057,3,0,465,CARD
S0002638,2026-03-12,P008,C0006,1,2,93,CREDIT
S0002639,2026-03-12,P017,C0044,2,2,176,CREDIT
S0002640,2026-03-12,P015,C0056,1,0,38,CREDIT
S0002641,2026-03-12,P012,C0064,2,10,84,CARD
S0002642,2026-03-12,P009,C0004,2,0,50,CASH
S0002643,2026-03-12,P015,C0034,1,0,38,UPI
S0002644,2026-03-12,P012,C0038,1,0,52,UPI
S0002645,2026-03-12,P009,C0013,1,0,25,UPI
S0002646,2026-03-12,P003,C0005,4,0,620,CASH
S0002647,2026-03-12,P011,C0087,6,0,90,CARD
S0002648,2026-03-12,P009,C0096,1,0,25,CARD
S0002649,2026-03-12,P007,C0078,3,5,315,CASH
S0002650,2026-03-12,P023,C0070,1,5,45,CARD
S0002651,2026-03-12,P001,C0039,1,10,300,CARD
S0002652,2026-03-12,P012,C0052,3,10,126,CREDIT
S0002653,2026-03-12,P019,C0084,4,10,248,UPI
S0002654,2026-03-12,P016,C0066,5,5,650,CASH
S0002655,2026-03-12,P013,C0030,2,0,70,CASH
S0002656,2026-03-12,P016,C0067,1,0,135,CREDIT
S0002657,2026-03-12,P024,C0060,3,10,66,CARD
S0002658,2026-03-12,P003,,1,0,155,CASH
S0002659,2026-03-12,P014,C0090,2,10,70,CREDIT
S0002660,2026-03-12,P007,C0058,1,0,110,UPI
S0002661,2026-03-12,P012,C0074,2,0,104,CASH
S0002662,2026-03-12,P010,C0002,1,5,13,CREDIT
S0002663,2026-03-12,P022,C0046,1,10,95,CARD
S0002664,2026-03-12,P008,C0055,4,0,380,CREDIT
S0002665,2026-03-12,P023,C0039,1,2,48,CARD
S0002666,2026-03-13,P019,C0073,1,0,72,UPI
S0002667,2026-03-13,P005,C0043,1,0,52,CREDIT
S0002668,2026-03-13,P013,C0051,1,0,35,UPI
S0002669,2026-03-13,P018,C0025,4,0,380,CREDIT
S0002670,2026-03-13,P004,C0073,1,0,145,CREDIT
S0002671,2026-03-13,P021,C0012,5,0,150,CASH
S0002672,2026-03-13,P004,C0071,2,5,280,CASH
S0002673,2026-03-13,P002,C0089,2,10,490,CREDIT
S0002674,2026-03-13,P001,C0026,2,0,620,UPI
S0002675,2026-03-13,P013,C0027,2,0,70,CASH
S0002676,2026-03-13,P010,C0068,3,5,39,UPI
S0002677,2026-03-13,P015,C0048,1,0,38,UPI
S0002678,2026-03-13,P006,,1,0,25,CREDIT
S0002679,2026-03-13,P013,C0015,4,0,140,CASH
S0002680,2026-03-13,P018,C0062,5,0,475,UPI
S0002681,2026-03-13,P013,C0027,4,10,100,CASH
S0002682,2026-03-13,P007,C0056,1,0,110,CREDIT
S0002683,2026-03-13,P006,C0074,3,2,69,CARD
S0002684,2026-03-13,P019,C0065,2,0,144,CREDIT
S0002685,2026-03-13,P009,C0001,2,0,50,CASH
S0002686,2026-03-13,P015,,1,0,38,CREDIT
S0002687,2026-03-13,P020,C0032,2,10,80,CARD
S0002688,2026-03-13,P019,C0059,1,0,72,CREDIT
S0002689,2026-03-13,P019,C0095,1,0,72,UPI
S0002690,2026-03-13,P010,,4,5,52,CREDIT
S0002691,2026-03-13,P012,,1,5,47,CARD
S0002692,2026-03-13,P013,,1,2,33,CASH
S0002693,2026-03-13,P014,C0023,1,0,45,CREDIT
S0002694,2026-03-13,P015,,5,0,190,CASH
S0002695,2026-03-13,P023,C0013,2,2,96,CREDIT
S0002696,2026-03-13,P023,C0031,1,0,50,CASH
S0002697,2026-03-13,P009,C0069,3,5,60,CARD
S0002698,2026-03-13,P022,C0090,3,0,315,CASH
S0002699,2026-03-13,P016,C0098,1,0,135,UPI
S0002700,2026-03-13,P012,C0097,2,0,104,UPI
S0002701,2026-03-14,P017,C0100,1,10,80,CARD
S0002702,2026-03-14,P014,C0022,4,0,180,CARD
S0002703,2026-03-14,P007,C0006,2,2,216,CREDIT
S0002704,2026-03-14,P001,C0082,1,0,310,CREDIT
S0002705,2026-03-14,P013,C0096,2,0,70,CREDIT
S0002706,2026-03-14,P007,C0005,1,0,110,UPI
S0002707,2026-03-14,P009,C0091,1,0,25,CASH
S0002708,2026-03-14,P011,C0096,3,5,30,CREDIT
S0002709,2026-03-14,P016,C0009,1,0,135,UPI
S0002710,2026-03-14,P018,C0032,1,5,90,CREDIT
S0002711,2026-03-14,P005,,2,0,104,CARD
S0002712,2026-03-14,P006,,1,0,25,UPI
S0002713,2026-03-14,P020,C0023,6,0,300,CARD
S0002714,2026-03-14,P004,C0095,1,2,143,CREDIT
S0002715,2026-03-14,P006,C0086,1,0,25,UPI
S0002716,2026-03-14,P022,C0020,1,0,105,CREDIT
S0002717,2026-03-14,P012,C0028,1,0,52,UPI
S0002718,2026-03-14,P022,C0028,1,2,103,CREDIT
S0002719,2026-03-14,P023,,3,0,150,UPI
S0002720,2026-03-14,P013,C0040,5,5,150,CREDIT
S0002721,2026-03-14,P002,C0001,1,2,253,UPI
S0002722,2026-03-14,P013,C0026,2,10,50,CASH
S0002723,2026-03-14,P012,C0026,3,0,156,UPI
S0002724,2026-03-14,P001,C0004,4,0,1240,UPI
S0002725,2026-03-14,P011,C0025,2,10,10,UPI
S0002726,2026-03-14,P008,,1,0,95,CASH
S0002727,2026-03-14,P024,C0006,1,0,32,CREDIT
S0002728,2026-03-14,P017,,3,0,270,CARD
S0002729,2026-03-14,P011,C0081,3,2,39,CASH
S0002730,2026-03-14,P020,,1,0,50,CREDIT
S0002731,2026-03-14,P014,C0030,1,0,45,CASH
S0002732,2026-03-14,P004,C0042,4,0,580,CASH
S0002733,2026-03-14,P001,C0084,3,0,930,CARD
S0002734,2026-03-14,P001,C0028,6,0,1860,CREDIT
S0002735,2026-03-14,P008,C0085,3,0,285,CARD
S0002736,2026-03-14,P021,C0048,1,2,28,UPI
S0002737,2026-03-14,P003,C0053,2,0,310,CARD
S0002738,2026-03-14,P020,C0014,2,0,100,CASH
S0002739,2026-03-14,P009,C0077,1,0,25,CARD
S0002740,2026-03-14,P021,C0050,2,5,50,CASH
S0002741,2026-03-14,P011,C0082,3,0,45,CARD
S0002742,2026-03-14,P022,C0009,1,0,105,CARD
S0002743,2026-03-14,P001,,3,2,924,CREDIT
S0002744,2026-03-14,P013,C0082,2,2,66,CASH
S0002745,2026-03-14,P017,C0091,5,2,440,UPI
S0002746,2026-03-14,P008,C0079,1,0,95,UPI
S0002747,2026-03-15,P010,C0095,1,0,18,CREDIT
S0002748,2026-03-15,P008,C0011,3,2,279,UPI
S0002749,2026-03-15,P005,C0064,3,0,156,CARD
S0002750,2026-03-15,P007,C0049,1,0,110,CASH
S0002751,2026-03-15,P021,C0031,2,0,60,CREDIT
S0002752,2026-03-15,P024,C0018,2,0,64,CARD
S0002753,2026-03-15,P011,,1,5,10,UPI
S0002754,2026-03-15,P017,C0054,5,10,400,CARD
S0002755,2026-03-15,P001,,3,0,930,CARD
S0002756,2026-03-15,P011,C0027,2,0,30,UPI
S0002757,2026-03-15,P022,,3,0,315,CASH
S0002758,2026-03-15,P020,C0049,2,10,80,CARD
S0002759,2026-03-15,P006,C0081,5,0,125,UPI
S0002760,2026-03-15,P003,C0063,2,10,290,UPI
S0002761,2026-03-15,P007,C0082,3,0,330,CASH
S0002762,2026-03-15,P007,C0012,4,0,440,CASH
S0002763,2026-03-15,P019,,1,2,70,CASH
S0002764,2026-03-15,P008,C0011,3,2,279,CREDIT
S0002765,2026-03-15,P024,C0040,1,0,32,CASH
S0002766,2026-03-15,P024,C0032,1,0,32,CREDIT
S0002767,2026-03-15,P006,C0032,1,2,23,CARD
S0002768,2026-03-15,P010,C0058,6,2,96,CASH
S0002769,2026-03-15,P009,,4,10,60,CREDIT
S0002770,2026-03-15,P003,C0051,3,0,465,CREDIT
S0002771,2026-03-15,P006,C0057,3,0,75,CREDIT
S0002772,2026-03-15,P017,C0095,2,2,176,CREDIT
S0002773,2026-03-15,P005,,5,10,210,CREDIT
S0002774,2026-03-15,P001,C0049,2,10,600,CREDIT
S0002775,2026-03-15,P003,,1,10,145,CARD
S0002776,2026-03-15,P020,C0020,1,2,48,CASH
S0002777,2026-03-15,P009,C0060,3,0,75,CARD
S0002778,2026-03-15,P015,C0049,3,0,114,CREDIT
S0002779,2026-03-15,P003,C0018,1,0,155,CREDIT
S0002780,2026-03-15,P007,,1,0,110,CASH
S0002781,2026-03-15,P001,,3,0,930,CARD
S0002782,2026-03-16,P016,,3,0,405,CREDIT
S0002783,2026-03-16,P013,C0048,2,5,60,CREDIT
S0002784,2026-03-16,P016,C0083,5,0,675,UPI
S0002785,2026-03-16,P014,,1,0,45,UPI
S0002786,2026-03-16,P013,C0021,2,2,66,CASH
S0002787,2026-03-16,P014,C0099,3,0,135,CARD
S0002788,2026-03-16,P017,C0063,4,5,340,CARD
S0002789,2026-03-16,P023,C0084,1,0,50,CREDIT
S0002790,2026-03-16,P014,C0032,3,5,120,CASH
S0002791,2026-03-16,P016,,2,0,270,CARD
S0002792,2026-03-16,P021,C0087,1,5,25,UPI
S0002793,2026-03-16,P023,C0083,1,5,45,CASH
S0002794,2026-03-16,P009,C0059,4,2,92,CASH
S0002795,2026-03-16,P009,C0078,1,0,25,CASH
S0002796,2026-03-16,P001,C0099,1,0,310,UPI
S0002797,2026-03-16,P021,,1,5,25,CREDIT
S0002798,2026-03-16,P013,C0076,4,5,120,UPI
S0002799,2026-03-16,P017,,2,0,180,CREDIT
S0002800,2026-03-16,P006,C0055,3,10,45,CARD
S0002801,2026-03-16,P023,C0065,1,0,50,CREDIT
S0002802,2026-03-16,P019,C0094,2,0,144,CREDIT
S0002803,2026-03-16,P024,C0012,2,10,44,UPI
S0002804,2026-03-16,P021,C0100,3,2,84,CARD
S0002805,2026-03-16,P005,C0096,4,0,208,CASH
S0002806,2026-03-16,P024,C0090,1,0,32,CARD
S0002807,2026-03-16,P001,,2,0,620,CREDIT
S0002808,2026-03-16,P001,C0009,1,0,310,CREDIT
S0002809,2026-03-16,P017,C0084,2,0,180,CARD
S0002810,2026-03-16,P024,C0022,1,0,32,CASH
S0002811,2026-03-16,P012,C0091,1,0,52,CASH
S0002812,2026-03-17,P007,C0024,1,0,110,UPI
S0002813,2026-03-17,P015,,3,2,108,CASH
S0002814,2026-03-17,P006,C0008,1,0,25,CASH
S0002815,2026-03-17,P007,,1,0,110,CREDIT
S0002816,2026-03-17,P015,,3,5,99,UPI
S0002817,2026-03-17,P021,C0011,1,0,30,CARD
S0002818,2026-03-17,P003,C0016,2,0,310,CARD
S0002819,2026-03-17,P003,C0004,2,0,310,CASH
S0002820,2026-03-17,P016,C0087,1,0,135,UPI
S0002821,2026-03-17,P001,C0035,1,0,310,UPI
S0002822,2026-03-17,P022,,1,2,103,UPI
S0002823,2026-03-17,P004,C0067,5,0,725,UPI
S0002824,2026-03-17,P013,C0067,2,2,66,CARD
S0002825,2026-03-17,P016,C0097,2,0,270,CARD
S0002826,2026-03-17,P020,C0044,2,0,100,CARD
S0002827,2026-03-17,P022,C0041,1,0,105,CASH
S0002828,2026-03-17,P012,C0052,1,5,47,CREDIT
S0002829,2026-03-17,P020,C0046,3,0,150,CARD
S0002830,2026-03-17,P004,C0059,1,0,145,CREDIT
S0002831,2026-03-17,P024,,1,10,22,CASH
S0002832,2026-03-17,P001,C0016,1,2,308,CARD
S0002833,2026-03-17,P023,,2,10,80,CASH
S0002834,2026-03-17,P012,C0080,6,0,312,CREDIT
S0002835,2026-03-17,P017,C0085,1,0,90,CASH
S0002836,2026-03-17,P001,,2,5,610,CARD
S0002837,2026-03-17,P001,C0047,1,5,305,UPI
S0002838,2026-03-17,P024,C0087,6,0,192,CREDIT
S0002839,2026-03-17,P008,C0063,1,2,93,CREDIT
S0002840,2026-03-17,P024,,1,2,30,UPI
S0002841,2026-03-17,P012,,3,0,156,CREDIT
S0002842,2026-03-17,P022,C0090,3,10,285,UPI
S0002843,2026-03-17,P024,C0038,2,0,64,CASH
S0002844,2026-03-18,P023,,1,0,50,UPI
S0002845,2026-03-18,P005,,1,0,52,UPI
S0002846,2026-03-18,P010,C0087,2,10,16,CREDIT
S0002847,2026-03-18,P006,C0015,1,0,25,CREDIT
S0002848,2026-03-18,P022,C0031,1,2,103,CASH
S0002849,2026-03-18,P007,C0097,2,0,220,UPI
S0002850,2026-03-18,P004,C0092,5,0,725,UPI
S0002851,2026-03-18,P006,,2,0,50,CREDIT
S0002852,2026-03-18,P009,C0093,1,0,25,CARD
S0002853,2026-03-18,P022,,1,0,105,UPI
S0002854,2026-03-18,P022,,5,0,525,CREDIT
S0002855,2026-03-18,P003,C0089,1,10,145,CARD
S0002856,2026-03-18,P008,C0099,1,2,93,UPI
S0002857,2026-03-18,P021,C0049,2,0,60,CREDIT
S0002858,2026-03-18,P021,,2,5,50,CREDIT
S0002859,2026-03-18,P008,C0034,2,0,190,UPI
S0002860,2026-03-18,P010,C0015,1,0,18,UPI
S0002861,2026-03-18,P011,C0076,1,5,10,CASH
S0002862,2026-03-18,P024,C0074,5,0,160,CARD
S0002863,2026-03-18,P005,C0041,1,10,42,CREDIT
S0002864,2026-03-18,P019,C0001,2,5,134,CARD
S0002865,2026-03-18,P002,C0069,3,2,759,CASH
S0002866,2026-03-18,P013,C0041,2,0,70,CARD
S0002867,2026-03-18,P022,C0017,1,10,95,CASH
S0002868,2026-03-18,P004,C0002,1,0,145,CREDIT
S0002869,2026-03-18,P011,,2,0,30,CARD
S0002870,2026-03-18,P008,C0088,4,0,380,CREDIT
S0002871,2026-03-18,P005,C0037,5,2,250,CASH
S0002872,2026-03-18,P024,,1,5,27,UPI
S0002873,2026-03-18,P020,C0040,1,0,50,UPI
S0002874,2026-03-18,P009,C0091,5,10,75,CREDIT
S0002875,2026-03-18,P021,C0028,3,10,60,CREDIT
S0002876,2026-03-19,P010,C0049,2,5,26,UPI
S0002877,2026-03-19,P011,,3,0,45,CASH
S0002878,2026-03-19,P024,C0029,2,10,44,UPI
S0002879,2026-03-19,P006,C0063,1,10,15,CREDIT
S0002880,2026-03-19,P010,C0085,1,10,8,CASH
S0002881,2026-03-19,P001,C0051,2,2,616,CARD
S0002882,2026-03-19,P014,C0061,1,5,40,CARD
S0002883,2026-03-19,P013,C0010,2,0,70,CARD
S0002884,2026-03-19,P010,,5,5,65,CASH
S0002885,2026-03-19,P023,C0071,1,10,40,CREDIT
S0002886,2026-03-19,P004,C0042,3,0,435,UPI
S0002887,2026-03-19,P023,C0059,1,0,50,CASH
S0002888,2026-03-19,P019,C0057,2,0,144,CREDIT
S0002889,2026-03-19,P010,C0027,6,0,108,CASH
S0002890,2026-03-19,P024,C0095,1,0,32,UPI
S0002891,2026-03-19,P012,,1,5,47,UPI
S0002892,2026-03-19,P022,,2,10,190,CASH
S0002893,2026-03-19,P013,C0087,1,0,35,CASH
S0002894,2026-03-19,P002,C0046,3,0,765,CREDIT
S0002895,2026-03-19,P006,C0016,4,0,100,CARD
S0002896,2026-03-19,P019,C0020,2,0,144,CREDIT
S0002897,2026-03-19,P008,C0016,1,0,95,CASH
S0002898,2026-03-19,P013,C0039,2,0,70,CASH
S0002899,2026-03-19,P021,C0049,3,5,75,UPI
S0002900,2026-03-19,P015,,1,10,28,CREDIT
S0002901,2026-03-19,P009,C0084,2,5,40,CREDIT
S0002902,2026-03-19,P012,C0016,2,0,104,UPI
S0002903,2026-03-19,P003,C0063,2,0,310,CASH
S0002904,2026-03-19,P001,C0074,1,2,308,CREDIT
S0002905,2026-03-19,P009,C0096,3,5,60,UPI
S0002906,2026-03-19,P019,C0050,1,0,72,CREDIT
S0002907,2026-03-19,P021,C0056,1,5,25,CARD
S0002908,2026-03-19,P019,C0013,4,0,288,CARD
S0002909,2026-03-19,P003,,3,5,450,CASH
S0002910,2026-03-19,P013,C0090,1,10,25,UPI
S0002911,2026-03-19,P013,,1,2,33,CREDIT
S0002912,2026-03-19,P003,,1,2,153,UPI
S0002913,2026-03-19,P007,,1,5,105,UPI
S0002914,2026-03-19,P006,C0077,1,10,15,CASH
S0002915,2026-03-19,P001,C0058,1,2,308,CARD
S0002916,2026-03-19,P004,C0017,2,0,290,CASH
S0002917,2026-03-19,P021,C0012,3,0,90,CARD
S0002918,2026-03-19,P002,C0016,2,0,510,CARD
S0002919,2026-03-20,P012,C0022,5,2,250,CREDIT
S0002920,2026-03-20,P022,C0032,3,0,315,CARD
S0002921,2026-03-20,P002,,3,2,759,CARD
S0002922,2026-03-20,P022,C0057,3,2,309,CASH
S0002923,2026-03-20,P019,C0089,5,0,360,CARD
S0002924,2026-03-20,P017,C0078,2,0,180,CASH
S0002925,2026-03-20,P023,C0085,1,0,50,UPI
S0002926,2026-03-20,P008,C0025,2,0,190,CASH
S0002927,2026-03-20,P010,,3,10,24,CASH
S0002928,2026-03-20,P005,C0071,3,2,150,CASH
S0002929,2026-03-20,P019,C0036,2,0,144,CASH
S0002930,2026-03-20,P024,C0055,1,2,30,UPI
S0002931,2026-03-20,P018,C0034,1,0,95,CREDIT
S0002932,2026-03-20,P021,C0052,5,0,150,CREDIT
S0002933,2026-03-20,P003,C0087,2,0,310,CREDIT
S0002934,2026-03-20,P023,C0069,2,0,100,CASH
S0002935,2026-03-20,P003,C0094,1,5,150,CARD
S0002936,2026-03-20,P021,C0083,1,5,25,CASH
S0002937,2026-03-20,P023,C0073,4,0,200,CASH
S0002938,2026-03-20,P014,C0020,2,10,70,CARD
S0002939,2026-03-20,P014,C0004,3,0,135,CASH
S0002940,2026-03-20,P003,C0016,2,0,310,UPI
S0002941,2026-03-20,P022,C0053,2,2,206,UPI
S0002942,2026-03-20,P011,C0012,1,5,10,CARD
S0002943,2026-03-20,P011,C0035,3,10,15,CASH
S0002944,2026-03-20,P008,C0002,2,0,190,UPI
S0002945,2026-03-20,P013,C0049,2,0,70,UPI
S0002946,2026-03-20,P004,C0068,2,0,290,CARD
S0002947,2026-03-20,P019,,5,10,310,CREDIT
S0002948,2026-03-20,P004,C0045,1,2,143,CARD
S0002949,2026-03-20,P018,C0078,3,0,285,UPI
S0002950,2026-03-20,P002,C0041,1,0,255,CREDIT
S0002951,2026-03-20,P006,,2,0,50,CREDIT
S0002952,2026-03-20,P016,C0017,1,2,133,CARD
S0002953,2026-03-20,P001,C0066,1,5,305,CASH
S0002954,2026-03-20,P022,C0019,2,0,210,CREDIT
S0002955,2026-03-20,P019,C0035,1,5,67,UPI
S0002956,2026-03-20,P024,C0048,2,5,54,CASH
S0002957,2026-03-21,P022,C0054,3,2,309,CREDIT
S0002958,2026-03-21,P006,C0046,1,0,25,CREDIT
S0002959,2026-03-21,P017,C0036,2,0,180,CREDIT
S0002960,2026-03-21,P017,,1,5,85,CASH
S0002961,2026-03-21,P010,,1,5,13,UPI
S0002962,2026-03-21,P010,C0099,1,0,18,CARD
S0002963,2026-03-21,P003,C0011,1,5,150,UPI
S0002964,2026-03-21,P024,C0012,1,0,32,CASH
S0002965,2026-03-21,P019,C0011,2,0,144,CARD
S0002966,2026-03-21,P018,,4,0,380,UPI
S0002967,2026-03-21,P014,C0066,3,5,120,CASH
S0002968,2026-03-21,P016,C0066,2,0,270,UPI
S0002969,2026-03-21,P013,C0079,1,0,35,CASH
S0002970,2026-03-21,P024,C0092,1,0,32,CREDIT
S0002971,2026-03-21,P023,C0096,1,2,48,CARD
S0002972,2026-03-21,P008,C0085,1,5,90,UPI
S0002973,2026-03-21,P020,C0022,2,0,100,CASH
S0002974,2026-03-21,P006,C0047,2,0,50,CASH
S0002975,2026-03-21,P017,C0007,1,0,90,CREDIT
S0002976,2026-03-21,P016,C0022,1,0,135,CARD
S0002977,2026-03-21,P004,,3,0,435,CASH
S0002978,2026-03-21,P018,C0099,3,10,255,UPI
S0002979,2026-03-21,P010,C0062,1,0,18,CARD
S0002980,2026-03-21,P009,C0001,4,0,100,CREDIT
S0002981,2026-03-21,P007,,5,0,550,UPI
S0002982,2026-03-21,P015,,1,2,36,CREDIT
S0002983,2026-03-21,P002,C0001,1,0,255,CREDIT
S0002984,2026-03-21,P011,C0046,2,0,30,UPI
S0002985,2026-03-21,P001,,5,0,1550,CASH
S0002986,2026-03-21,P013,C0002,4,0,140,UPI
S0002987,2026-03-21,P014,C0026,1,0,45,UPI
S0002988,2026-03-21,P017,,1,2,88,CASH
S0002989,2026-03-21,P014,,2,0,90,CREDIT
S0002990,2026-03-21,P001,C0099,2,0,620,CARD
S0002991,2026-03-21,P008,C0051,1,0,95,CARD
S0002992,2026-03-21,P010,C0055,4,0,72,CASH
S0002993,2026-03-21,P018,C0035,2,10,170,UPI
S0002994,2026-03-21,P015,,3,5,99,CREDIT
S0002995,2026-03-21,P006,C0046,4,0,100,CREDIT
S0002996,2026-03-21,P001,,3,0,930,CASH
S0002997,2026-03-21,P004,C0037,2,0,290,UPI
S0002998,2026-03-21,P005,C0054,2,0,104,CARD
S0002999,2026-03-21,P002,C0086,1,0,255,CASH
S0003000,2026-03-21,P016,C0035,2,5,260,UPI
S0003001,2026-03-21,P014,C0071,1,0,45,CREDIT
S0003002,2026-03-21,P022,C0017,2,5,200,CARD
S0003003,2026-03-21,P013,C0093,1,2,33,CREDIT
S0003004,2026-03-21,P005,C0014,1,0,52,UPI
S0003005,2026-03-21,P005,C0045,1,0,52,UPI
S0003006,2026-03-21,P022,C0007,1,0,105,CARD
S0003007,2026-03-21,P014,C0095,3,2,129,UPI
S0003008,2026-03-21,P014,C0038,3,0,135,CARD
S0003009,2026-03-22,P016,C0098,1,0,135,CREDIT
S0003010,2026-03-22,P008,C0020,1,2,93,CASH
S0003011,2026-03-22,P008,C0099,1,0,95,UPI
S0003012,2026-03-22,P009,C0032,4,5,80,CREDIT
S0003013,2026-03-22,P007,C0091,1,0,110,UPI
S0003014,2026-03-22,P023,C0065,1,5,45,CASH
S0003015,2026-03-22,P007,C0076,1,10,100,CASH
S0003016,2026-03-22,P008,C0017,1,0,95,CREDIT
S0003017,2026-03-22,P002,C0025,2,0,510,CASH
S0003018,2026-03-22,P014,C0079,2,0,90,CASH
S0003019,2026-03-22,P003,C0007,1,10,145,CREDIT
S0003020,2026-03-22,P014,C0040,1,2,43,CASH
S0003021,2026-03-22,P008,C0055,1,0,95,CREDIT
S0003022,2026-03-22,P002,C0055,1,2,253,UPI
S0003023,2026-03-22,P010,C0035,1,0,18,CARD
S0003024,2026-03-22,P009,C0092,5,0,125,CREDIT
S0003025,2026-03-22,P008,,2,0,190,UPI
S0003026,2026-03-22,P006,C0001,2,0,50,UPI
S0003027,2026-03-22,P022,C0042,1,5,100,CASH
S0003028,2026-03-22,P010,C0036,2,0,36,UPI
S0003029,2026-03-22,P014,C0033,2,0,90,CREDIT
S0003030,2026-03-22,P012,C0039,2,0,104,UPI
S0003031,2026-03-22,P004,C0002,3,5,420,CASH
S0003032,2026-03-22,P011,C0095,1,0,15,CARD
S0003033,2026-03-22,P024,C0076,2,10,44,CARD
S0003034,2026-03-22,P008,C0036,1,5,90,CASH
S0003035,2026-03-22,P019,C0012,4,0,288,UPI
S0003036,2026-03-22,P005,C0096,2,5,94,UPI
S0003037,2026-03-22,P002,,2,2,506,CASH
S0003038,2026-03-22,P007,C0058,1,5,105,UPI
S0003039,2026-03-22,P003,C0080,2,2,306,CARD
S0003040,2026-03-22,P010,C0061,1,5,13,CASH
S0003041,2026-03-22,P018,C0020,1,5,90,UPI
S0003042,2026-03-22,P005,C0054,1,0,52,CARD
S0003043,2026-03-22,P018,,2,0,190,CARD
S0003044,2026-03-22,P015,C0092,1,5,33,UPI
S0003045,2026-03-22,P014,C0062,1,0,45,CREDIT
S0003046,2026-03-22,P017,,4,2,352,UPI
S0003047,2026-03-22,P006,C0036,1,2,23,CASH
S0003048,2026-03-22,P010,C0073,2,0,36,UPI
S0003049,2026-03-23,P023,C0095,3,0,150,CREDIT
S0003050,2026-03-23,P016,C0069,1,5,130,UPI
S0003051,2026-03-23,P006,C0097,2,0,50,CREDIT
S0003052,2026-03-23,P018,C0050,2,10,170,CREDIT
S0003053,2026-03-23,P020,C0027,2,0,100,CASH
S0003054,2026-03-23,P001,C0074,2,0,620,CASH
S0003055,2026-03-23,P019,C0002,1,5,67,CREDIT
S0003056,2026-03-23,P017,C0093,1,5,85,CARD
S0003057,2026-03-23,P010,C0029,3,10,24,CARD
S0003058,2026-03-23,P023,C0071,2,0,100,UPI
S0003059,2026-03-23,P006,C0006,3,0,75,CASH
S0003060,2026-03-23,P010,C0082,3,0,54,CASH
S0003061,2026-03-23,P009,C0035,4,0,100,UPI
S0003062,2026-03-23,P021,,2,0,60,CASH
S0003063,2026-03-23,P018,C0001,1,0,95,CARD
S0003064,2026-03-23,P021,C0048,3,2,84,CARD
S0003065,2026-03-23,P003,,2,5,300,CARD
S0003066,2026-03-23,P024,C0053,1,0,32,CARD
S0003067,2026-03-23,P011,C0081,4,0,60,UPI
S0003068,2026-03-23,P012,C0094,4,0,208,CARD
S0003069,2026-03-23,P006,C0003,2,0,50,UPI
S0003070,2026-03-23,P024,C0089,1,5,27,CREDIT
S0003071,2026-03-23,P021,,1,0,30,CASH
S0003072,2026-03-23,P015,C0042,3,0,114,CARD
S0003073,2026-03-23,P007,C0081,4,2,432,CREDIT
S0003074,2026-03-23,P005,C0030,1,0,52,CREDIT
S0003075,2026-03-23,P012,,1,0,52,CREDIT
S0003076,2026-03-23,P003,C0024,4,0,620,CREDIT
S0003077,2026-03-23,P006,,1,10,15,CASH
S0003078,2026-03-23,P007,C0063,2,2,216,CASH
S0003079,2026-03-23,P021,C0003,5,0,150,CARD
S0003080,2026-03-23,P006,,1,0,25,CREDIT
S0003081,2026-03-23,P022,C0025,2,2,206,UPI
S0003082,2026-03-23,P005,C0055,1,0,52,CASH
S0003083,2026-03-24,P015,C0052,2,5,66,UPI
S0003084,2026-03-24,P024,C0018,6,2,180,UPI
S0003085,2026-03-24,P020,C0049,2,0,100,CREDIT
S0003086,2026-03-24,P001,,1,0,310,UPI
S0003087,2026-03-24,P021,C0017,1,0,30,CASH
S0003088,2026-03-24,P003,C0019,1,0,155,UPI
S0003089,2026-03-24,P001,C0014,1,10,300,CARD
S0003090,2026-03-24,P023,C0026,1,0,50,CASH
S0003091,2026-03-24,P016,C0073,1,10,125,CREDIT
S0003092,2026-03-24,P006,C0043,2,0,50,CREDIT
S0003093,2026-03-24,P005,C0008,3,0,156,CARD
S0003094,2026-03-24,P021,C0016,2,2,56,UPI
S0003095,2026-03-24,P002,C0070,3,0,765,CARD
S0003096,2026-03-24,P004,,1,2,143,CREDIT
S0003097,2026-03-24,P005,,1,0,52,CASH
S0003098,2026-03-24,P001,C0055,2,0,620,CREDIT
S0003099,2026-03-24,P005,C0084,2,0,104,CARD
S0003100,2026-03-24,P008,C0050,1,5,90,UPI
S0003101,2026-03-24,P016,C0015,3,0,405,CASH
S0003102,2026-03-24,P004,C0046,3,0,435,UPI
S0003103,2026-03-24,P020,C0016,2,0,100,CARD
S0003104,2026-03-24,P003,C0078,1,0,155,CASH
S0003105,2026-03-24,P006,C0068,3,0,75,CARD
S0003106,2026-03-24,P020,C0087,2,0,100,CREDIT
S0003107,2026-03-24,P005,C0088,3,5,141,CARD
S0003108,2026-03-24,P020,C0037,3,10,120,CARD
S0003109,2026-03-24,P004,,3,0,435,CREDIT
S0003110,2026-03-24,P022,,2,0,210,CARD
S0003111,2026-03-24,P023,C0010,1,10,40,UPI
S0003112,2026-03-24,P005,C0084,2,10,84,CASH
S0003113,2026-03-24,P011,C0050,2,0,30,CREDIT
S0003114,2026-03-24,P024,,3,10,66,CREDIT
S0003115,2026-03-24,P003,C0074,1,0,155,CREDIT
S0003116,2026-03-25,P024,C0019,2,0,64,UPI
S0003117,2026-03-25,P011,C0024,4,0,60,CREDIT
S0003118,2026-03-25,P012,C0064,2,0,104,CREDIT
S0003119,2026-03-25,P016,C0053,2,5,260,CARD
S0003120,2026-03-25,P005,C0084,1,10,42,CASH
S0003121,2026-03-25,P013,C0071,2,0,70,CREDIT
S0003122,2026-03-25,P018,C0064,3,2,279,CASH
S0003123,2026-03-25,P013,C0075,1,0,35,CREDIT
S0003124,2026-03-25,P017,C0100,1,2,88,CASH
S0003125,2026-03-25,P023,C0031,1,0,50,CARD
S0003126,2026-03-25,P001,,1,0,310,UPI
S0003127,2026-03-25,P012,C0061,1,2,50,CASH
S0003128,2026-03-25,P004,,2,0,290,CARD
S0003129,2026-03-25,P012,,4,10,168,CASH
S0003130,2026-03-25,P010,C0019,2,0,36,CREDIT
S0003131,2026-03-25,P008,,1,0,95,CASH
S0003132,2026-03-25,P002,C0018,1,5,250,UPI
S0003133,2026-03-25,P023,C0019,2,5,90,CREDIT
S0003134,2026-03-25,P024,C0090,1,0,32,CREDIT
S0003135,2026-03-25,P012,C0090,3,0,156,UPI
S0003136,2026-03-25,P022,C0010,2,2,206,CREDIT
S0003137,2026-03-25,P020,C0021,3,10,120,UPI
S0003138,2026-03-25,P005,C0019,1,0,52,UPI
S0003139,2026-03-25,P008,C0002,2,0,190,CREDIT
S0003140,2026-03-25,P005,C0024,1,10,42,CREDIT
S0003141,2026-03-25,P024,C0096,5,0,160,CARD
S0003142,2026-03-25,P016,C0093,2,0,270,CARD
S0003143,2026-03-25,P015,C0083,1,10,28,UPI
S0003144,2026-03-25,P010,C0020,1,0,18,UPI
S0003145,2026-03-25,P021,C0078,1,0,30,CASH
S0003146,2026-03-25,P017,C0002,2,0,180,CREDIT
S0003147,2026-03-25,P014,,1,5,40,CREDIT
S0003148,2026-03-25,P018,,2,5,180,CARD
S0003149,2026-03-25,P019,C0040,1,2,70,CASH
S0003150,2026-03-25,P014,C0035,2,0,90,UPI
S0003151,2026-03-25,P017,C0017,3,0,270,CASH
S0003152,2026-03-25,P013,C0008,3,2,99,CASH
S0003153,2026-03-25,P013,,3,0,105,UPI
S0003154,2026-03-25,P023,C0062,1,0,50,CARD
S0003155,2026-03-25,P021,C0052,1,5,25,CREDIT
S0003156,2026-03-26,P006,,2,0,50,CARD
S0003157,2026-03-26,P021,C0025,1,0,30,CARD
S0003158,2026-03-26,P004,C0010,1,0,145,CARD
S0003159,2026-03-26,P020,,1,10,40,CARD
S0003160,2026-03-26,P001,C0037,4,0,1240,CASH
S0003161,2026-03-26,P018,C0009,1,0,95,CASH
S0003162,2026-03-26,P020,C0097,2,0,100,CARD
S0003163,2026-03-26,P007,C0026,1,2,108,UPI
S0003164,2026-03-26,P008,C0011,2,0,190,UPI
S0003165,2026-03-26,P019,C0062,1,10,62,UPI
S0003166,2026-03-26,P002,C0012,4,0,1020,CARD
S0003167,2026-03-26,P001,C0097,4,0,1240,CARD
S0003168,2026-03-26,P013,C0025,1,2,33,CARD
S0003169,2026-03-26,P013,C0046,4,5,120,CASH
S0003170,2026-03-26,P023,C0013,6,5,270,CARD
S0003171,2026-03-26,P014,C0065,3,5,120,UPI
S0003172,2026-03-26,P017,C0100,4,10,320,CASH
S0003173,2026-03-26,P001,,1,2,308,CREDIT
S0003174,2026-03-26,P016,,2,2,266,UPI
S0003175,2026-03-26,P010,C0020,1,0,18,CREDIT
S0003176,2026-03-26,P003,C0012,1,5,150,CASH
S0003177,2026-03-26,P007,C0088,6,10,600,CASH
S0003178,2026-03-26,P023,C0065,1,0,50,CARD
S0003179,2026-03-26,P015,C0017,3,10,84,CARD
S0003180,2026-03-26,P010,C0080,3,0,54,CREDIT
S0003181,2026-03-26,P002,C0100,4,5,1000,CREDIT
S0003182,2026-03-26,P008,C0079,6,0,570,UPI
S0003183,2026-03-26,P005,C0081,1,2,50,CREDIT
S0003184,2026-03-26,P004,C0002,1,10,135,CASH
S0003185,2026-03-26,P010,,1,2,16,UPI
S0003186,2026-03-26,P016,C0059,1,0,135,CARD
S0003187,2026-03-26,P006,C0021,1,0,25,UPI
S0003188,2026-03-26,P009,C0047,1,2,23,CARD
S0003189,2026-03-26,P003,C0023,3,0,465,CREDIT
S0003190,2026-03-26,P009,C0033,2,0,50,CREDIT
S0003191,2026-03-26,P021,C0016,1,0,30,CREDIT
S0003192,2026-03-26,P002,,2,0,510,CARD
S0003193,2026-03-26,P013,,1,0,35,CASH
S0003194,2026-03-26,P015,C0066,1,0,38,CARD
S0003195,2026-03-27,P012,C0088,3,0,156,CREDIT
S0003196,2026-03-27,P017,C0034,1,0,90,UPI
S0003197,2026-03-27,P020,C0008,3,5,135,CASH
S0003198,2026-03-27,P023,C0072,2,10,80,UPI
S0003199,2026-03-27,P005,C0014,2,10,84,CARD
S0003200,2026-03-27,P013,C0073,2,0,70,CREDIT
S0003201,2026-03-27,P003,C0050,4,0,620,CREDIT
S0003202,2026-03-27,P022,C0045,2,0,210,CREDIT
S0003203,2026-03-27,P015,C0069,2,5,66,CREDIT
S0003204,2026-03-27,P004,C0024,6,0,870,UPI
S0003205,2026-03-27,P013,C0056,3,10,75,CASH
S0003206,2026-03-27,P013,C0009,2,0,70,CARD
S0003207,2026-03-27,P011,C0063,3,2,39,CASH
S0003208,2026-03-27,P023,C0061,1,5,45,UPI
S0003209,2026-03-27,P009,C0005,1,0,25,CASH
S0003210,2026-03-27,P016,C0082,2,0,270,CASH
S0003211,2026-03-27,P011,C0005,5,2,65,CREDIT
S0003212,2026-03-27,P002,C0047,5,10,1225,CREDIT
S0003213,2026-03-27,P016,C0007,1,0,135,CASH
S0003214,2026-03-27,P001,C0088,2,10,600,CREDIT
S0003215,2026-03-27,P009,C0082,1,0,25,CASH
S0003216,2026-03-27,P003,C0009,6,0,930,CARD
S0003217,2026-03-27,P013,C0039,6,0,210,CREDIT
S0003218,2026-03-27,P014,C0028,2,2,86,CARD
S0003219,2026-03-27,P006,C0007,3,10,45,UPI
S0003220,2026-03-27,P014,C0097,3,0,135,CARD
S0003221,2026-03-27,P006,C0045,2,0,50,CREDIT
S0003222,2026-03-27,P016,C0069,1,0,135,CASH
S0003223,2026-03-27,P023,C0046,2,0,100,CREDIT
S0003224,2026-03-27,P001,,2,2,616,CASH
S0003225,2026-03-27,P003,C0086,2,5,300,CASH
S0003226,2026-03-27,P011,,1,5,10,CARD
S0003227,2026-03-27,P001,,5,0,1550,CREDIT
S0003228,2026-03-27,P005,,1,0,52,CARD
S0003229,2026-03-27,P004,C0087,2,10,270,CREDIT
S0003230,2026-03-27,P009,C0093,2,2,46,UPI
S0003231,2026-03-27,P015,,2,10,56,CASH
S0003232,2026-03-27,P021,C0082,2,0,60,UPI
S0003233,2026-03-27,P002,C0096,1,0,255,CASH
S0003234,2026-03-27,P014,C0070,1,5,40,CASH
S0003235,2026-03-28,P020,C0028,1,0,50,CARD
S0003236,2026-03-28,P007,C0087,3,0,330,UPI
S0003237,2026-03-28,P012,C0047,2,10,84,UPI
S0003238,2026-03-28,P010,C0065,2,0,36,UPI
S0003239,2026-03-28,P023,C0084,3,0,150,CREDIT
S0003240,2026-03-28,P014,C0046,1,0,45,CARD
S0003241,2026-03-28,P018,C0067,1,0,95,CARD
S0003242,2026-03-28,P004,C0059,3,0,435,CREDIT
S0003243,2026-03-28,P012,C0071,2,0,104,CASH
S0003244,2026-03-28,P018,C0049,2,0,190,CARD
S0003245,2026-03-28,P022,C0088,3,5,300,CREDIT
S0003246,2026-03-28,P021,C0090,3,0,90,UPI
S0003247,2026-03-28,P003,,5,10,725,UPI
S0003248,2026-03-28,P003,C0003,2,5,300,CREDIT
S0003249,2026-03-28,P004,C0096,2,0,290,UPI
S0003250,2026-03-28,P021,C0065,1,0,30,UPI
S0003251,2026-03-28,P022,,1,0,105,CREDIT
S0003252,2026-03-28,P007,C0100,2,0,220,CREDIT
S0003253,2026-03-28,P018,C0015,1,0,95,CASH
S0003254,2026-03-28,P016,C0045,5,0,675,CREDIT
S0003255,2026-03-28,P014,C0083,2,10,70,CREDIT
S0003256,2026-03-28,P001,,2,0,620,CASH
S0003257,2026-03-28,P017,C0035,1,0,90,CARD
S0003258,2026-03-28,P010,,1,10,8,CREDIT
S0003259,2026-03-28,P022,C0001,1,0,105,CREDIT
S0003260,2026-03-28,P002,C0004,2,0,510,CASH
S0003261,2026-03-28,P012,,1,10,42,CARD
S0003262,2026-03-28,P011,C0074,2,0,30,CREDIT
S0003263,2026-03-28,P008,C0051,4,2,372,CASH
S0003264,2026-03-28,P020,C0051,4,5,180,UPI
S0003265,2026-03-28,P019,C0017,2,0,144,CREDIT
S0003266,2026-03-28,P024,C0052,1,0,32,CARD
S0003267,2026-03-28,P017,C0056,4,0,360,CASH
S0003268,2026-03-28,P004,,4,5,560,CASH
S0003269,2026-03-28,P017,C0081,1,0,90,CREDIT
S0003270,2026-03-28,P021,,3,0,90,CASH
S0003271,2026-03-28,P011,C0012,1,0,15,UPI
S0003272,2026-03-28,P001,C0002,3,0,930,CASH
S0003273,2026-03-28,P001,C0091,6,2,1848,UPI
S0003274,2026-03-28,P019,C0004,1,0,72,CASH
S0003275,2026-03-28,P015,C0081,4,5,132,CARD
S0003276,2026-03-28,P006,C0084,2,0,50,CASH
S0003277,2026-03-29,P010,C0069,1,0,18,CASH
S0003278,2026-03-29,P024,,1,10,22,CREDIT
S0003279,2026-03-29,P009,C0007,6,5,120,CARD
S0003280,2026-03-29,P003,C0081,3,0,465,UPI
S0003281,2026-03-29,P021,,4,2,112,UPI
S0003282,2026-03-29,P004,,5,0,725,UPI
S0003283,2026-03-29,P004,C0037,1,0,145,CARD
S0003284,2026-03-29,P006,C0010,1,0,25,CREDIT
S0003285,2026-03-29,P012,C0027,1,10,42,CREDIT
S0003286,2026-03-29,P004,,1,0,145,UPI
S0003287,2026-03-29,P014,C0063,1,0,45,UPI
S0003288,2026-03-29,P007,C0054,2,5,210,CREDIT
S0003289,2026-03-29,P011,,1,5,10,CREDIT
S0003290,2026-03-29,P006,C0039,1,0,25,UPI
S0003291,2026-03-29,P006,C0073,1,5,20,UPI
S0003292,2026-03-29,P004,C0045,1,0,145,CREDIT
S0003293,2026-03-29,P020,C0070,6,2,288,UPI
S0003294,2026-03-29,P006,C0095,3,2,69,CARD
S0003295,2026-03-29,P004,C0078,5,0,725,UPI
S0003296,2026-03-29,P018,C0067,2,0,190,CASH
S0003297,2026-03-29,P007,C0047,1,10,100,UPI
S0003298,2026-03-29,P007,C0042,3,0,330,CASH
S0003299,2026-03-29,P008,C0094,1,0,95,CASH
S0003300,2026-03-29,P009,C0062,1,0,25,CASH
S0003301,2026-03-29,P003,C0091,1,0,155,CARD
S0003302,2026-03-29,P015,,1,5,33,CREDIT
S0003303,2026-03-29,P014,C0052,1,2,43,CASH
S0003304,2026-03-29,P009,C0026,1,0,25,CARD
S0003305,2026-03-29,P013,C0075,2,0,70,CARD
S0003306,2026-03-29,P006,C0027,1,10,15,CREDIT
S0003307,2026-03-29,P014,C0055,1,0,45,CARD
S0003308,2026-03-29,P011,C0014,3,2,39,CREDIT
S0003309,2026-03-29,P014,C0073,1,0,45,CARD
S0003310,2026-03-29,P012,,1,5,47,UPI
S0003311,2026-03-29,P015,,4,0,152,UPI
S0003312,2026-03-29,P017,C0076,1,0,90,CREDIT
S0003313,2026-03-29,P010,,1,2,16,CARD
S0003314,2026-03-29,P013,C0015,2,0,70,CASH
S0003315,2026-03-29,P011,,1,0,15,CASH
S0003316,2026-03-29,P012,C0010,2,0,104,CASH
S0003317,2026-03-29,P022,C0048,3,0,315,CASH
S0003318,2026-03-29,P011,C0002,1,0,15,CARD
S0003319,2026-03-29,P023,C0092,2,0,100,CARD
S0003320,2026-03-29,P007,C0073,2,0,220,CARD
S0003321,2026-03-29,P008,C0009,1,2,93,CREDIT
S0003322,2026-03-29,P010,C0028,2,2,32,CASH
S0003323,2026-03-29,P004,C0036,1,2,143,UPI
S0003324,2026-03-29,P019,C0054,2,5,134,CREDIT
S0003325,2026-03-30,P011,C0041,1,10,5,CASH
S0003326,2026-03-30,P007,,3,0,330,CREDIT
S0003327,2026-03-30,P016,C0036,1,0,135,CREDIT
S0003328,2026-03-30,P004,C0058,1,0,145,CASH
S0003329,2026-03-30,P020,C0076,2,0,100,CREDIT
S0003330,2026-03-30,P008,C0003,3,2,279,CARD
S0003331,2026-03-30,P001,,2,5,610,UPI
S0003332,2026-03-30,P015,C0017,2,0,76,CREDIT
S0003333,2026-03-30,P002,,3,2,759,UPI
S0003334,2026-03-30,P011,C0003,4,5,40,UPI
S0003335,2026-03-30,P016,,1,0,135,CREDIT
S0003336,2026-03-30,P024,C0036,2,0,64,CARD
S0003337,2026-03-30,P012,C0011,4,0,208,CARD
S0003338,2026-03-30,P016,C0007,6,2,798,CREDIT
S0003339,2026-03-30,P010,C0059,4,5,52,CREDIT
S0003340,2026-03-30,P021,,1,0,30,CARD
S0003341,2026-03-30,P020,C0004,1,0,50,CASH
S0003342,2026-03-30,P002,C0002,2,10,490,CASH
S0003343,2026-03-30,P004,,3,0,435,CREDIT
S0003344,2026-03-30,P008,C0012,2,0,190,CASH
S0003345,2026-03-30,P024,C0048,2,10,44,UPI
S0003346,2026-03-30,P023,C0007,3,10,120,CARD
S0003347,2026-03-30,P002,C0007,1,0,255,CARD
S0003348,2026-03-30,P003,C0043,4,0,620,CREDIT
S0003349,2026-03-30,P009,C0022,1,5,20,CASH
S0003350,2026-03-31,P019,C0016,3,0,216,CASH
S0003351,2026-03-31,P011,C0019,1,10,5,CREDIT
S0003352,2026-03-31,P021,C0086,1,0,30,UPI
S0003353,2026-03-31,P017,C0031,5,2,440,CREDIT
S0003354,2026-03-31,P022,C0036,1,0,105,CARD
S0003355,2026-03-31,P024,C0029,2,0,64,UPI
S0003356,2026-03-31,P009,C0038,2,10,30,UPI
S0003357,2026-03-31,P012,,2,2,100,CASH
S0003358,2026-03-31,P022,C0095,2,5,200,CASH
S0003359,2026-03-31,P023,C0010,1,0,50,CREDIT
S0003360,2026-03-31,P002,C0002,2,0,510,CASH
S0003361,2026-03-31,P015,C0050,1,10,28,CASH
S0003362,2026-03-31,P016,C0044,2,0,270,CASH
S0003363,2026-03-31,P019,C0068,1,10,62,CARD
S0003364,2026-03-31,P010,C0059,2,5,26,CASH
S0003365,2026-03-31,P017,,1,0,90,CASH
S0003366,2026-03-31,P008,C0050,1,0,95,CREDIT
S0003367,2026-03-31,P020,C0026,1,2,48,CREDIT
S0003368,2026-03-31,P007,C0036,1,0,110,CREDIT
S0003369,2026-03-31,P006,C0040,3,5,60,UPI
S0003370,2026-03-31,P005,,1,0,52,UPI
S0003371,2026-03-31,P024,C0031,5,0,160,UPI
S0003372,2026-03-31,P015,C0035,5,0,190,UPI
S0003373,2026-03-31,P016,C0068,2,5,260,CREDIT
S0003374,2026-03-31,P012,C0016,1,0,52,UPI
S0003375,2026-03-31,P012,C0028,1,0,52,CASH
S0003376,2026-03-31,P013,C0056,3,2,99,CARD
S0003377,2026-03-31,P002,C0035,1,0,255,CARD
S0003378,2026-03-31,P004,C0084,1,0,145,CREDIT
S0003379,2026-03-31,P024,C0025,2,0,64,CARD
S0003380,2026-03-31,P007,C0023,4,0,440,CARD
S0003381,2026-03-31,P017,C0064,3,2,264,CREDIT
S0003382,2026-04-01,P004,C0007,1,5,140,CASH
S0003383,2026-04-01,P004,C0015,1,0,145,UPI
S0003384,2026-04-01,P002,C0035,4,2,1012,CASH
S0003385,2026-04-01,P003,C0013,1,2,153,CARD
S0003386,2026-04-01,P008,C0090,1,2,93,CREDIT
S0003387,2026-04-01,P013,C0013,1,0,35,CASH
S0003388,2026-04-01,P024,,4,10,88,CARD
S0003389,2026-04-01,P016,C0022,3,0,405,CASH
S0003390,2026-04-01,P012,C0037,2,5,94,CARD
S0003391,2026-04-01,P024,C0013,3,0,96,CASH
S0003392,2026-04-01,P017,C0080,1,5,85,CREDIT
S0003393,2026-04-01,P024,,2,0,64,CASH
S0003394,2026-04-01,P006,C0088,1,0,25,UPI
S0003395,2026-04-01,P006,C0043,1,0,25,CREDIT
S0003396,2026-04-01,P005,C0086,2,0,104,CREDIT
S0003397,2026-04-01,P014,C0003,5,0,225,CASH
S0003398,2026-04-01,P009,C0022,1,0,25,UPI
S0003399,2026-04-01,P020,C0061,1,0,50,UPI
S0003400,2026-04-01,P016,C0032,1,10,125,CREDIT
S0003401,2026-04-01,P004,,1,0,145,UPI
S0003402,2026-04-01,P019,C0038,4,5,268,CASH
S0003403,2026-04-01,P017,C0022,2,2,176,CASH
S0003404,2026-04-01,P004,C0039,2,0,290,CARD
S0003405,2026-04-01,P015,C0095,3,0,114,CARD
S0003406,2026-04-01,P018,C0085,1,0,95,CREDIT
S0003407,2026-04-01,P009,C0059,2,0,50,UPI
S0003408,2026-04-01,P012,C0091,2,0,104,CARD
S0003409,2026-04-01,P017,C0085,2,10,160,CREDIT
S0003410,2026-04-01,P004,C0088,6,0,870,UPI
S0003411,2026-04-02,P005,,3,0,156,CASH
S0003412,2026-04-02,P022,C0046,1,0,105,CREDIT
S0003413,2026-04-02,P001,C0074,1,0,310,CREDIT
S0003414,2026-04-02,P012,C0096,1,0,52,UPI
S0003415,2026-04-02,P007,C0082,1,0,110,UPI
S0003416,2026-04-02,P009,C0087,2,5,40,CREDIT
S0003417,2026-04-02,P017,C0034,2,0,180,CARD
S0003418,2026-04-02,P011,C0076,4,0,60,CREDIT
S0003419,2026-04-02,P009,C0025,2,0,50,UPI
S0003420,2026-04-02,P019,C0090,2,2,140,CARD
S0003421,2026-04-02,P020,C0056,1,0,50,CREDIT
S0003422,2026-04-02,P019,,1,10,62,CARD
S0003423,2026-04-02,P010,C0002,2,0,36,CREDIT
S0003424,2026-04-02,P022,C0060,2,0,210,CASH
S0003425,2026-04-02,P017,C0080,3,0,270,CASH
S0003426,2026-04-02,P010,C0037,1,0,18,UPI
S0003427,2026-04-02,P010,C0059,1,0,18,UPI
S0003428,2026-04-02,P007,,2,0,220,UPI
S0003429,2026-04-02,P002,C0040,1,0,255,UPI
S0003430,2026-04-02,P014,C0085,1,0,45,UPI
S0003431,2026-04-02,P002,C0018,3,0,765,CARD
S0003432,2026-04-02,P010,,1,10,8,CASH
S0003433,2026-04-02,P003,C0035,2,5,300,CASH
S0003434,2026-04-02,P024,C0056,1,0,32,UPI
S0003435,2026-04-02,P010,C0005,1,0,18,CREDIT
S0003436,2026-04-02,P012,,1,0,52,CREDIT
S0003437,2026-04-02,P014,,3,0,135,UPI
S0003438,2026-04-02,P009,C0077,1,0,25,CARD
S0003439,2026-04-02,P006,C0056,3,2,69,CARD
S0003440,2026-04-02,P019,C0088,1,0,72,CASH
S0003441,2026-04-02,P009,C0054,3,0,75,CASH
S0003442,2026-04-02,P010,C0011,1,0,18,CARD
S0003443,2026-04-02,P019,C0060,2,5,134,CASH
S0003444,2026-04-02,P013,,2,10,50,CREDIT
S0003445,2026-04-02,P004,C0068,5,0,725,CREDIT
S0003446,2026-04-02,P023,C0065,1,0,50,CARD
S0003447,2026-04-02,P015,C0055,1,0,38,CREDIT
S0003448,2026-04-02,P014,C0060,1,0,45,UPI
S0003449,2026-04-02,P018,C0099,3,0,285,CREDIT
S0003450,2026-04-02,P003,C0018,2,10,290,CARD
S0003451,2026-04-03,P008,C0066,1,2,93,CARD
S0003452,2026-04-03,P005,C0070,1,2,50,CARD
S0003453,2026-04-03,P002,,5,10,1225,CREDIT
S0003454,2026-04-03,P005,C0086,2,0,104,UPI
S0003455,2026-04-03,P015,C0098,5,10,140,CREDIT
S0003456,2026-04-03,P002,C0008,1,0,255,CARD
S0003457,2026-04-03,P021,C0043,2,0,60,UPI
S0003458,2026-04-03,P010,C0062,2,2,32,CARD
S0003459,2026-04-03,P002,C0095,1,0,255,UPI
S0003460,2026-04-03,P023,C0067,4,0,200,CASH
S0003461,2026-04-03,P018,C0064,5,5,450,CASH
S0003462,2026-04-03,P008,C0082,4,5,360,CASH
S0003463,2026-04-03,P010,C0040,3,5,39,UPI
S0003464,2026-04-03,P016,C0089,1,2,133,CASH
S0003465,2026-04-03,P004,C0001,1,0,145,CASH
S0003466,2026-04-03,P020,C0067,5,0,250,UPI
S0003467,2026-04-03,P008,C0014,1,0,95,CREDIT
S0003468,2026-04-03,P001,C0065,3,10,900,CREDIT
S0003469,2026-04-03,P013,,3,0,105,UPI
S0003470,2026-04-03,P010,C0062,2,0,36,CASH
S0003471,2026-04-03,P008,,6,10,510,CARD
S0003472,2026-04-03,P020,C0057,1,5,45,UPI
S0003473,2026-04-03,P014,C0082,1,0,45,UPI
S0003474,2026-04-03,P006,,1,0,25,CASH
S0003475,2026-04-03,P006,C0095,2,2,46,CASH
S0003476,2026-04-03,P016,C0038,1,0,135,CARD
S0003477,2026-04-03,P022,C0076,1,0,105,CREDIT
S0003478,2026-04-03,P012,C0036,3,5,141,CREDIT
S0003479,2026-04-03,P013,,5,5,150,UPI
S0003480,2026-04-03,P015,,1,0,38,CREDIT
S0003481,2026-04-03,P005,C0037,1,0,52,CREDIT
S0003482,2026-04-03,P004,C0050,5,2,715,UPI
S0003483,2026-04-03,P019,C0005,1,0,72,CREDIT
S0003484,2026-04-03,P002,C0018,1,0,255,CREDIT
S0003485,2026-04-03,P024,C0036,1,0,32,UPI
S0003486,2026-04-03,P006,C0065,2,0,50,CASH
S0003487,2026-04-03,P012,C0068,1,5,47,CREDIT
S0003488,2026-04-03,P017,C0023,5,0,450,CASH
S0003489,2026-04-03,P012,C0093,2,5,94,CARD
S0003490,2026-04-03,P015,,2,5,66,CASH
S0003491,2026-04-04,P009,C0098,2,10,30,CARD
S0003492,2026-04-04,P013,,3,0,105,CREDIT
S0003493,2026-04-04,P013,C0078,3,0,105,CASH
S0003494,2026-04-04,P019,,2,5,134,CARD
S0003495,2026-04-04,P005,C0042,4,5,188,CARD
S0003496,2026-04-04,P019,,3,2,210,CREDIT
S0003497,2026-04-04,P003,C0004,3,0,465,CASH
S0003498,2026-04-04,P008,C0086,1,0,95,UPI
S0003499,2026-04-04,P016,C0061,1,5,130,CARD
S0003500,2026-04-04,P008,,1,10,85,CASH
S0003501,2026-04-04,P004,C0094,2,0,290,CREDIT
S0003502,2026-04-04,P014,C0008,1,0,45,CARD
S0003503,2026-04-04,P004,,1,0,145,UPI
S0003504,2026-04-04,P015,C0048,4,10,112,UPI
S0003505,2026-04-04,P006,C0014,4,0,100,CREDIT
S0003506,2026-04-04,P013,C0082,4,0,140,CASH
S0003507,2026-04-04,P007,C0063,1,0,110,CREDIT
S0003508,2026-04-04,P022,C0029,2,0,210,CASH
S0003509,2026-04-04,P024,C0056,1,0,32,CASH
S0003510,2026-04-04,P003,C0004,1,2,153,UPI
S0003511,2026-04-04,P007,,1,0,110,CASH
S0003512,2026-04-04,P001,C0100,1,0,310,CREDIT
S0003513,2026-04-04,P019,,2,2,140,UPI
S0003514,2026-04-04,P011,C0088,3,0,45,CREDIT
S0003515,2026-04-04,P007,C0027,1,10,100,CREDIT
S0003516,2026-04-04,P017,C0046,3,0,270,CASH
S0003517,2026-04-04,P003,C0055,2,0,310,CREDIT
S0003518,2026-04-04,P003,C0011,1,2,153,CASH
S0003519,2026-04-04,P017,C0013,2,0,180,UPI
S0003520,2026-04-04,P016,C0007,1,0,135,CARD
S0003521,2026-04-04,P001,,2,0,620,CARD
S0003522,2026-04-04,P009,C0091,2,0,50,CARD
S0003523,2026-04-04,P003,,1,10,145,CASH
S0003524,2026-04-04,P010,C0069,1,0,18,CASH
S0003525,2026-04-05,P017,C0065,1,2,88,CARD
S0003526,2026-04-05,P013,C0008,3,2,99,UPI
S0003527,2026-04-05,P019,,2,0,144,CARD
S0003528,2026-04-05,P021,C0005,5,0,150,CARD
S0003529,2026-04-05,P014,C0026,3,0,135,CARD
S0003530,2026-04-05,P002,C0027,2,0,510,CARD
S0003531,2026-04-05,P022,C0031,2,0,210,CREDIT
S0003532,2026-04-05,P003,C0073,4,10,580,UPI
S0003533,2026-04-05,P012,C0054,1,0,52,UPI
S0003534,2026-04-05,P018,C0017,1,0,95,CARD
S0003535,2026-04-05,P024,C0014,1,0,32,UPI
S0003536,2026-04-05,P016,C0029,3,2,399,CARD
S0003537,2026-04-05,P014,C0039,3,0,135,CASH
S0003538,2026-04-05,P001,C0004,1,0,310,CASH
S0003539,2026-04-05,P018,,2,2,186,CREDIT
S0003540,2026-04-05,P022,C0095,2,5,200,UPI
S0003541,2026-04-05,P018,C0007,1,0,95,CREDIT
S0003542,2026-04-05,P013,C0017,6,5,180,CREDIT
S0003543,2026-04-05,P023,C0071,1,0,50,CASH
S0003544,2026-04-05,P004,C0016,1,0,145,CARD
S0003545,2026-04-05,P012,C0044,2,0,104,CREDIT
S0003546,2026-04-05,P002,C0030,3,0,765,UPI
S0003547,2026-04-05,P019,C0030,1,0,72,CREDIT
S0003548,2026-04-05,P024,,2,10,44,UPI
S0003549,2026-04-05,P001,C0093,2,10,600,CASH
S0003550,2026-04-05,P002,C0008,1,0,255,CASH
S0003551,2026-04-05,P015,C0037,1,0,38,UPI
S0003552,2026-04-05,P011,C0078,2,0,30,CASH
S0003553,2026-04-05,P010,C0078,1,0,18,CREDIT
S0003554,2026-04-05,P016,C0016,5,5,650,UPI
S0003555,2026-04-05,P003,C0070,3,0,465,CASH
S0003556,2026-04-05,P016,C0095,6,5,780,CARD
S0003557,2026-04-05,P008,C0092,1,0,95,CARD
S0003558,2026-04-05,P012,C0071,5,10,210,CARD
S0003559,2026-04-05,P021,C0068,2,0,60,CARD
S0003560,2026-04-05,P011,C0070,1,5,10,UPI
S0003561,2026-04-05,P002,,1,0,255,CREDIT
S0003562,2026-04-05,P023,C0063,1,2,48,CARD
S0003563,2026-04-05,P003,,2,0,310,CASH
S0003564,2026-04-05,P017,C0040,2,0,180,CASH
S0003565,2026-04-05,P004,C0093,1,0,145,CASH
S0003566,2026-04-06,P002,C0090,2,0,510,CREDIT
S0003567,2026-04-06,P021,C0059,1,10,20,UPI
S0003568,2026-04-06,P001,,3,0,930,UPI
S0003569,2026-04-06,P009,C0076,3,0,75,CREDIT
S0003570,2026-04-06,P010,C0011,2,10,16,UPI
S0003571,2026-04-06,P009,C0079,1,10,15,CREDIT
S0003572,2026-04-06,P016,,1,0,135,CREDIT
S0003573,2026-04-06,P013,C0006,3,0,105,CASH
S0003574,2026-04-06,P007,C0024,1,0,110,CREDIT
S0003575,2026-04-06,P018,C0085,1,0,95,CARD
S0003576,2026-04-06,P002,C0098,1,2,253,CARD
S0003577,2026-04-06,P001,C0097,2,2,616,CARD
S0003578,2026-04-06,P009,C0097,2,10,30,CASH
S0003579,2026-04-06,P001,C0093,4,0,1240,CREDIT
S0003580,2026-04-06,P014,C0094,1,10,35,UPI
S0003581,2026-04-06,P004,C0050,1,2,143,CARD
S0003582,2026-04-06,P018,C0055,3,0,285,CARD
S0003583,2026-04-06,P006,C0060,3,0,75,CASH
S0003584,2026-04-06,P005,C0036,1,0,52,CARD
S0003585,2026-04-06,P003,C0099,2,0,310,CARD
S0003586,2026-04-06,P011,C0051,1,2,13,UPI
S0003587,2026-04-06,P020,C0047,5,0,250,CARD
S0003588,2026-04-06,P022,,1,0,105,UPI
S0003589,2026-04-06,P004,C0073,5,0,725,CARD
S0003590,2026-04-06,P009,C0023,2,10,30,CREDIT
S0003591,2026-04-06,P015,C0057,2,0,76,UPI
S0003592,2026-04-06,P015,C0046,1,0,38,CREDIT
S0003593,2026-04-06,P021,C0072,2,10,40,CASH
S0003594,2026-04-06,P014,C0075,1,0,45,UPI
S0003595,2026-04-06,P009,C0071,1,2,23,CARD
S0003596,2026-04-06,P003,C0024,2,0,310,CARD
S0003597,2026-04-06,P009,,6,0,150,CREDIT
S0003598,2026-04-06,P005,C0081,2,0,104,CASH
S0003599,2026-04-06,P005,C0080,3,10,126,UPI
S0003600,2026-04-06,P008,C0084,1,0,95,UPI
S0003601,2026-04-06,P006,C0065,1,5,20,CREDIT
S0003602,2026-04-06,P019,C0006,1,0,72,CASH
S0003603,2026-04-07,P002,C0034,1,5,250,CARD
S0003604,2026-04-07,P001,,2,5,610,CARD
S0003605,2026-04-07,P018,C0006,1,5,90,CASH
S0003606,2026-04-07,P012,C0010,3,0,156,CREDIT
S0003607,2026-04-07,P004,C0010,3,2,429,CASH
S0003608,2026-04-07,P007,C0074,2,0,220,CARD
S0003609,2026-04-07,P022,C0010,1,0,105,CREDIT
S0003610,2026-04-07,P010,C0004,1,0,18,CARD
S0003611,2026-04-07,P020,C0047,1,10,40,CARD
S0003612,2026-04-07,P014,C0048,1,5,40,CREDIT
S0003613,2026-04-07,P010,C0004,1,2,16,CASH
S0003614,2026-04-07,P012,C0038,2,0,104,CASH
S0003615,2026-04-07,P019,C0014,2,0,144,CASH
S0003616,2026-04-07,P011,C0092,1,2,13,CARD
S0003617,2026-04-07,P007,,1,0,110,UPI
S0003618,2026-04-07,P022,C0020,1,5,100,CREDIT
S0003619,2026-04-07,P021,C0010,1,0,30,CASH
S0003620,2026-04-07,P019,C0074,3,2,210,CREDIT
S0003621,2026-04-07,P018,C0016,1,5,90,UPI
S0003622,2026-04-07,P020,C0085,1,0,50,CREDIT
S0003623,2026-04-07,P011,C0025,1,0,15,CARD
S0003624,2026-04-07,P008,C0032,4,0,380,CARD
S0003625,2026-04-07,P008,C0041,2,0,190,UPI
S0003626,2026-04-07,P023,C0057,1,0,50,CREDIT
S0003627,2026-04-07,P012,C0046,2,0,104,UPI
S0003628,2026-04-07,P012,C0062,3,5,141,CASH
S0003629,2026-04-07,P015,C0054,5,10,140,CASH
S0003630,2026-04-07,P019,,1,10,62,CASH
S0003631,2026-04-07,P018,C0100,4,0,380,CREDIT
S0003632,2026-04-07,P022,C0086,5,2,515,CASH
S0003633,2026-04-07,P020,,4,0,200,CARD
S0003634,2026-04-07,P011,C0016,2,0,30,UPI
S0003635,2026-04-07,P014,C0065,2,0,90,CASH
S0003636,2026-04-07,P019,C0081,1,0,72,CASH
S0003637,2026-04-07,P006,C0002,3,0,75,CASH
S0003638,2026-04-07,P004,C0034,2,0,290,CREDIT
S0003639,2026-04-07,P024,C0017,2,0,64,UPI
S0003640,2026-04-07,P014,C0089,2,0,90,CASH
S0003641,2026-04-08,P003,C0066,1,0,155,CREDIT
S0003642,2026-04-08,P014,C0017,3,0,135,CREDIT
S0003643,2026-04-08,P023,C0031,2,2,96,CARD
S0003644,2026-04-08,P004,,4,0,580,CARD
S0003645,2026-04-08,P019,C0079,2,2,140,UPI
S0003646,2026-04-08,P024,C0010,1,0,32,CARD
S0003647,2026-04-08,P015,C0081,4,0,152,CREDIT
S0003648,2026-04-08,P024,C0056,1,10,22,CARD
S0003649,2026-04-08,P016,C0018,4,5,520,CASH
S0003650,2026-04-08,P024,C0076,2,10,44,UPI
S0003651,2026-04-08,P005,C0076,2,0,104,CARD
S0003652,2026-04-08,P022,C0059,1,5,100,CREDIT
S0003653,2026-04-08,P011,C0023,2,0,30,CARD
S0003654,2026-04-08,P004,C0039,1,0,145,CREDIT
S0003655,2026-04-08,P011,C0073,1,0,15,CREDIT
S0003656,2026-04-08,P010,C0050,1,0,18,CARD
S0003657,2026-04-08,P006,C0006,1,0,25,CASH
S0003658,2026-04-08,P014,C0036,6,2,258,CARD
S0003659,2026-04-08,P004,C0037,5,0,725,CASH
S0003660,2026-04-08,P004,C0036,1,0,145,CREDIT
S0003661,2026-04-08,P015,,3,0,114,CASH
S0003662,2026-04-08,P010,C0078,1,0,18,UPI
S0003663,2026-04-08,P008,C0036,2,5,180,CASH
S0003664,2026-04-08,P004,C0071,3,0,435,CASH
S0003665,2026-04-08,P001,,5,2,1540,UPI
S0003666,2026-04-08,P018,,1,2,93,CASH
S0003667,2026-04-08,P001,,3,0,930,UPI
S0003668,2026-04-08,P012,C0037,1,0,52,CREDIT
S0003669,2026-04-08,P024,C0067,6,0,192,CASH
S0003670,2026-04-08,P015,,1,0,38,UPI
S0003671,2026-04-08,P023,,2,5,90,UPI
S0003672,2026-04-08,P015,C0064,2,0,76,CARD
S0003673,2026-04-08,P003,C0018,2,10,290,CARD
S0003674,2026-04-08,P024,C0015,1,5,27,CARD
S0003675,2026-04-08,P003,,5,5,750,CASH
S0003676,2026-04-08,P024,C0042,1,0,32,CASH
S0003677,2026-04-08,P017,C0036,2,0,180,CREDIT
S0003678,2026-04-08,P021,C0066,1,5,25,UPI
S0003679,2026-04-08,P023,C0041,1,5,45,UPI
S0003680,2026-04-08,P014,,2,0,90,CARD
S0003681,2026-04-08,P007,C0072,1,10,100,UPI
S0003682,2026-04-08,P021,C0002,1,5,25,CASH
S0003683,2026-04-08,P005,C0049,1,2,50,CASH
S0003684,2026-04-08,P022,C0034,1,0,105,CREDIT
S0003685,2026-04-08,P005,,3,0,156,CASH
S0003686,2026-04-08,P024,C0037,4,0,128,CASH
S0003687,2026-04-08,P007,,1,5,105,UPI
S0003688,2026-04-08,P017,C0093,1,10,80,CASH
S0003689,2026-04-08,P001,C0009,1,0,310,CREDIT
S0003690,2026-04-08,P018,C0027,1,2,93,CASH
S0003691,2026-04-08,P002,C0089,2,0,510,CARD
S0003692,2026-04-08,P020,C0081,2,0,100,CASH
S0003693,2026-04-09,P021,C0062,1,0,30,CASH
S0003694,2026-04-09,P010,C0030,3,10,24,CARD
S0003695,2026-04-09,P022,C0063,6,0,630,CREDIT
S0003696,2026-04-09,P020,C0070,1,0,50,CREDIT
S0003697,2026-04-09,P010,C0029,1,0,18,UPI
S0003698,2026-04-09,P010,C0058,4,0,72,CARD
S0003699,2026-04-09,P008,C0055,5,5,450,UPI
S0003700,2026-04-09,P006,C0041,1,0,25,UPI
S0003701,2026-04-09,P012,C0051,1,5,47,CASH
S0003702,2026-04-09,P016,,1,10,125,CREDIT
S0003703,2026-04-09,P020,C0088,2,0,100,CASH
S0003704,2026-04-09,P001,C0035,1,0,310,CASH
S0003705,2026-04-09,P014,C0072,1,0,45,CARD
S0003706,2026-04-09,P009,C0041,2,5,40,CREDIT
S0003707,2026-04-09,P013,C0057,1,10,25,CREDIT
S0003708,2026-04-09,P013,,3,0,105,UPI
S0003709,2026-04-09,P009,C0094,1,0,25,CASH
S0003710,2026-04-09,P011,,1,5,10,UPI
S0003711,2026-04-09,P010,C0053,2,0,36,CASH
S0003712,2026-04-09,P019,C0069,1,0,72,CASH
S0003713,2026-04-09,P021,C0079,6,0,180,CARD
S0003714,2026-04-09,P005,C0070,2,2,100,UPI
S0003715,2026-04-09,P024,,1,0,32,CREDIT
S0003716,2026-04-09,P003,C0091,3,10,435,CARD
S0003717,2026-04-09,P012,C0099,1,10,42,UPI
S0003718,2026-04-09,P021,C0067,4,0,120,CASH
S0003719,2026-04-09,P012,C0026,1,2,50,CASH
S0003720,2026-04-09,P018,,2,0,190,CASH
S0003721,2026-04-09,P010,C0021,1,10,8,CARD
S0003722,2026-04-09,P011,C0028,2,0,30,CASH
S0003723,2026-04-09,P001,,3,0,930,UPI
S0003724,2026-04-09,P017,C0065,3,0,270,CREDIT
S0003725,2026-04-09,P016,C0021,1,0,135,CARD
S0003726,2026-04-09,P010,C0030,1,0,18,CASH
S0003727,2026-04-09,P002,C0096,3,0,765,UPI
S0003728,2026-04-09,P013,C0052,5,5,150,CASH
S0003729,2026-04-09,P024,,1,0,32,UPI
S0003730,2026-04-10,P003,C0065,4,0,620,CREDIT
S0003731,2026-04-10,P001,C0096,1,0,310,CASH
S0003732,2026-04-10,P004,C0076,1,5,140,CREDIT
S0003733,2026-04-10,P007,C0078,3,10,300,CARD
S0003734,2026-04-10,P011,C0066,1,0,15,UPI
S0003735,2026-04-10,P010,C0059,2,0,36,CASH
S0003736,2026-04-10,P004,C0084,2,0,290,CREDIT
S0003737,2026-04-10,P013,C0055,1,0,35,UPI
S0003738,2026-04-10,P008,C0072,1,0,95,CARD
S0003739,2026-04-10,P016,,2,0,270,CASH
S0003740,2026-04-10,P013,C0064,1,0,35,CREDIT
S0003741,2026-04-10,P012,C0070,2,10,84,UPI
S0003742,2026-04-10,P015,C0074,3,0,114,UPI
S0003743,2026-04-10,P013,C0030,3,10,75,CREDIT
S0003744,2026-04-10,P012,C0073,1,0,52,UPI
S0003745,2026-04-10,P021,C0043,1,0,30,CASH
S0003746,2026-04-10,P021,C0013,1,0,30,CASH
S0003747,2026-04-10,P007,C0063,1,10,100,CASH
S0003748,2026-04-10,P003,C0052,1,0,155,CREDIT
S0003749,2026-04-10,P017,,2,5,170,CASH
S0003750,2026-04-10,P002,C0064,1,10,245,CARD
S0003751,2026-04-10,P014,C0095,1,0,45,CARD
S0003752,2026-04-10,P005,C0042,1,0,52,CREDIT
S0003753,2026-04-10,P001,C0089,2,0,620,CASH
S0003754,2026-04-10,P018,C0063,1,10,85,CREDIT
S0003755,2026-04-10,P011,C0031,2,5,20,CARD
S0003756,2026-04-10,P015,C0062,1,5,33,UPI
S0003757,2026-04-10,P004,C0090,4,0,580,UPI
S0003758,2026-04-10,P013,C0097,4,0,140,UPI
S0003759,2026-04-10,P006,C0096,1,2,23,UPI
S0003760,2026-04-10,P006,C0057,1,0,25,UPI
S0003761,2026-04-10,P002,C0064,1,0,255,CASH
S0003762,2026-04-10,P021,C0068,1,10,20,CREDIT
S0003763,2026-04-10,P005,,2,5,94,CREDIT
S0003764,2026-04-10,P013,C0038,3,0,105,UPI
S0003765,2026-04-10,P014,C0093,2,0,90,CARD
S0003766,2026-04-10,P017,C0079,3,0,270,CARD
S0003767,2026-04-10,P019,C0022,1,5,67,CASH
S0003768,2026-04-10,P010,C0088,1,2,16,CASH
S0003769,2026-04-10,P020,C0048,3,5,135,CARD
S0003770,2026-04-10,P016,C0027,1,0,135,CARD
S0003771,2026-04-10,P024,,2,5,54,CASH
S0003772,2026-04-10,P006,C0092,1,2,23,CREDIT
S0003773,2026-04-10,P001,C0054,1,0,310,CASH
S0003774,2026-04-10,P005,C0009,6,0,312,UPI
S0003775,2026-04-11,P010,C0025,4,5,52,CASH
S0003776,2026-04-11,P023,C0069,1,0,50,CREDIT
S0003777,2026-04-11,P011,C0008,2,0,30,CREDIT
S0003778,2026-04-11,P020,C0009,2,0,100,CARD
S0003779,2026-04-11,P021,,1,2,28,CASH
S0003780,2026-04-11,P012,C0002,2,5,94,CASH
S0003781,2026-04-11,P009,,1,0,25,CREDIT
S0003782,2026-04-11,P019,C0040,2,5,134,CARD
S0003783,2026-04-11,P020,C0052,4,10,160,CARD
S0003784,2026-04-11,P018,C0083,1,2,93,CASH
S0003785,2026-04-11,P003,C0020,5,2,765,UPI
S0003786,2026-04-11,P024,C0036,2,0,64,CASH
S0003787,2026-04-11,P009,C0014,3,2,69,CASH
S0003788,2026-04-11,P017,C0083,2,2,176,CREDIT
S0003789,2026-04-11,P011,C0099,3,2,39,CARD
S0003790,2026-04-11,P024,C0079,1,10,22,CREDIT
S0003791,2026-04-11,P007,C0001,3,0,330,CASH
S0003792,2026-04-11,P007,,1,0,110,CASH
S0003793,2026-04-11,P005,C0061,4,0,208,UPI
S0003794,2026-04-11,P011,,6,0,90,UPI
S0003795,2026-04-11,P005,,1,2,50,CREDIT
S0003796,2026-04-11,P014,C0061,1,5,40,CARD
S0003797,2026-04-11,P010,C0098,3,2,48,UPI
S0003798,2026-04-11,P008,C0051,1,2,93,CREDIT
S0003799,2026-04-11,P013,C0061,4,5,120,CARD
S0003800,2026-04-11,P010,C0067,1,10,8,CARD
S0003801,2026-04-11,P017,,1,0,90,CASH
S0003802,2026-04-11,P006,,6,5,120,CARD
S0003803,2026-04-11,P023,,2,0,100,CREDIT
S0003804,2026-04-11,P018,C0063,4,0,380,CARD
S0003805,2026-04-11,P022,C0072,1,0,105,CREDIT
S0003806,2026-04-11,P021,C0023,2,0,60,UPI
S0003807,2026-04-11,P012,C0060,2,10,84,CARD
S0003808,2026-04-11,P024,C0028,2,0,64,CASH
S0003809,2026-04-11,P013,C0023,2,0,70,UPI
S0003810,2026-04-11,P007,C0047,2,0,220,CASH
S0003811,2026-04-11,P001,C0040,2,2,616,CARD
S0003812,2026-04-11,P004,,1,0,145,CARD
S0003813,2026-04-11,P017,C0078,3,0,270,CARD
S0003814,2026-04-11,P002,C0036,1,5,250,CREDIT
S0003815,2026-04-11,P013,C0090,2,0,70,CARD
S0003816,2026-04-11,P009,C0008,1,5,20,UPI
S0003817,2026-04-11,P023,C0078,2,0,100,CREDIT
S0003818,2026-04-11,P016,C0061,3,0,405,UPI
S0003819,2026-04-11,P002,C0004,1,0,255,CASH
S0003820,2026-04-11,P023,C0023,1,5,45,CASH
S0003821,2026-04-11,P003,,1,0,155,UPI
S0003822,2026-04-11,P002,C0082,2,0,510,UPI
S0003823,2026-04-11,P011,,4,0,60,CARD
S0003824,2026-04-11,P007,C0079,1,5,105,UPI
S0003825,2026-04-11,P011,C0087,3,10,15,CARD
S0003826,2026-04-11,P023,,1,0,50,CARD
S0003827,2026-04-11,P017,C0086,2,0,180,CREDIT
S0003828,2026-04-11,P014,C0086,5,10,175,UPI
S0003829,2026-04-11,P003,,1,0,155,CASH
S0003830,2026-04-11,P024,C0011,2,0,64,CASH
S0003831,2026-04-11,P015,C0036,1,0,38,CASH
S0003832,2026-04-11,P023,C0053,1,2,48,CASH
S0003833,2026-04-12,P021,,2,5,50,UPI
S0003834,2026-04-12,P010,C0072,2,0,36,CARD
S0003835,2026-04-12,P004,C0060,2,0,290,UPI
S0003836,2026-04-12,P019,C0012,1,0,72,UPI
S0003837,2026-04-12,P003,C0094,1,0,155,UPI
S0003838,2026-04-12,P006,C0076,2,0,50,UPI
S0003839,2026-04-12,P006,C0002,5,10,75,CASH
S0003840,2026-04-12,P021,C0059,1,0,30,UPI
S0003841,2026-04-12,P024,C0040,4,0,128,CASH
S0003842,2026-04-12,P024,C0095,2,10,44,CASH
S0003843,2026-04-12,P010,C0049,2,0,36,CARD
S0003844,2026-04-12,P006,C0018,2,0,50,CARD
S0003845,2026-04-12,P014,,1,0,45,CASH
S0003846,2026-04-12,P009,C0023,1,0,25,CARD
S0003847,2026-04-12,P009,C0057,2,5,40,CARD
S0003848,2026-04-12,P003,C0046,1,0,155,CARD
S0003849,2026-04-12,P012,C0083,4,10,168,CREDIT
S0003850,2026-04-12,P021,,1,5,25,CASH
S0003851,2026-04-12,P002,C0075,1,10,245,CREDIT
S0003852,2026-04-12,P005,C0073,3,2,150,CASH
S0003853,2026-04-12,P023,C0045,1,0,50,CARD
S0003854,2026-04-12,P007,C0090,2,0,220,CARD
S0003855,2026-04-12,P003,C0099,2,2,306,CASH
S0003856,2026-04-12,P009,C0060,4,0,100,CARD
S0003857,2026-04-12,P002,C0067,3,0,765,CASH
S0003858,2026-04-12,P016,C0060,2,0,270,CARD
S0003859,2026-04-12,P012,C0049,2,2,100,UPI
S0003860,2026-04-12,P011,C0014,5,5,50,CARD
S0003861,2026-04-12,P001,C0054,1,0,310,CREDIT
S0003862,2026-04-12,P011,C0083,1,0,15,UPI
S0003863,2026-04-12,P006,C0040,1,0,25,CASH
S0003864,2026-04-12,P015,C0024,1,2,36,UPI
S0003865,2026-04-12,P015,C0079,2,10,56,CREDIT
S0003866,2026-04-12,P019,C0089,2,2,140,CREDIT
S0003867,2026-04-12,P024,C0061,2,0,64,CASH
S0003868,2026-04-12,P009,C0048,1,5,20,CARD
S0003869,2026-04-12,P016,C0052,3,5,390,CARD
S0003870,2026-04-12,P002,C0098,1,0,255,UPI
S0003871,2026-04-12,P014,C0100,2,0,90,CARD
S0003872,2026-04-12,P019,C0076,2,0,144,UPI
S0003873,2026-04-12,P006,C0022,1,2,23,CARD
S0003874,2026-04-12,P020,C0068,1,5,45,CASH
S0003875,2026-04-12,P019,C0018,1,10,62,CASH
S0003876,2026-04-12,P022,,3,0,315,UPI
S0003877,2026-04-12,P003,,4,0,620,CASH
S0003878,2026-04-12,P012,C0051,2,0,104,CASH
S0003879,2026-04-13,P015,C0085,3,0,114,CASH
S0003880,2026-04-13,P007,C0039,3,0,330,CARD
S0003881,2026-04-13,P003,C0031,1,0,155,CASH
S0003882,2026-04-13,P014,C0093,1,0,45,CASH
S0003883,2026-04-13,P005,C0072,3,5,141,CARD
S0003884,2026-04-13,P001,C0021,1,0,310,CARD
S0003885,2026-04-13,P004,C0071,1,0,145,CREDIT
S0003886,2026-04-13,P023,,1,0,50,CREDIT
S0003887,2026-04-13,P022,,2,0,210,CREDIT
S0003888,2026-04-13,P023,C0098,4,0,200,UPI
S0003889,2026-04-13,P013,C0041,5,0,175,CASH
S0003890,2026-04-13,P013,C0042,2,10,50,CARD
S0003891,2026-04-13,P022,,2,5,200,CREDIT
S0003892,2026-04-13,P020,C0069,1,0,50,UPI
S0003893,2026-04-13,P012,C0086,2,0,104,UPI
S0003894,2026-04-13,P008,C0023,1,2,93,CASH
S0003895,2026-04-13,P012,C0044,2,0,104,UPI
S0003896,2026-04-13,P020,C0097,1,2,48,CREDIT
S0003897,2026-04-13,P003,C0030,1,5,150,CASH
S0003898,2026-04-13,P016,C0006,1,0,135,CASH
S0003899,2026-04-13,P010,C0012,1,0,18,CARD
S0003900,2026-04-13,P013,C0024,1,5,30,CREDIT
S0003901,2026-04-13,P005,C0040,1,0,52,CREDIT
S0003902,2026-04-13,P022,C0062,6,10,570,UPI
S0003903,2026-04-13,P009,C0023,2,0,50,CASH
S0003904,2026-04-13,P013,C0067,2,5,60,UPI
S0003905,2026-04-13,P015,C0011,4,10,112,CARD
S0003906,2026-04-13,P022,C0013,6,5,600,CREDIT
S0003907,2026-04-13,P001,C0041,2,0,620,CASH
S0003908,2026-04-13,P019,C0050,3,2,210,CREDIT
S0003909,2026-04-13,P001,C0084,1,0,310,CREDIT
S0003910,2026-04-13,P014,C0007,1,10,35,CARD
S0003911,2026-04-13,P014,C0095,1,0,45,UPI
S0003912,2026-04-13,P020,,2,10,80,CREDIT
S0003913,2026-04-13,P017,C0100,2,0,180,CREDIT
S0003914,2026-04-14,P023,,2,0,100,CARD
S0003915,2026-04-14,P004,C0023,1,10,135,CREDIT
S0003916,2026-04-14,P018,C0050,2,10,170,UPI
S0003917,2026-04-14,P005,C0044,2,0,104,CARD
S0003918,2026-04-14,P007,,3,2,324,CREDIT
S0003919,2026-04-14,P014,C0060,3,0,135,CARD
S0003920,2026-04-14,P002,,4,0,1020,CREDIT
S0003921,2026-04-14,P015,C0007,2,0,76,CARD
S0003922,2026-04-14,P009,C0044,3,0,75,CARD
S0003923,2026-04-14,P001,C0035,2,2,616,CASH
S0003924,2026-04-14,P010,C0054,1,0,18,UPI
S0003925,2026-04-14,P015,C0039,1,0,38,UPI
S0003926,2026-04-14,P020,C0046,1,0,50,UPI
S0003927,2026-04-14,P018,C0051,2,5,180,CASH
S0003928,2026-04-14,P006,C0069,2,0,50,UPI
S0003929,2026-04-14,P005,C0019,4,5,188,CREDIT
S0003930,2026-04-14,P014,C0045,1,0,45,CREDIT
S0003931,2026-04-14,P023,C0032,1,2,48,CREDIT
S0003932,2026-04-14,P002,C0042,5,0,1275,CARD
S0003933,2026-04-14,P002,C0078,1,0,255,UPI
S0003934,2026-04-14,P013,C0093,2,2,66,UPI
S0003935,2026-04-14,P011,C0096,2,5,20,CARD
S0003936,2026-04-14,P014,C0003,2,0,90,CASH
S0003937,2026-04-14,P024,C0093,1,0,32,UPI
S0003938,2026-04-14,P014,,1,0,45,CASH
S0003939,2026-04-14,P019,C0039,1,0,72,CASH
S0003940,2026-04-14,P023,C0007,2,10,80,CARD
S0003941,2026-04-14,P019,C0028,2,0,144,CREDIT
S0003942,2026-04-14,P009,C0089,1,5,20,CASH
S0003943,2026-04-14,P009,C0086,2,2,46,UPI
S0003944,2026-04-14,P020,,3,0,150,CASH
S0003945,2026-04-14,P022,C0035,1,0,105,UPI
S0003946,2026-04-14,P014,C0003,2,0,90,CREDIT
S0003947,2026-04-14,P022,C0036,2,0,210,CARD
S0003948,2026-04-14,P015,,1,2,36,CARD
S0003949,2026-04-14,P004,C0029,1,0,145,UPI
S0003950,2026-04-14,P023,C0029,2,0,100,UPI
S0003951,2026-04-14,P020,C0094,4,0,200,CREDIT
S0003952,2026-04-14,P019,C0082,3,0,216,CARD
S0003953,2026-04-14,P018,C0061,2,0,190,UPI
S0003954,2026-04-14,P011,C0041,3,0,45,CARD
S0003955,2026-04-14,P015,C0060,1,0,38,CREDIT
S0003956,2026-04-14,P007,C0090,2,2,216,CASH
S0003957,2026-04-15,P022,C0033,3,0,315,CREDIT
S0003958,2026-04-15,P002,,2,5,500,UPI
S0003959,2026-04-15,P021,C0072,1,0,30,CARD
S0003960,2026-04-15,P003,C0096,4,0,620,CARD
S0003961,2026-04-15,P010,C0097,1,0,18,CARD
S0003962,2026-04-15,P015,C0060,1,5,33,UPI
S0003963,2026-04-15,P005,C0075,1,2,50,CASH
S0003964,2026-04-15,P020,C0073,3,0,150,CREDIT
S0003965,2026-04-15,P014,C0003,3,10,105,CARD
S0003966,2026-04-15,P018,C0063,1,5,90,CASH
S0003967,2026-04-15,P013,C0017,2,2,66,CREDIT
S0003968,2026-04-15,P020,C0016,1,10,40,UPI
S0003969,2026-04-15,P013,C0028,3,0,105,UPI
S0003970,2026-04-15,P019,C0023,2,0,144,CASH
S0003971,2026-04-15,P024,C0071,1,0,32,CREDIT
S0003972,2026-04-15,P012,C0028,5,10,210,CREDIT
S0003973,2026-04-15,P020,C0041,1,0,50,CARD
S0003974,2026-04-15,P021,C0086,1,0,30,CARD
S0003975,2026-04-15,P017,C0069,2,2,176,CREDIT
S0003976,2026-04-15,P008,C0052,5,10,425,CREDIT
S0003977,2026-04-15,P015,,1,0,38,CREDIT
S0003978,2026-04-15,P006,C0023,1,10,15,CREDIT
S0003979,2026-04-15,P010,C0069,1,0,18,CARD
S0003980,2026-04-15,P015,C0023,2,5,66,UPI
S0003981,2026-04-15,P013,C0084,1,2,33,CREDIT
S0003982,2026-04-15,P014,C0025,2,0,90,UPI
S0003983,2026-04-15,P020,C0018,6,0,300,UPI
S0003984,2026-04-15,P020,C0094,2,2,96,CREDIT
S0003985,2026-04-15,P001,C0079,1,0,310,CASH
S0003986,2026-04-15,P006,C0081,1,2,23,CREDIT
S0003987,2026-04-15,P022,C0048,1,0,105,UPI
S0003988,2026-04-15,P024,,4,2,120,CREDIT
S0003989,2026-04-15,P018,,1,2,93,CASH
S0003990,2026-04-15,P006,C0048,1,0,25,CASH
S0003991,2026-04-15,P006,,2,0,50,CASH
S0003992,2026-04-15,P011,C0038,2,0,30,UPI
S0003993,2026-04-15,P001,C0074,2,0,620,CREDIT
S0003994,2026-04-15,P015,C0088,1,0,38,CREDIT
S0003995,2026-04-15,P008,C0023,3,10,255,CREDIT
S0003996,2026-04-15,P017,C0015,5,5,425,CARD
S0003997,2026-04-15,P006,C0060,2,0,50,UPI
S0003998,2026-04-15,P001,C0005,5,5,1525,CREDIT
S0003999,2026-04-15,P017,,1,0,90,CREDIT
S0004000,2026-04-15,P003,C0054,2,10,290,CARD
S0004001,2026-04-15,P023,C0016,2,2,96,UPI
S0004002,2026-04-16,P015,,1,0,38,UPI
S0004003,2026-04-16,P010,C0051,1,10,8,UPI
S0004004,2026-04-16,P012,C0092,1,0,52,CREDIT
S0004005,2026-04-16,P014,C0016,1,10,35,UPI
S0004006,2026-04-16,P005,C0034,3,10,126,UPI
S0004007,2026-04-16,P024,C0047,1,0,32,CREDIT
S0004008,2026-04-16,P022,C0019,1,0,105,CASH
S0004009,2026-04-16,P016,C0034,2,0,270,UPI
S0004010,2026-04-16,P011,C0089,2,5,20,UPI
S0004011,2026-04-16,P015,C0063,4,5,132,CASH
S0004012,2026-04-16,P009,C0038,2,0,50,CREDIT
S0004013,2026-04-16,P011,C0058,1,10,5,CARD
S0004014,2026-04-16,P019,C0077,3,0,216,UPI
S0004015,2026-04-16,P005,C0067,2,0,104,CARD
S0004016,2026-04-16,P001,,1,0,310,CARD
S0004017,2026-04-16,P019,C0092,2,0,144,CARD
S0004018,2026-04-16,P010,C0021,4,5,52,CARD
S0004019,2026-04-16,P016,C0057,1,5,130,CARD
S0004020,2026-04-16,P005,,1,5,47,CASH
S0004021,2026-04-16,P005,C0038,1,2,50,CREDIT
S0004022,2026-04-16,P009,C0030,1,5,20,UPI
S0004023,2026-04-16,P007,C0039,2,2,216,CASH
S0004024,2026-04-16,P019,C0034,2,0,144,CARD
S0004025,2026-04-16,P024,C0096,1,2,30,CREDIT
S0004026,2026-04-16,P016,,5,2,665,CASH
S0004027,2026-04-16,P012,C0020,3,5,141,CARD
S0004028,2026-04-16,P017,C0049,2,0,180,CREDIT
S0004029,2026-04-16,P021,,3,0,90,CREDIT
S0004030,2026-04-16,P006,,1,0,25,CREDIT
S0004031,2026-04-16,P001,C0009,2,5,610,CARD
S0004032,2026-04-16,P008,C0027,2,0,190,CASH
S0004033,2026-04-16,P005,C0078,3,0,156,UPI
S0004034,2026-04-16,P021,C0046,3,0,90,CREDIT
S0004035,2026-04-16,P015,,1,2,36,UPI
S0004036,2026-04-16,P024,,5,10,110,CASH
S0004037,2026-04-16,P024,C0047,1,0,32,UPI
S0004038,2026-04-17,P013,C0013,1,5,30,CARD
S0004039,2026-04-17,P017,C0035,1,0,90,UPI
S0004040,2026-04-17,P002,C0073,2,0,510,CASH
S0004041,2026-04-17,P008,,2,0,190,CASH
S0004042,2026-04-17,P023,,5,5,225,CASH
S0004043,2026-04-17,P008,C0092,2,5,180,CREDIT
S0004044,2026-04-17,P006,C0078,2,0,50,CARD
S0004045,2026-04-17,P018,C0012,3,0,285,CASH
S0004046,2026-04-17,P024,,5,10,110,UPI
S0004047,2026-04-17,P005,C0039,1,2,50,UPI
S0004048,2026-04-17,P007,C0032,6,0,660,CREDIT
S0004049,2026-04-17,P015,C0069,1,0,38,UPI
S0004050,2026-04-17,P011,C0082,3,10,15,UPI
S0004051,2026-04-17,P007,C0015,1,0,110,CREDIT
S0004052,2026-04-17,P003,C0026,1,0,155,UPI
S0004053,2026-04-17,P018,C0028,2,2,186,CREDIT
S0004054,2026-04-17,P010,C0002,2,2,32,CREDIT
S0004055,2026-04-17,P004,,1,5,140,CREDIT
S0004056,2026-04-17,P021,C0076,1,0,30,CREDIT
S0004057,2026-04-17,P001,C0097,2,0,620,CREDIT
S0004058,2026-04-17,P020,C0064,4,0,200,CASH
S0004059,2026-04-17,P011,C0062,1,2,13,CARD
S0004060,2026-04-17,P021,C0034,1,0,30,CASH
S0004061,2026-04-17,P011,C0087,2,0,30,CARD
S0004062,2026-04-17,P021,C0015,1,0,30,CASH
S0004063,2026-04-17,P016,C0041,3,0,405,CREDIT
S0004064,2026-04-17,P016,C0023,3,0,405,UPI
S0004065,2026-04-17,P014,C0039,2,5,80,UPI
S0004066,2026-04-17,P015,C0082,1,0,38,CASH
S0004067,2026-04-18,P007,C0014,3,10,300,CASH
S0004068,2026-04-18,P007,C0065,2,0,220,CARD
S0004069,2026-04-18,P011,C0068,3,10,15,CREDIT
S0004070,2026-04-18,P004,C0039,2,5,280,CASH
S0004071,2026-04-18,P019,C0020,1,5,67,CARD
S0004072,2026-04-18,P006,C0099,5,0,125,CREDIT
S0004073,2026-04-18,P006,C0021,2,10,30,CASH
S0004074,2026-04-18,P011,C0061,2,2,26,CREDIT
S0004075,2026-04-18,P024,C0030,1,0,32,CARD
S0004076,2026-04-18,P016,,2,10,250,CARD
S0004077,2026-04-18,P012,C0040,2,0,104,CARD
S0004078,2026-04-18,P024,,1,0,32,CARD
S0004079,2026-04-18,P015,C0055,1,0,38,CREDIT
S0004080,2026-04-18,P014,C0098,2,0,90,CREDIT
S0004081,2026-04-18,P002,C0046,3,0,765,CASH
S0004082,2026-04-18,P015,C0036,2,10,56,UPI
S0004083,2026-04-18,P023,C0027,1,0,50,CARD
S0004084,2026-04-18,P010,C0048,2,10,16,UPI
S0004085,2026-04-18,P011,,1,0,15,CREDIT
S0004086,2026-04-18,P011,C0072,2,2,26,CASH
S0004087,2026-04-18,P007,C0065,1,2,108,CREDIT
S0004088,2026-04-18,P009,C0010,1,0,25,CASH
S0004089,2026-04-18,P006,C0093,1,0,25,CREDIT
S0004090,2026-04-18,P024,C0061,1,2,30,UPI
S0004091,2026-04-18,P022,C0089,1,0,105,CREDIT
S0004092,2026-04-18,P008,C0078,1,0,95,CREDIT
S0004093,2026-04-18,P002,C0008,2,0,510,CARD
S0004094,2026-04-18,P009,C0048,2,2,46,CREDIT
S0004095,2026-04-18,P010,C0061,1,0,18,CASH
S0004096,2026-04-18,P024,C0042,3,0,96,CREDIT
S0004097,2026-04-18,P005,C0020,1,10,42,CARD
S0004098,2026-04-18,P019,C0072,2,0,144,UPI
S0004099,2026-04-18,P015,C0042,1,0,38,CARD
S0004100,2026-04-18,P018,,1,2,93,CARD
S0004101,2026-04-18,P023,C0018,2,0,100,UPI
S0004102,2026-04-18,P023,C0095,2,5,90,CARD
S0004103,2026-04-18,P012,C0058,4,10,168,CASH
S0004104,2026-04-18,P006,C0060,2,0,50,CASH
S0004105,2026-04-18,P015,C0043,5,0,190,CASH
S0004106,2026-04-18,P022,C0034,1,5,100,CARD
S0004107,2026-04-18,P020,,1,5,45,UPI
S0004108,2026-04-18,P005,C0083,1,0,52,CREDIT
S0004109,2026-04-18,P014,,1,0,45,CREDIT
S0004110,2026-04-18,P002,C0068,2,10,490,UPI
S0004111,2026-04-18,P017,C0003,2,0,180,CREDIT
S0004112,2026-04-18,P002,,1,2,253,CARD
S0004113,2026-04-18,P018,C0037,5,0,475,CARD
S0004114,2026-04-19,P021,C0095,1,0,30,UPI
S0004115,2026-04-19,P019,C0072,1,0,72,UPI
S0004116,2026-04-19,P018,,1,0,95,UPI
S0004117,2026-04-19,P019,C0079,1,0,72,CASH
S0004118,2026-04-19,P003,C0088,2,10,290,CREDIT
S0004119,2026-04-19,P009,C0058,1,0,25,CASH
S0004120,2026-04-19,P021,C0010,1,0,30,CASH
S0004121,2026-04-19,P021,C0044,6,2,168,CREDIT
S0004122,2026-04-19,P017,C0089,2,10,160,CREDIT
S0004123,2026-04-19,P001,C0074,5,0,1550,CARD
S0004124,2026-04-19,P001,,1,2,308,CREDIT
S0004125,2026-04-19,P001,C0029,1,0,310,CARD
S0004126,2026-04-19,P014,C0034,2,0,90,CASH
S0004127,2026-04-19,P019,C0099,1,5,67,CARD
S0004128,2026-04-19,P018,C0084,1,0,95,CASH
S0004129,2026-04-19,P019,,2,0,144,CASH
S0004130,2026-04-19,P007,C0019,2,10,200,CASH
S0004131,2026-04-19,P010,C0013,1,0,18,UPI
S0004132,2026-04-19,P018,,2,2,186,UPI
S0004133,2026-04-19,P005,C0045,1,2,50,UPI
S0004134,2026-04-19,P011,C0041,1,10,5,CASH
S0004135,2026-04-19,P022,C0026,1,0,105,CARD
S0004136,2026-04-19,P006,C0035,1,0,25,CASH
S0004137,2026-04-19,P007,C0046,1,10,100,UPI
S0004138,2026-04-19,P005,C0016,5,0,260,CREDIT
S0004139,2026-04-19,P001,,2,0,620,CASH
S0004140,2026-04-19,P013,C0058,3,0,105,CREDIT
S0004141,2026-04-19,P013,C0027,1,0,35,CREDIT
S0004142,2026-04-19,P019,C0016,1,10,62,UPI
S0004143,2026-04-19,P006,,1,2,23,UPI
S0004144,2026-04-19,P006,C0027,1,10,15,UPI
S0004145,2026-04-19,P016,C0078,1,5,130,CARD
S0004146,2026-04-19,P024,C0054,3,0,96,CASH
S0004147,2026-04-19,P007,,2,0,220,CARD
S0004148,2026-04-19,P016,C0066,2,0,270,UPI
S0004149,2026-04-19,P015,C0001,2,0,76,CREDIT
S0004150,2026-04-19,P014,,5,0,225,UPI
S0004151,2026-04-19,P012,C0040,1,0,52,UPI
S0004152,2026-04-19,P014,C0084,1,10,35,CARD
S0004153,2026-04-19,P008,C0011,1,5,90,CREDIT
S0004154,2026-04-19,P016,C0036,3,0,405,CARD
S0004155,2026-04-19,P002,,6,0,1530,CASH
S0004156,2026-04-19,P006,C0002,1,2,23,CASH
S0004157,2026-04-19,P017,C0018,4,0,360,CREDIT
S0004158,2026-04-19,P002,C0077,3,0,765,CASH
S0004159,2026-04-19,P024,C0038,1,5,27,CARD
S0004160,2026-04-19,P020,,1,0,50,CASH
S0004161,2026-04-19,P014,C0023,1,0,45,CASH
S0004162,2026-04-20,P024,,3,10,66,CASH
S0004163,2026-04-20,P012,,2,0,104,CASH
S0004164,2026-04-20,P001,C0027,2,0,620,CARD
S0004165,2026-04-20,P013,C0048,3,5,90,CARD
S0004166,2026-04-20,P020,C0004,3,0,150,UPI
S0004167,2026-04-20,P011,,4,0,60,CREDIT
S0004168,2026-04-20,P002,,1,5,250,CASH
S0004169,2026-04-20,P014,C0070,2,0,90,CREDIT
S0004170,2026-04-20,P020,C0068,1,5,45,CASH
S0004171,2026-04-20,P006,C0002,1,0,25,CARD
S0004172,2026-04-20,P008,C0054,2,0,190,UPI
S0004173,2026-04-20,P004,C0060,1,0,145,CREDIT
S0004174,2026-04-20,P018,C0018,2,0,190,UPI
S0004175,2026-04-20,P010,C0061,6,0,108,CARD
S0004176,2026-04-20,P005,C0085,1,0,52,CARD
S0004177,2026-04-20,P020,C0092,2,5,90,UPI
S0004178,2026-04-20,P016,C0096,1,0,135,CASH
S0004179,2026-04-20,P005,C0066,1,0,52,CASH
S0004180,2026-04-20,P005,C0085,1,0,52,UPI
S0004181,2026-04-20,P024,C0092,5,0,160,CREDIT
S0004182,2026-04-20,P010,C0014,4,2,64,CASH
S0004183,2026-04-20,P008,C0024,4,0,380,CARD
S0004184,2026-04-20,P011,C0060,6,5,60,CARD
S0004185,2026-04-20,P005,C0055,1,0,52,CARD
S0004186,2026-04-20,P022,C0075,1,0,105,UPI
S0004187,2026-04-20,P024,C0050,2,10,44,UPI
S0004188,2026-04-20,P007,C0002,2,0,220,CASH
S0004189,2026-04-20,P021,,1,0,30,CASH
S0004190,2026-04-20,P006,C0042,1,0,25,UPI
S0004191,2026-04-20,P019,C0062,2,0,144,CARD
S0004192,2026-04-20,P007,,2,5,210,CREDIT
S0004193,2026-04-20,P015,C0059,1,0,38,CARD
S0004194,2026-04-20,P018,C0016,2,0,190,CARD
S0004195,2026-04-20,P021,C0066,2,10,40,CARD
S0004196,2026-04-20,P011,C0033,2,0,30,CARD
S0004197,2026-04-20,P016,C0071,1,10,125,CREDIT
S0004198,2026-04-20,P022,C0086,3,0,315,CARD
S0004199,2026-04-20,P017,C0009,1,0,90,CARD
S0004200,2026-04-20,P014,C0004,1,5,40,CASH
S0004201,2026-04-20,P004,C0059,3,0,435,UPI
S0004202,2026-04-20,P004,C0092,2,2,286,CARD
S0004203,2026-04-21,P005,C0045,2,10,84,CARD
S0004204,2026-04-21,P015,C0071,3,0,114,UPI
S0004205,2026-04-21,P017,C0051,3,0,270,CASH
S0004206,2026-04-21,P005,C0088,2,10,84,CASH
S0004207,2026-04-21,P001,C0094,2,0,620,CARD
S0004208,2026-04-21,P017,C0100,1,2,88,CASH
S0004209,2026-04-21,P019,C0068,1,10,62,UPI
S0004210,2026-04-21,P018,C0070,1,0,95,CASH
S0004211,2026-04-21,P023,C0022,2,2,96,CARD
S0004212,2026-04-21,P006,C0088,2,0,50,CASH
S0004213,2026-04-21,P021,,1,5,25,CASH
S0004214,2026-04-21,P023,C0070,1,0,50,CREDIT
S0004215,2026-04-21,P007,C0007,2,0,220,CREDIT
S0004216,2026-04-21,P010,,1,0,18,CREDIT
S0004217,2026-04-21,P016,C0042,3,0,405,CASH
S0004218,2026-04-21,P024,C0001,1,0,32,UPI
S0004219,2026-04-21,P009,C0072,2,5,40,CARD
S0004220,2026-04-21,P007,C0079,5,5,525,UPI
S0004221,2026-04-21,P002,C0053,1,10,245,CASH
S0004222,2026-04-21,P005,,2,0,104,CASH
S0004223,2026-04-21,P008,,1,0,95,CASH
S0004224,2026-04-21,P021,C0051,2,0,60,CASH
S0004225,2026-04-21,P008,C0045,2,10,170,UPI
S0004226,2026-04-21,P008,C0018,1,0,95,CREDIT
S0004227,2026-04-21,P004,C0095,2,5,280,CASH
S0004228,2026-04-21,P007,C0019,4,0,440,CARD
S0004229,2026-04-21,P011,C0082,1,0,15,UPI
S0004230,2026-04-21,P017,C0068,1,0,90,UPI
S0004231,2026-04-21,P021,C0061,4,2,112,CASH
S0004232,2026-04-21,P022,C0039,2,0,210,UPI
S0004233,2026-04-21,P018,C0079,4,5,360,CREDIT
S0004234,2026-04-22,P005,,2,0,104,CARD
S0004235,2026-04-22,P009,C0049,3,0,75,CARD
S0004236,2026-04-22,P004,C0060,4,5,560,CREDIT
S0004237,2026-04-22,P019,,2,0,144,CREDIT
S0004238,2026-04-22,P010,C0067,1,0,18,UPI
S0004239,2026-04-22,P003,C0078,1,5,150,CARD
S0004240,2026-04-22,P008,,1,10,85,CREDIT
S0004241,2026-04-22,P023,C0054,1,0,50,UPI
S0004242,2026-04-22,P021,,1,0,30,CARD
S0004243,2026-04-22,P024,C0036,2,5,54,CARD
S0004244,2026-04-22,P021,C0043,2,2,56,CREDIT
S0004245,2026-04-22,P022,C0033,2,10,190,CARD
S0004246,2026-04-22,P003,C0013,2,0,310,CREDIT
S0004247,2026-04-22,P008,C0064,1,2,93,CASH
S0004248,2026-04-22,P019,C0086,1,0,72,CARD
S0004249,2026-04-22,P004,,1,10,135,CREDIT
S0004250,2026-04-22,P018,,2,2,186,CREDIT
S0004251,2026-04-22,P020,,1,2,48,CREDIT
S0004252,2026-04-22,P002,C0014,1,2,253,UPI
S0004253,2026-04-22,P019,C0016,1,0,72,CASH
S0004254,2026-04-22,P012,C0087,3,2,150,CREDIT
S0004255,2026-04-22,P013,C0096,1,5,30,UPI
S0004256,2026-04-22,P012,,2,5,94,CREDIT
S0004257,2026-04-22,P015,,2,2,72,UPI
S0004258,2026-04-22,P013,,3,10,75,CREDIT
S0004259,2026-04-22,P022,C0028,5,0,525,CASH
S0004260,2026-04-22,P001,C0043,1,5,305,UPI
S0004261,2026-04-22,P010,,1,0,18,UPI
S0004262,2026-04-22,P024,,4,0,128,CARD
S0004263,2026-04-22,P012,C0088,2,10,84,CARD
S0004264,2026-04-22,P012,C0036,2,0,104,CREDIT
S0004265,2026-04-22,P002,C0059,2,0,510,CARD
S0004266,2026-04-22,P006,C0072,2,0,50,CARD
S0004267,2026-04-22,P024,C0097,5,0,160,CARD
S0004268,2026-04-22,P006,C0064,6,10,90,UPI
S0004269,2026-04-22,P011,C0079,3,0,45,CASH
S0004270,2026-04-22,P011,C0040,1,10,5,UPI
S0004271,2026-04-23,P024,C0082,1,0,32,CREDIT
S0004272,2026-04-23,P011,C0064,4,2,52,CASH
S0004273,2026-04-23,P013,C0034,1,0,35,CREDIT
S0004274,2026-04-23,P012,,1,0,52,CREDIT
S0004275,2026-04-23,P012,C0021,1,10,42,CASH
S0004276,2026-04-23,P011,C0015,4,0,60,CASH
S0004277,2026-04-23,P019,,2,0,144,CARD
S0004278,2026-04-23,P018,C0023,2,2,186,CREDIT
S0004279,2026-04-23,P020,C0010,1,5,45,CASH
S0004280,2026-04-23,P003,C0092,3,0,465,CREDIT
S0004281,2026-04-23,P009,C0092,3,0,75,CARD
S0004282,2026-04-23,P018,C0051,1,0,95,CASH
S0004283,2026-04-23,P013,,1,0,35,CARD
S0004284,2026-04-23,P020,C0011,1,2,48,CARD
S0004285,2026-04-23,P008,,6,0,570,UPI
S0004286,2026-04-23,P008,C0020,2,2,186,CARD
S0004287,2026-04-23,P001,C0029,5,0,1550,CASH
S0004288,2026-04-23,P008,C0057,1,0,95,CASH
S0004289,2026-04-23,P005,C0038,3,0,156,CASH
S0004290,2026-04-23,P001,C0079,3,10,900,CREDIT
S0004291,2026-04-23,P015,C0072,2,0,76,CASH
S0004292,2026-04-23,P014,,5,0,225,CREDIT
S0004293,2026-04-23,P021,,1,2,28,CREDIT
S0004294,2026-04-23,P024,C0091,1,0,32,CARD
S0004295,2026-04-23,P009,C0048,2,0,50,CARD
S0004296,2026-04-23,P008,C0070,3,0,285,CARD
S0004297,2026-04-23,P003,C0018,2,5,300,CARD
S0004298,2026-04-23,P023,,1,0,50,CASH
S0004299,2026-04-23,P004,C0065,2,10,270,CREDIT
S0004300,2026-04-23,P018,C0014,1,0,95,CASH
S0004301,2026-04-23,P024,C0092,2,0,64,CASH
S0004302,2026-04-23,P015,C0074,2,0,76,UPI
S0004303,2026-04-23,P015,C0057,3,2,108,CREDIT
S0004304,2026-04-23,P019,C0009,1,0,72,CASH
S0004305,2026-04-23,P001,C0058,1,2,308,UPI
S0004306,2026-04-23,P012,,1,0,52,CASH
S0004307,2026-04-23,P003,C0046,1,5,150,UPI
S0004308,2026-04-23,P024,C0073,3,0,96,CARD
S0004309,2026-04-23,P024,C0092,4,0,128,CREDIT
S0004310,2026-04-23,P014,C0098,1,5,40,CASH
S0004311,2026-04-23,P013,C0085,3,0,105,CREDIT
S0004312,2026-04-23,P010,C0090,4,2,64,CARD
S0004313,2026-04-23,P011,C0073,4,0,60,CREDIT
S0004314,2026-04-24,P005,C0070,1,10,42,CARD
S0004315,2026-04-24,P001,C0007,2,2,616,CARD
S0004316,2026-04-24,P019,C0100,1,0,72,UPI
S0004317,2026-04-24,P020,C0068,1,0,50,CREDIT
S0004318,2026-04-24,P024,C0094,1,0,32,CASH
S0004319,2026-04-24,P008,C0100,3,2,279,CASH
S0004320,2026-04-24,P006,C0084,4,0,100,CREDIT
S0004321,2026-04-24,P024,C0043,1,0,32,UPI
S0004322,2026-04-24,P004,C0074,4,0,580,CREDIT
S0004323,2026-04-24,P014,C0090,4,0,180,CREDIT
S0004324,2026-04-24,P005,C0044,3,10,126,CASH
S0004325,2026-04-24,P004,C0046,1,0,145,CASH
S0004326,2026-04-24,P023,,2,0,100,CARD
S0004327,2026-04-24,P016,C0024,5,0,675,CARD
S0004328,2026-04-24,P013,C0030,2,0,70,CARD
S0004329,2026-04-24,P021,C0011,1,5,25,CARD
S0004330,2026-04-24,P015,C0013,2,10,56,CARD
S0004331,2026-04-24,P001,C0008,2,2,616,UPI
S0004332,2026-04-24,P022,C0013,2,0,210,CASH
S0004333,2026-04-24,P001,C0002,1,2,308,UPI
S0004334,2026-04-24,P011,C0040,1,0,15,UPI
S0004335,2026-04-24,P019,C0048,3,2,210,UPI
S0004336,2026-04-24,P006,C0082,4,0,100,CREDIT
S0004337,2026-04-24,P006,C0028,1,2,23,CARD
S0004338,2026-04-24,P004,C0088,5,10,675,CASH
S0004339,2026-04-24,P020,C0074,1,0,50,CASH
S0004340,2026-04-24,P015,,2,5,66,CASH
S0004341,2026-04-24,P017,,3,0,270,CREDIT
S0004342,2026-04-24,P001,C0005,3,2,924,UPI
S0004343,2026-04-24,P010,C0014,5,0,90,CARD
S0004344,2026-04-24,P022,C0076,1,0,105,CASH
S0004345,2026-04-24,P004,C0025,4,0,580,CASH
S0004346,2026-04-24,P020,C0059,1,0,50,CREDIT
S0004347,2026-04-25,P015,C0086,2,0,76,UPI
S0004348,2026-04-25,P011,C0047,1,0,15,CASH
S0004349,2026-04-25,P008,C0063,4,10,340,CASH
S0004350,2026-04-25,P013,C0046,1,0,35,UPI
S0004351,2026-04-25,P016,,1,10,125,UPI
S0004352,2026-04-25,P017,C0085,3,0,270,CARD
S0004353,2026-04-25,P017,C0074,2,2,176,CREDIT
S0004354,2026-04-25,P018,C0026,4,5,360,CARD
S0004355,2026-04-25,P011,C0058,1,0,15,CASH
S0004356,2026-04-25,P010,C0055,1,5,13,CREDIT
S0004357,2026-04-25,P014,C0011,3,0,135,CREDIT
S0004358,2026-04-25,P001,C0014,2,0,620,CARD
S0004359,2026-04-25,P018,C0079,1,0,95,CREDIT
S0004360,2026-04-25,P010,,3,0,54,CARD
S0004361,2026-04-25,P022,C0008,2,5,200,UPI
S0004362,2026-04-25,P007,C0040,2,0,220,CASH
S0004363,2026-04-25,P021,C0095,2,0,60,UPI
S0004364,2026-04-25,P018,C0007,3,0,285,CARD
S0004365,2026-04-25,P013,C0046,3,0,105,UPI
S0004366,2026-04-25,P022,C0056,3,10,285,CASH
S0004367,2026-04-25,P017,C0088,1,0,90,UPI
S0004368,2026-04-25,P007,C0059,3,0,330,CASH
S0004369,2026-04-25,P008,C0041,2,5,180,UPI
S0004370,2026-04-25,P023,C0064,2,0,100,CASH
S0004371,2026-04-25,P019,C0079,1,5,67,UPI
S0004372,2026-04-25,P002,C0027,4,0,1020,UPI
S0004373,2026-04-25,P010,,3,0,54,CASH
S0004374,2026-04-25,P022,,1,10,95,CARD
S0004375,2026-04-25,P006,,1,0,25,CASH
S0004376,2026-04-25,P012,C0052,4,10,168,UPI
S0004377,2026-04-25,P005,C0077,1,0,52,CASH
S0004378,2026-04-25,P020,C0034,5,5,225,CREDIT
S0004379,2026-04-25,P022,C0091,2,2,206,CARD
S0004380,2026-04-25,P007,C0095,2,5,210,CARD
S0004381,2026-04-25,P014,C0002,1,5,40,CREDIT
S0004382,2026-04-25,P014,C0036,1,0,45,CASH
S0004383,2026-04-25,P016,C0077,5,0,675,UPI
S0004384,2026-04-25,P021,C0051,1,5,25,UPI
S0004385,2026-04-25,P023,C0058,3,10,120,CASH
S0004386,2026-04-25,P022,C0029,1,5,100,UPI
S0004387,2026-04-25,P021,C0015,1,0,30,CASH
S0004388,2026-04-25,P016,C0024,1,0,135,CARD
S0004389,2026-04-25,P006,C0033,2,5,40,CREDIT
S0004390,2026-04-25,P010,C0037,6,2,96,CARD
S0004391,2026-04-26,P019,C0014,1,0,72,UPI
S0004392,2026-04-26,P013,,2,10,50,CASH
S0004393,2026-04-26,P003,,2,2,306,CREDIT
S0004394,2026-04-26,P007,C0067,4,0,440,UPI
S0004395,2026-04-26,P016,C0014,2,0,270,UPI
S0004396,2026-04-26,P008,,2,0,190,CREDIT
S0004397,2026-04-26,P006,C0098,1,0,25,UPI
S0004398,2026-04-26,P008,C0079,6,0,570,CARD
S0004399,2026-04-26,P015,C0019,1,5,33,CREDIT
S0004400,2026-04-26,P020,C0006,1,10,40,CASH
S0004401,2026-04-26,P007,C0041,2,5,210,UPI
S0004402,2026-04-26,P019,C0020,2,0,144,CARD
S0004403,2026-04-26,P009,C0045,1,0,25,CREDIT
S0004404,2026-04-26,P007,C0008,2,5,210,CREDIT
S0004405,2026-04-26,P013,C0038,3,0,105,UPI
S0004406,2026-04-26,P008,C0081,1,0,95,CASH
S0004407,2026-04-26,P011,C0093,3,5,30,CREDIT
S0004408,2026-04-26,P001,C0057,2,10,600,UPI
S0004409,2026-04-26,P008,C0068,1,2,93,CARD
S0004410,2026-04-26,P018,C0019,2,0,190,CARD
S0004411,2026-04-26,P002,C0088,1,0,255,UPI
S0004412,2026-04-26,P014,C0069,3,2,129,UPI
S0004413,2026-04-26,P020,C0022,2,5,90,CARD
S0004414,2026-04-26,P012,C0019,1,0,52,UPI
S0004415,2026-04-26,P022,C0001,2,0,210,CREDIT
S0004416,2026-04-26,P001,C0008,6,2,1848,CREDIT
S0004417,2026-04-26,P019,,2,0,144,CASH
S0004418,2026-04-26,P021,C0073,5,0,150,UPI
S0004419,2026-04-26,P001,,1,5,305,CREDIT
S0004420,2026-04-26,P019,C0050,1,5,67,CARD
S0004421,2026-04-26,P022,C0050,1,2,103,CREDIT
S0004422,2026-04-26,P024,C0088,1,0,32,CREDIT
S0004423,2026-04-26,P020,C0045,1,0,50,CREDIT
S0004424,2026-04-26,P016,C0059,1,0,135,CARD
S0004425,2026-04-26,P008,C0037,4,0,380,CASH
S0004426,2026-04-26,P013,,4,0,140,CASH
S0004427,2026-04-26,P012,C0003,3,5,141,CREDIT
S0004428,2026-04-27,P010,C0006,1,0,18,CREDIT
S0004429,2026-04-27,P014,,3,5,120,CASH
S0004430,2026-04-27,P013,,5,0,175,CARD
S0004431,2026-04-27,P007,C0054,2,0,220,CREDIT
S0004432,2026-04-27,P015,C0058,1,5,33,CREDIT
S0004433,2026-04-27,P013,C0047,2,0,70,CARD
S0004434,2026-04-27,P011,C0052,1,5,10,CASH
S0004435,2026-04-27,P024,C0027,1,2,30,CASH
S0004436,2026-04-27,P007,C0025,2,5,210,CASH
S0004437,2026-04-27,P024,,3,5,81,CARD
S0004438,2026-04-27,P015,,1,2,36,CREDIT
S0004439,2026-04-27,P012,C0040,1,5,47,CASH
S0004440,2026-04-27,P013,C0061,6,0,210,UPI
S0004441,2026-04-27,P018,C0058,1,5,90,CARD
S0004442,2026-04-27,P020,C0007,1,0,50,CASH
S0004443,2026-04-27,P007,C0071,1,0,110,CASH
S0004444,2026-04-27,P022,,1,0,105,CREDIT
S0004445,2026-04-27,P006,C0004,1,0,25,CASH
S0004446,2026-04-27,P013,C0086,3,2,99,CASH
S0004447,2026-04-27,P009,C0088,1,5,20,CASH
S0004448,2026-04-27,P021,C0074,2,0,60,CASH
S0004449,2026-04-27,P005,C0041,2,0,104,CREDIT
S0004450,2026-04-27,P008,C0095,2,10,170,CASH
S0004451,2026-04-27,P016,C0079,4,0,540,UPI
S0004452,2026-04-27,P022,,4,0,420,UPI
S0004453,2026-04-27,P003,C0002,1,0,155,UPI
S0004454,2026-04-27,P011,C0012,3,10,15,CARD
S0004455,2026-04-27,P012,C0096,2,0,104,CASH
S0004456,2026-04-28,P007,,6,0,660,UPI
S0004457,2026-04-28,P012,,4,2,200,CARD
S0004458,2026-04-28,P019,C0058,1,10,62,CREDIT
S0004459,2026-04-28,P011,C0023,3,5,30,CARD
S0004460,2026-04-28,P010,,1,0,18,CASH
S0004461,2026-04-28,P005,C0054,1,0,52,UPI
S0004462,2026-04-28,P018,C0053,1,2,93,CASH
S0004463,2026-04-28,P018,C0081,1,2,93,CREDIT
S0004464,2026-04-28,P023,C0089,3,0,150,CASH
S0004465,2026-04-28,P004,C0019,1,5,140,CREDIT
S0004466,2026-04-28,P004,C0006,3,10,405,CASH
S0004467,2026-04-28,P013,C0049,1,0,35,CREDIT
S0004468,2026-04-28,P006,C0003,1,10,15,CARD
S0004469,2026-04-28,P015,C0074,1,2,36,CASH
S0004470,2026-04-28,P015,C0063,1,0,38,CARD
S0004471,2026-04-28,P011,,1,0,15,CARD
S0004472,2026-04-28,P003,C0018,1,0,155,CARD
S0004473,2026-04-28,P022,,2,0,210,CASH
S0004474,2026-04-28,P004,C0086,1,10,135,CASH
S0004475,2026-04-28,P021,C0038,1,0,30,UPI
S0004476,2026-04-28,P012,,1,2,50,CREDIT
S0004477,2026-04-28,P001,,4,2,1232,CREDIT
S0004478,2026-04-28,P006,,4,0,100,CARD
S0004479,2026-04-28,P007,C0036,2,2,216,UPI
S0004480,2026-04-28,P016,,1,0,135,CASH
S0004481,2026-04-28,P002,C0031,1,5,250,CARD
S0004482,2026-04-28,P009,C0056,5,0,125,CARD
S0004483,2026-04-28,P002,C0096,1,0,255,CREDIT
S0004484,2026-04-28,P022,C0043,1,0,105,UPI
S0004485,2026-04-28,P005,,1,10,42,UPI
S0004486,2026-04-29,P024,C0003,3,2,90,CARD
S0004487,2026-04-29,P013,,1,0,35,CREDIT
S0004488,2026-04-29,P013,C0005,2,0,70,CARD
S0004489,2026-04-29,P023,C0043,1,0,50,CARD
S0004490,2026-04-29,P017,,1,10,80,CREDIT
S0004491,2026-04-29,P014,C0044,4,5,160,CASH
S0004492,2026-04-29,P012,C0034,1,5,47,CASH
S0004493,2026-04-29,P016,C0035,3,0,405,UPI
S0004494,2026-04-29,P015,C0011,2,5,66,CARD
S0004495,2026-04-29,P017,C0003,1,0,90,CASH
S0004496,2026-04-29,P004,C0010,5,0,725,CASH
S0004497,2026-04-29,P012,C0020,1,0,52,CASH
S0004498,2026-04-29,P003,C0010,4,10,580,UPI
S0004499,2026-04-29,P024,C0095,1,0,32,CARD
S0004500,2026-04-29,P020,C0020,4,0,200,CREDIT
S0004501,2026-04-29,P021,C0043,1,10,20,UPI
S0004502,2026-04-29,P020,C0008,2,0,100,CASH
S0004503,2026-04-29,P007,,3,5,315,UPI
S0004504,2026-04-29,P006,C0092,5,0,125,UPI
S0004505,2026-04-29,P001,,4,0,1240,CASH
S0004506,2026-04-29,P007,C0092,3,0,330,UPI
S0004507,2026-04-29,P013,C0081,4,0,140,CASH
S0004508,2026-04-29,P016,C0026,1,10,125,CREDIT
S0004509,2026-04-29,P020,C0024,1,5,45,CREDIT
S0004510,2026-04-29,P010,C0087,1,5,13,UPI
S0004511,2026-04-29,P015,C0065,1,0,38,UPI
S0004512,2026-04-29,P003,C0026,1,0,155,CARD
S0004513,2026-04-29,P005,C0074,2,2,100,CASH
S0004514,2026-04-29,P023,C0090,1,0,50,UPI
S0004515,2026-04-29,P007,,2,0,220,CARD
S0004516,2026-04-29,P008,C0051,1,0,95,CARD
S0004517,2026-04-29,P020,C0065,1,0,50,CARD
S0004518,2026-04-30,P007,C0033,3,0,330,CARD
S0004519,2026-04-30,P024,C0068,2,0,64,UPI
S0004520,2026-04-30,P021,C0033,1,5,25,CARD
S0004521,2026-04-30,P006,C0008,2,0,50,UPI
S0004522,2026-04-30,P016,,1,0,135,UPI
S0004523,2026-04-30,P020,,1,10,40,CREDIT
S0004524,2026-04-30,P003,C0098,1,5,150,CREDIT
S0004525,2026-04-30,P001,C0087,1,5,305,UPI
S0004526,2026-04-30,P011,C0099,1,2,13,CARD
S0004527,2026-04-30,P023,C0078,5,5,225,UPI
S0004528,2026-04-30,P019,C0094,5,0,360,CARD
S0004529,2026-04-30,P015,C0096,1,0,38,CREDIT
S0004530,2026-04-30,P012,C0039,1,0,52,CREDIT
S0004531,2026-04-30,P011,C0096,1,2,13,CASH
S0004532,2026-04-30,P008,C0022,1,2,93,UPI
S0004533,2026-04-30,P023,C0053,5,0,250,CREDIT
S0004534,2026-04-30,P015,,1,0,38,CREDIT
S0004535,2026-04-30,P015,,3,10,84,CREDIT
S0004536,2026-04-30,P015,C0019,1,0,38,CREDIT
S0004537,2026-04-30,P014,,6,0,270,CASH
S0004538,2026-04-30,P011,,1,0,15,CASH
S0004539,2026-04-30,P013,C0002,3,0,105,CREDIT
S0004540,2026-04-30,P022,C0020,1,0,105,CASH
S0004541,2026-04-30,P007,C0003,2,0,220,CREDIT
S0004542,2026-04-30,P016,C0035,1,0,135,CARD
S0004543,2026-04-30,P007,C0064,1,0,110,CREDIT
S0004544,2026-04-30,P006,,5,0,125,CARD
S0004545,2026-04-30,P008,C0063,4,0,380,CREDIT
S0004546,2026-04-30,P014,,4,0,180,CASH
S0004547,2026-04-30,P016,C0008,2,5,260,CARD
S0004548,2026-04-30,P004,C0042,3,0,435,CREDIT
S0004549,2026-04-30,P020,C0019,1,0,50,CASH
S0004550,2026-04-30,P017,,1,0,90,CASH
S0004551,2026-04-30,P014,C0002,1,0,45,CARD
S0004552,2026-04-30,P021,C0044,2,0,60,CARD
S0004553,2026-05-01,P022,C0055,2,2,206,UPI
S0004554,2026-05-01,P020,C0068,3,0,150,CARD
S0004555,2026-05-01,P011,C0048,1,5,10,CASH
S0004556,2026-05-01,P012,C0061,1,2,50,UPI
S0004557,2026-05-01,P001,C0048,1,0,310,CREDIT
S0004558,2026-05-01,P008,C0042,1,0,95,CASH
S0004559,2026-05-01,P011,,1,5,10,CREDIT
S0004560,2026-05-01,P009,C0044,2,2,46,CARD
S0004561,2026-05-01,P023,,2,0,100,CASH
S0004562,2026-05-01,P011,C0081,2,10,10,CASH
S0004563,2026-05-01,P023,C0079,1,2,48,CASH
S0004564,2026-05-01,P008,C0073,3,0,285,CREDIT
S0004565,2026-05-01,P001,C0066,1,0,310,UPI
S0004566,2026-05-01,P013,C0019,2,10,50,CARD
S0004567,2026-05-01,P003,C0063,3,2,459,CREDIT
S0004568,2026-05-01,P020,C0035,1,5,45,UPI
S0004569,2026-05-01,P015,C0100,1,0,38,CASH
S0004570,2026-05-01,P009,C0019,4,5,80,CARD
S0004571,2026-05-01,P002,C0032,1,0,255,CASH
S0004572,2026-05-01,P021,C0042,2,0,60,CARD
S0004573,2026-05-01,P020,C0072,1,0,50,CASH
S0004574,2026-05-01,P009,C0063,2,0,50,CARD
S0004575,2026-05-01,P020,C0026,1,2,48,CASH
S0004576,2026-05-01,P020,C0016,1,2,48,CARD
S0004577,2026-05-01,P024,C0095,2,0,64,CASH
S0004578,2026-05-01,P017,C0065,1,10,80,CARD
S0004579,2026-05-01,P008,C0049,1,10,85,CREDIT
S0004580,2026-05-01,P023,,1,10,40,UPI
S0004581,2026-05-01,P010,C0027,1,0,18,CASH
S0004582,2026-05-01,P010,C0004,1,0,18,CREDIT
S0004583,2026-05-01,P003,C0060,1,0,155,CASH
S0004584,2026-05-01,P015,C0049,4,5,132,CASH
S0004585,2026-05-02,P020,C0098,5,0,250,CARD
S0004586,2026-05-02,P004,C0059,1,0,145,CARD
S0004587,2026-05-02,P007,C0078,5,5,525,CREDIT
S0004588,2026-05-02,P010,C0076,1,0,18,CASH
S0004589,2026-05-02,P011,C0016,3,0,45,UPI
S0004590,2026-05-02,P011,C0062,2,2,26,CARD
S0004591,2026-05-02,P005,,4,0,208,CREDIT
S0004592,2026-05-02,P018,C0081,2,0,190,CREDIT
S0004593,2026-05-02,P021,C0051,2,0,60,CASH
S0004594,2026-05-02,P011,,1,2,13,UPI
S0004595,2026-05-02,P021,C0042,1,0,30,UPI
S0004596,2026-05-02,P017,C0093,4,0,360,CASH
S0004597,2026-05-02,P016,,1,0,135,UPI
S0004598,2026-05-02,P005,C0014,1,0,52,CASH
S0004599,2026-05-02,P023,C0012,3,0,150,CARD
S0004600,2026-05-02,P012,C0011,1,0,52,CREDIT
S0004601,2026-05-02,P011,C0009,5,10,25,CREDIT
S0004602,2026-05-02,P013,C0008,3,2,99,CREDIT
S0004603,2026-05-02,P021,C0051,2,10,40,CASH
S0004604,2026-05-02,P018,C0012,4,10,340,CASH
S0004605,2026-05-02,P015,C0015,1,0,38,CARD
S0004606,2026-05-02,P008,C0008,1,0,95,UPI
S0004607,2026-05-02,P002,,2,5,500,CASH
S0004608,2026-05-02,P016,C0006,1,0,135,CASH
S0004609,2026-05-02,P008,,3,0,285,CASH
S0004610,2026-05-02,P017,C0042,4,0,360,CREDIT
S0004611,2026-05-02,P021,C0051,2,5,50,UPI
S0004612,2026-05-02,P017,C0038,1,10,80,CREDIT
S0004613,2026-05-02,P001,C0092,5,5,1525,CREDIT
S0004614,2026-05-02,P018,C0006,2,0,190,CASH
S0004615,2026-05-02,P019,C0027,2,0,144,CASH
S0004616,2026-05-03,P019,C0001,2,0,144,CARD
S0004617,2026-05-03,P023,C0075,3,0,150,CARD
S0004618,2026-05-03,P017,C0022,3,10,240,CREDIT
S0004619,2026-05-03,P007,C0069,1,0,110,UPI
S0004620,2026-05-03,P021,C0080,2,5,50,CARD
S0004621,2026-05-03,P009,C0048,4,2,92,CREDIT
S0004622,2026-05-03,P006,C0026,1,10,15,CARD
S0004623,2026-05-03,P011,C0042,3,0,45,CARD
S0004624,2026-05-03,P013,C0084,5,0,175,CARD
S0004625,2026-05-03,P015,C0058,2,0,76,CREDIT
S0004626,2026-05-03,P007,C0015,3,0,330,UPI
S0004627,2026-05-03,P013,C0014,3,10,75,CASH
S0004628,2026-05-03,P007,C0073,4,10,400,CARD
S0004629,2026-05-03,P023,C0028,1,5,45,CARD
S0004630,2026-05-03,P012,C0007,1,0,52,CASH
S0004631,2026-05-03,P019,C0033,1,10,62,CASH
S0004632,2026-05-03,P017,C0040,2,0,180,UPI
S0004633,2026-05-03,P007,C0024,2,10,200,CARD
S0004634,2026-05-03,P007,C0093,3,0,330,CREDIT
S0004635,2026-05-03,P024,C0059,1,0,32,CREDIT
S0004636,2026-05-03,P020,C0022,2,10,80,CREDIT
S0004637,2026-05-03,P016,C0077,1,2,133,CARD
S0004638,2026-05-03,P022,C0032,3,10,285,UPI
S0004639,2026-05-03,P020,,2,0,100,UPI
S0004640,2026-05-03,P001,C0007,1,2,308,UPI
S0004641,2026-05-03,P009,C0039,1,0,25,CREDIT
S0004642,2026-05-03,P013,C0073,3,5,90,CASH
S0004643,2026-05-03,P004,C0048,2,0,290,CASH
S0004644,2026-05-03,P021,C0055,1,0,30,CARD
S0004645,2026-05-03,P003,C0054,5,0,775,UPI
S0004646,2026-05-03,P010,C0005,3,10,24,UPI
S0004647,2026-05-03,P010,C0034,5,0,90,CREDIT
S0004648,2026-05-03,P007,,2,0,220,UPI
S0004649,2026-05-03,P016,C0002,2,0,270,UPI
S0004650,2026-05-03,P003,C0031,4,5,600,CREDIT
S0004651,2026-05-03,P019,C0072,2,5,134,CARD
S0004652,2026-05-04,P009,C0090,2,0,50,CREDIT
S0004653,2026-05-04,P003,C0089,1,5,150,CASH
S0004654,2026-05-04,P007,C0051,1,0,110,CREDIT
S0004655,2026-05-04,P001,C0064,1,0,310,CREDIT
S0004656,2026-05-04,P015,C0023,1,0,38,UPI
S0004657,2026-05-04,P019,C0085,6,0,432,UPI
S0004658,2026-05-04,P009,C0037,1,5,20,CREDIT
S0004659,2026-05-04,P007,C0035,2,10,200,UPI
S0004660,2026-05-04,P022,,3,0,315,CASH
S0004661,2026-05-04,P008,C0058,2,5,180,UPI
S0004662,2026-05-04,P021,,1,0,30,CREDIT
S0004663,2026-05-04,P018,C0063,3,5,270,CASH
S0004664,2026-05-04,P023,C0096,2,10,80,UPI
S0004665,2026-05-04,P010,C0012,3,0,54,CARD
S0004666,2026-05-04,P015,C0061,3,10,84,CASH
S0004667,2026-05-04,P012,,6,5,282,CARD
S0004668,2026-05-04,P024,C0070,2,2,60,CASH
S0004669,2026-05-04,P011,C0082,1,5,10,CARD
S0004670,2026-05-04,P014,C0075,2,0,90,CREDIT
S0004671,2026-05-04,P012,C0045,1,0,52,CARD
S0004672,2026-05-04,P005,C0087,4,10,168,CREDIT
S0004673,2026-05-04,P022,C0053,1,2,103,CARD
S0004674,2026-05-04,P014,C0078,1,0,45,CARD
S0004675,2026-05-04,P005,,3,0,156,CARD
S0004676,2026-05-04,P021,C0058,2,0,60,CASH
S0004677,2026-05-04,P002,C0065,1,0,255,CASH
S0004678,2026-05-04,P020,C0070,2,0,100,CASH
S0004679,2026-05-04,P019,,4,0,288,CASH
S0004680,2026-05-04,P023,C0011,1,0,50,CREDIT
S0004681,2026-05-04,P004,C0070,4,2,572,UPI
S0004682,2026-05-04,P017,C0074,1,0,90,UPI
S0004683,2026-05-04,P009,C0086,3,2,69,CASH
S0004684,2026-05-04,P024,C0088,4,0,128,CARD
S0004685,2026-05-04,P016,C0042,1,0,135,CARD
S0004686,2026-05-04,P018,C0067,2,0,190,CREDIT
S0004687,2026-05-04,P008,C0045,1,2,93,CREDIT
S0004688,2026-05-04,P023,C0014,3,10,120,CASH
S0004689,2026-05-04,P021,C0059,2,5,50,CASH
S0004690,2026-05-04,P023,C0025,2,10,80,UPI
S0004691,2026-05-05,P017,C0014,1,10,80,CREDIT
S0004692,2026-05-05,P005,C0089,1,0,52,CARD
S0004693,2026-05-05,P008,C0052,2,10,170,CARD
S0004694,2026-05-05,P007,C0082,4,2,432,UPI
S0004695,2026-05-05,P007,C0003,2,0,220,UPI
S0004696,2026-05-05,P010,C0027,2,0,36,CASH
S0004697,2026-05-05,P022,C0009,5,0,525,CARD
S0004698,2026-05-05,P015,C0055,3,0,114,CARD
S0004699,2026-05-05,P022,C0002,5,0,525,CARD
S0004700,2026-05-05,P011,C0048,2,0,30,CASH
S0004701,2026-05-05,P010,C0080,1,0,18,CREDIT
S0004702,2026-05-05,P021,C0076,1,2,28,UPI
S0004703,2026-05-05,P022,C0005,3,0,315,CREDIT
S0004704,2026-05-05,P011,C0004,1,0,15,CARD
S0004705,2026-05-05,P023,,1,0,50,CREDIT
S0004706,2026-05-05,P018,C0013,2,10,170,CREDIT
S0004707,2026-05-05,P023,C0080,2,2,96,CARD
S0004708,2026-05-05,P022,C0004,2,0,210,CREDIT
S0004709,2026-05-05,P002,C0098,1,0,255,UPI
S0004710,2026-05-05,P016,C0070,1,0,135,UPI
S0004711,2026-05-05,P003,C0093,2,0,310,UPI
S0004712,2026-05-05,P015,C0096,5,0,190,CARD
S0004713,2026-05-05,P008,C0061,3,2,279,UPI
S0004714,2026-05-05,P011,C0071,5,0,75,CREDIT
S0004715,2026-05-05,P007,C0053,3,2,324,UPI
S0004716,2026-05-05,P001,C0017,2,5,610,UPI
S0004717,2026-05-05,P017,C0009,1,0,90,CASH
S0004718,2026-05-05,P015,C0090,2,0,76,CREDIT
S0004719,2026-05-05,P018,C0093,2,5,180,UPI
S0004720,2026-05-06,P009,C0016,2,2,46,CREDIT
S0004721,2026-05-06,P006,C0038,1,0,25,CASH
S0004722,2026-05-06,P002,C0077,2,0,510,CARD
S0004723,2026-05-06,P014,C0088,1,0,45,CASH
S0004724,2026-05-06,P003,C0062,3,0,465,CREDIT
S0004725,2026-05-06,P008,C0050,1,0,95,CASH
S0004726,2026-05-06,P013,C0039,1,0,35,CASH
S0004727,2026-05-06,P008,,2,0,190,CREDIT
S0004728,2026-05-06,P008,C0057,2,5,180,UPI
S0004729,2026-05-06,P004,C0018,2,0,290,CASH
S0004730,2026-05-06,P024,C0073,1,2,30,UPI
S0004731,2026-05-06,P015,C0047,2,0,76,CREDIT
S0004732,2026-05-06,P001,C0068,1,5,305,CARD
S0004733,2026-05-06,P021,C0014,5,2,140,CREDIT
S0004734,2026-05-06,P016,C0036,5,0,675,CREDIT
S0004735,2026-05-06,P018,C0055,2,5,180,UPI
S0004736,2026-05-06,P003,C0034,1,0,155,CARD
S0004737,2026-05-06,P016,C0065,3,0,405,CASH
S0004738,2026-05-06,P005,C0004,1,0,52,CASH
S0004739,2026-05-06,P003,C0024,2,2,306,CASH
S0004740,2026-05-06,P015,C0070,1,5,33,CARD
S0004741,2026-05-06,P018,C0062,5,0,475,UPI
S0004742,2026-05-06,P022,C0075,1,0,105,CREDIT
S0004743,2026-05-06,P004,C0006,2,2,286,CASH
S0004744,2026-05-06,P007,C0039,3,0,330,CASH
S0004745,2026-05-06,P024,C0051,2,5,54,UPI
S0004746,2026-05-06,P012,C0066,1,0,52,UPI
S0004747,2026-05-06,P004,C0086,6,2,858,CARD
S0004748,2026-05-06,P019,C0002,2,2,140,CARD
S0004749,2026-05-06,P005,,2,0,104,CASH
S0004750,2026-05-06,P016,C0028,1,10,125,CASH
S0004751,2026-05-06,P022,C0062,2,0,210,CREDIT
S0004752,2026-05-06,P007,C0023,2,0,220,CREDIT
S0004753,2026-05-06,P018,C0081,1,5,90,UPI
S0004754,2026-05-06,P005,C0017,1,5,47,CASH
S0004755,2026-05-06,P003,C0066,3,0,465,UPI
S0004756,2026-05-06,P019,C0032,1,0,72,CREDIT
S0004757,2026-05-07,P021,C0029,3,0,90,CARD
S0004758,2026-05-07,P014,C0097,1,0,45,CREDIT
S0004759,2026-05-07,P002,C0042,2,10,490,CREDIT
S0004760,2026-05-07,P001,C0086,1,0,310,CARD
S0004761,2026-05-07,P013,C0078,1,0,35,CASH
S0004762,2026-05-07,P024,C0062,1,0,32,CREDIT
S0004763,2026-05-07,P021,C0097,3,10,60,CASH
S0004764,2026-05-07,P008,C0067,1,2,93,CARD
S0004765,2026-05-07,P016,C0010,1,10,125,CREDIT
S0004766,2026-05-07,P020,C0054,2,0,100,UPI
S0004767,2026-05-07,P018,C0091,4,0,380,CASH
S0004768,2026-05-07,P021,C0048,1,0,30,CARD
S0004769,2026-05-07,P013,C0060,2,0,70,CARD
S0004770,2026-05-07,P010,C0069,1,10,8,CARD
S0004771,2026-05-07,P010,C0061,2,10,16,CREDIT
S0004772,2026-05-07,P013,,2,10,50,CASH
S0004773,2026-05-07,P016,C0012,2,0,270,CREDIT
S0004774,2026-05-07,P011,C0067,1,2,13,UPI
S0004775,2026-05-07,P009,C0035,1,5,20,CARD
S0004776,2026-05-07,P010,C0066,1,2,16,CASH
S0004777,2026-05-07,P011,,1,0,15,CASH
S0004778,2026-05-07,P019,C0045,1,0,72,CARD
S0004779,2026-05-07,P007,C0043,3,10,300,CREDIT
S0004780,2026-05-07,P009,C0077,5,0,125,CREDIT
S0004781,2026-05-07,P022,C0025,6,5,600,CASH
S0004782,2026-05-07,P023,C0025,4,0,200,CARD
S0004783,2026-05-07,P023,C0071,2,2,96,CARD
S0004784,2026-05-07,P007,C0060,3,10,300,CASH
S0004785,2026-05-07,P004,C0093,1,5,140,CARD
S0004786,2026-05-08,P021,C0027,2,0,60,CARD
S0004787,2026-05-08,P006,,3,5,60,CREDIT
S0004788,2026-05-08,P012,C0051,1,0,52,CREDIT
S0004789,2026-05-08,P023,,1,0,50,CREDIT
S0004790,2026-05-08,P018,C0019,5,0,475,CARD
S0004791,2026-05-08,P020,C0033,1,0,50,UPI
S0004792,2026-05-08,P013,C0071,2,10,50,CREDIT
S0004793,2026-05-08,P001,C0025,4,0,1240,CARD
S0004794,2026-05-08,P016,,2,0,270,CARD
S0004795,2026-05-08,P017,C0054,2,2,176,CASH
S0004796,2026-05-08,P009,C0055,1,0,25,CREDIT
S0004797,2026-05-08,P020,C0061,1,0,50,CREDIT
S0004798,2026-05-08,P013,C0016,4,0,140,CASH
S0004799,2026-05-08,P006,C0047,2,0,50,UPI
S0004800,2026-05-08,P002,C0009,2,10,490,CARD
S0004801,2026-05-08,P004,C0069,1,2,143,CARD
S0004802,2026-05-08,P005,C0013,1,10,42,CREDIT
S0004803,2026-05-08,P007,,5,0,550,UPI
S0004804,2026-05-08,P001,C0044,1,0,310,CARD
S0004805,2026-05-08,P010,C0031,2,0,36,CASH
S0004806,2026-05-08,P008,C0078,1,2,93,CARD
S0004807,2026-05-08,P018,,2,0,190,CASH
S0004808,2026-05-08,P005,C0071,5,0,260,CARD
S0004809,2026-05-08,P008,,2,0,190,CREDIT
S0004810,2026-05-08,P007,C0079,1,2,108,UPI
S0004811,2026-05-08,P006,C0074,2,0,50,CARD
S0004812,2026-05-08,P016,C0013,3,0,405,CASH
S0004813,2026-05-08,P014,C0031,1,0,45,CREDIT
S0004814,2026-05-08,P020,,4,0,200,CASH
S0004815,2026-05-08,P008,C0014,2,0,190,UPI
S0004816,2026-05-08,P008,C0040,4,5,360,CREDIT
S0004817,2026-05-08,P019,C0077,2,10,124,CREDIT
S0004818,2026-05-08,P015,C0030,1,0,38,UPI
S0004819,2026-05-08,P003,C0092,1,0,155,CREDIT
S0004820,2026-05-08,P015,C0095,1,0,38,CREDIT
S0004821,2026-05-08,P020,C0049,4,10,160,UPI
S0004822,2026-05-08,P018,C0035,3,10,255,CASH
S0004823,2026-05-09,P022,C0056,1,0,105,CARD
S0004824,2026-05-09,P011,C0064,3,0,45,CREDIT
S0004825,2026-05-09,P015,C0027,2,2,72,CARD
S0004826,2026-05-09,P005,C0010,1,5,47,CREDIT
S0004827,2026-05-09,P006,C0052,2,10,30,CASH
S0004828,2026-05-09,P007,C0046,1,0,110,CREDIT
S0004829,2026-05-09,P009,C0092,1,0,25,CARD
S0004830,2026-05-09,P008,C0077,2,0,190,CREDIT
S0004831,2026-05-09,P001,,1,5,305,CASH
S0004832,2026-05-09,P021,C0009,6,5,150,CREDIT
S0004833,2026-05-09,P023,C0003,1,10,40,CREDIT
S0004834,2026-05-09,P019,C0047,1,0,72,CREDIT
S0004835,2026-05-09,P001,C0056,1,0,310,CREDIT
S0004836,2026-05-09,P014,C0056,3,0,135,CARD
S0004837,2026-05-09,P012,C0035,2,0,104,CARD
S0004838,2026-05-09,P009,C0021,2,0,50,CASH
S0004839,2026-05-09,P008,C0075,1,10,85,CASH
S0004840,2026-05-09,P002,C0047,1,0,255,UPI
S0004841,2026-05-09,P008,C0091,2,0,190,CASH
S0004842,2026-05-09,P003,C0090,3,2,459,UPI
S0004843,2026-05-09,P009,C0068,4,0,100,CARD
S0004844,2026-05-09,P015,C0038,1,0,38,CASH
S0004845,2026-05-09,P014,,2,0,90,CASH
S0004846,2026-05-09,P008,C0040,4,0,380,CASH
S0004847,2026-05-09,P017,C0030,1,0,90,UPI
S0004848,2026-05-09,P020,C0074,3,0,150,CASH
S0004849,2026-05-09,P010,C0061,1,2,16,CREDIT
S0004850,2026-05-09,P006,C0003,5,0,125,CASH
S0004851,2026-05-09,P020,C0010,3,5,135,UPI
S0004852,2026-05-09,P004,,5,0,725,CASH
S0004853,2026-05-09,P018,C0100,2,0,190,CREDIT
S0004854,2026-05-09,P018,C0048,1,10,85,CASH
S0004855,2026-05-09,P005,,5,2,250,CASH
S0004856,2026-05-09,P008,C0002,1,10,85,CARD
S0004857,2026-05-09,P006,C0035,1,10,15,UPI
S0004858,2026-05-09,P017,,3,2,264,UPI
S0004859,2026-05-09,P013,C0022,3,0,105,UPI
S0004860,2026-05-09,P016,,5,0,675,CASH
S0004861,2026-05-09,P008,C0078,1,10,85,CARD
S0004862,2026-05-09,P019,C0036,3,10,186,CREDIT
S0004863,2026-05-09,P008,C0023,3,0,285,UPI
S0004864,2026-05-09,P023,C0021,1,0,50,UPI
S0004865,2026-05-09,P003,C0018,1,0,155,UPI
S0004866,2026-05-10,P010,C0068,6,0,108,CREDIT
S0004867,2026-05-10,P022,C0051,2,10,190,CREDIT
S0004868,2026-05-10,P017,C0083,3,0,270,CARD
S0004869,2026-05-10,P020,C0092,6,2,288,CREDIT
S0004870,2026-05-10,P009,,1,2,23,CREDIT
S0004871,2026-05-10,P006,,3,2,69,CREDIT
S0004872,2026-05-10,P005,C0005,2,10,84,CASH
S0004873,2026-05-10,P003,C0048,4,2,612,CARD
S0004874,2026-05-10,P004,,1,2,143,CREDIT
S0004875,2026-05-10,P013,C0039,5,0,175,CARD
S0004876,2026-05-10,P001,C0063,1,0,310,CASH
S0004877,2026-05-10,P001,C0056,1,0,310,CASH
S0004878,2026-05-10,P015,C0076,3,10,84,CASH
S0004879,2026-05-10,P021,C0039,1,10,20,CREDIT
S0004880,2026-05-10,P008,C0003,2,0,190,CASH
S0004881,2026-05-10,P015,C0063,2,0,76,CREDIT
S0004882,2026-05-10,P015,C0060,3,5,99,CARD
S0004883,2026-05-10,P007,C0017,1,0,110,CREDIT
S0004884,2026-05-10,P002,C0019,1,0,255,UPI
S0004885,2026-05-10,P010,C0007,1,0,18,CARD
S0004886,2026-05-10,P015,,2,0,76,CREDIT
S0004887,2026-05-10,P003,C0038,1,2,153,CARD
S0004888,2026-05-10,P017,C0062,1,2,88,UPI
S0004889,2026-05-10,P016,C0046,1,0,135,CARD
S0004890,2026-05-10,P007,,1,0,110,CASH
S0004891,2026-05-10,P001,C0019,2,0,620,CARD
S0004892,2026-05-10,P002,C0066,4,0,1020,CASH
S0004893,2026-05-10,P021,C0048,1,2,28,UPI
S0004894,2026-05-10,P015,C0043,2,0,76,CREDIT
S0004895,2026-05-10,P012,C0042,2,2,100,CARD
S0004896,2026-05-10,P012,,1,0,52,UPI
S0004897,2026-05-10,P015,C0063,3,10,84,CREDIT
S0004898,2026-05-10,P017,C0086,1,0,90,UPI
S0004899,2026-05-10,P005,C0049,2,10,84,CARD
S0004900,2026-05-10,P022,C0057,1,5,100,CARD
S0004901,2026-05-11,P005,C0098,1,0,52,CASH
S0004902,2026-05-11,P003,C0050,1,2,153,CARD
S0004903,2026-05-11,P013,C0006,6,0,210,UPI
S0004904,2026-05-11,P010,C0018,2,0,36,CASH
S0004905,2026-05-11,P014,C0025,2,2,86,CREDIT
S0004906,2026-05-11,P005,C0071,4,0,208,CARD
S0004907,2026-05-11,P007,C0009,3,0,330,CASH
S0004908,2026-05-11,P002,C0094,2,0,510,CREDIT
S0004909,2026-05-11,P003,C0060,3,0,465,CASH
S0004910,2026-05-11,P022,C0015,4,0,420,UPI
S0004911,2026-05-11,P022,,2,0,210,CARD
S0004912,2026-05-11,P020,C0048,2,5,90,CREDIT
S0004913,2026-05-11,P009,C0072,1,2,23,CARD
S0004914,2026-05-11,P021,C0042,5,5,125,CASH
S0004915,2026-05-11,P022,,2,5,200,CARD
S0004916,2026-05-11,P020,,1,10,40,CASH
S0004917,2026-05-11,P008,C0003,4,10,340,CREDIT
S0004918,2026-05-11,P016,C0043,2,0,270,CARD
S0004919,2026-05-11,P016,C0052,1,5,130,UPI
S0004920,2026-05-11,P019,,2,0,144,CARD
S0004921,2026-05-11,P004,C0019,1,10,135,CASH
S0004922,2026-05-11,P008,C0060,4,0,380,CASH
S0004923,2026-05-11,P004,C0070,1,5,140,CARD
S0004924,2026-05-11,P014,C0052,3,5,120,CREDIT
S0004925,2026-05-11,P019,C0039,2,0,144,UPI
S0004926,2026-05-11,P008,C0080,1,0,95,CREDIT
S0004927,2026-05-11,P022,C0100,6,0,630,CARD
S0004928,2026-05-11,P002,C0052,2,0,510,CREDIT
S0004929,2026-05-11,P005,C0061,1,0,52,UPI
S0004930,2026-05-11,P011,C0016,2,0,30,CARD
S0004931,2026-05-11,P008,,4,0,380,CREDIT
S0004932,2026-05-11,P013,C0028,1,2,33,CREDIT
S0004933,2026-05-11,P014,C0031,1,10,35,CARD
S0004934,2026-05-11,P008,,1,2,93,CASH
S0004935,2026-05-11,P011,C0077,1,0,15,CARD
S0004936,2026-05-11,P019,,3,0,216,UPI
S0004937,2026-05-11,P004,C0011,2,0,290,UPI
S0004938,2026-05-11,P005,C0055,1,2,50,CREDIT
S0004939,2026-05-12,P003,,5,10,725,CASH
S0004940,2026-05-12,P002,C0061,1,0,255,CASH
S0004941,2026-05-12,P002,C0038,6,0,1530,CARD
S0004942,2026-05-12,P022,,2,5,200,CARD
S0004943,2026-05-12,P022,C0012,1,2,103,UPI
S0004944,2026-05-12,P006,C0043,4,0,100,UPI
S0004945,2026-05-12,P002,C0011,2,2,506,UPI
S0004946,2026-05-12,P020,,3,0,150,CASH
S0004947,2026-05-12,P006,,6,0,150,CREDIT
S0004948,2026-05-12,P004,C0076,1,0,145,CARD
S0004949,2026-05-12,P020,C0068,1,10,40,UPI
S0004950,2026-05-12,P020,C0018,3,0,150,UPI
S0004951,2026-05-12,P015,,1,2,36,CARD
S0004952,2026-05-12,P006,C0100,1,5,20,UPI
S0004953,2026-05-12,P016,C0029,1,2,133,CARD
S0004954,2026-05-12,P002,,1,0,255,CARD
S0004955,2026-05-12,P022,C0089,3,0,315,CREDIT
S0004956,2026-05-12,P015,C0066,1,0,38,CARD
S0004957,2026-05-12,P010,C0091,2,5,26,CREDIT
S0004958,2026-05-12,P014,,2,10,70,CASH
S0004959,2026-05-12,P010,C0042,2,5,26,CASH
S0004960,2026-05-12,P008,C0020,1,0,95,CASH
S0004961,2026-05-12,P002,C0008,3,0,765,UPI
S0004962,2026-05-12,P005,C0058,1,0,52,CASH
S0004963,2026-05-12,P005,C0010,3,5,141,CARD
S0004964,2026-05-12,P011,C0041,4,5,40,CASH
S0004965,2026-05-12,P023,C0056,2,0,100,CREDIT
S0004966,2026-05-12,P004,C0086,2,5,280,CARD
S0004967,2026-05-13,P023,,4,0,200,CREDIT
S0004968,2026-05-13,P021,C0047,4,0,120,CASH
S0004969,2026-05-13,P013,C0045,1,0,35,UPI
S0004970,2026-05-13,P002,,2,0,510,CARD
S0004971,2026-05-13,P013,,5,0,175,CREDIT
S0004972,2026-05-13,P015,C0051,5,5,165,CARD
S0004973,2026-05-13,P015,,2,0,76,CARD
S0004974,2026-05-13,P024,C0055,2,5,54,CARD
S0004975,2026-05-13,P019,C0090,1,10,62,CASH
S0004976,2026-05-13,P001,,5,10,1500,CASH
S0004977,2026-05-13,P009,C0012,1,0,25,CREDIT
S0004978,2026-05-13,P011,C0006,2,0,30,CASH
S0004979,2026-05-13,P008,C0078,1,2,93,CREDIT
S0004980,2026-05-13,P009,C0093,1,0,25,CASH
S0004981,2026-05-13,P014,C0099,1,0,45,UPI
S0004982,2026-05-13,P021,C0092,6,0,180,CARD
S0004983,2026-05-13,P020,C0044,1,0,50,UPI
S0004984,2026-05-13,P004,C0099,2,0,290,CASH
S0004985,2026-05-13,P007,C0043,1,0,110,CARD
S0004986,2026-05-13,P017,,1,0,90,CASH
S0004987,2026-05-13,P014,C0094,2,10,70,UPI
S0004988,2026-05-13,P015,C0076,2,5,66,CARD
S0004989,2026-05-13,P018,C0059,1,10,85,UPI
S0004990,2026-05-13,P010,C0003,1,0,18,CREDIT
S0004991,2026-05-13,P019,,1,5,67,UPI
S0004992,2026-05-13,P016,,1,10,125,CREDIT
S0004993,2026-05-13,P015,C0074,5,2,180,CASH
S0004994,2026-05-13,P011,C0076,5,10,25,CASH
S0004995,2026-05-13,P015,C0039,1,0,38,UPI
S0004996,2026-05-13,P008,,2,5,180,CARD
S0004997,2026-05-13,P013,C0001,4,0,140,CASH
S0004998,2026-05-13,P002,,1,0,255,CREDIT
S0004999,2026-05-13,P008,C0001,3,0,285,CREDIT
S0005000,2026-05-13,P002,,5,0,1275,CARD
S0005001,2026-05-13,P018,,1,10,85,CREDIT
S0005002,2026-05-14,P001,,1,2,308,CARD
S0005003,2026-05-14,P020,C0007,2,5,90,CREDIT
S0005004,2026-05-14,P019,C0069,2,0,144,CARD
S0005005,2026-05-14,P004,C0031,3,10,405,CREDIT
S0005006,2026-05-14,P018,C0043,6,5,540,CASH
S0005007,2026-05-14,P018,C0026,1,5,90,UPI
S0005008,2026-05-14,P022,C0011,2,0,210,CARD
S0005009,2026-05-14,P021,C0062,2,0,60,UPI
S0005010,2026-05-14,P004,,1,0,145,CARD
S0005011,2026-05-14,P006,C0038,1,5,20,CARD
S0005012,2026-05-14,P014,,6,0,270,CREDIT
S0005013,2026-05-14,P007,C0021,4,5,420,CARD
S0005014,2026-05-14,P004,,2,10,270,CARD
S0005015,2026-05-14,P010,C0089,2,2,32,UPI
S0005016,2026-05-14,P003,,1,0,155,UPI
S0005017,2026-05-14,P001,C0009,2,0,620,CARD
S0005018,2026-05-14,P006,C0098,2,0,50,CREDIT
S0005019,2026-05-14,P011,C0065,2,0,30,CREDIT
S0005020,2026-05-14,P017,C0062,6,0,540,CARD
S0005021,2026-05-14,P003,,2,0,310,UPI
S0005022,2026-05-14,P012,C0050,1,0,52,CASH
S0005023,2026-05-14,P018,C0093,3,0,285,UPI
S0005024,2026-05-14,P020,,1,10,40,UPI
S0005025,2026-05-14,P003,C0019,1,0,155,CARD
S0005026,2026-05-14,P006,,1,2,23,CASH
S0005027,2026-05-14,P016,C0081,2,10,250,CARD
S0005028,2026-05-14,P001,,3,0,930,CREDIT
S0005029,2026-05-14,P014,,2,0,90,CREDIT
S0005030,2026-05-14,P007,C0025,3,0,330,CREDIT
S0005031,2026-05-14,P019,C0090,2,5,134,UPI
S0005032,2026-05-14,P024,,1,0,32,CREDIT
S0005033,2026-05-14,P018,C0059,3,10,255,CREDIT
S0005034,2026-05-14,P011,C0048,1,5,10,CASH
S0005035,2026-05-14,P002,C0058,1,0,255,CASH
S0005036,2026-05-14,P001,C0046,2,2,616,UPI
S0005037,2026-05-14,P022,C0084,1,0,105,CARD
S0005038,2026-05-15,P014,,5,5,200,UPI
S0005039,2026-05-15,P011,C0060,2,10,10,UPI
S0005040,2026-05-15,P005,C0013,4,10,168,UPI
S0005041,2026-05-15,P019,C0061,1,0,72,CREDIT
S0005042,2026-05-15,P018,C0093,2,2,186,CARD
S0005043,2026-05-15,P004,,4,2,572,UPI
S0005044,2026-05-15,P021,C0032,2,0,60,CARD
S0005045,2026-05-15,P018,C0055,3,10,255,CARD
S0005046,2026-05-15,P002,C0014,1,10,245,UPI
S0005047,2026-05-15,P010,C0018,1,5,13,CARD
S0005048,2026-05-15,P013,C0036,2,0,70,CARD
S0005049,2026-05-15,P014,C0068,1,0,45,CARD
S0005050,2026-05-15,P003,C0040,4,0,620,CARD
S0005051,2026-05-15,P014,C0004,1,0,45,CARD
S0005052,2026-05-15,P011,C0092,5,0,75,UPI
S0005053,2026-05-15,P005,C0078,5,2,250,UPI
S0005054,2026-05-15,P012,C0013,1,0,52,CARD
S0005055,2026-05-15,P011,,1,0,15,UPI
S0005056,2026-05-15,P006,C0028,4,2,92,UPI
S0005057,2026-05-15,P008,C0036,5,0,475,CARD
S0005058,2026-05-15,P018,C0070,2,10,170,UPI
S0005059,2026-05-15,P023,,1,2,48,CARD
S0005060,2026-05-15,P018,C0039,2,5,180,UPI
S0005061,2026-05-15,P013,,2,10,50,UPI
S0005062,2026-05-15,P010,C0012,1,0,18,CARD
S0005063,2026-05-15,P009,C0007,3,5,60,CASH
S0005064,2026-05-15,P003,C0076,1,0,155,UPI
S0005065,2026-05-15,P004,C0006,1,0,145,CREDIT
S0005066,2026-05-15,P012,C0070,1,0,52,UPI
S0005067,2026-05-15,P009,C0076,1,0,25,CASH
S0005068,2026-05-15,P003,C0022,1,0,155,CASH
S0005069,2026-05-15,P021,C0090,2,2,56,UPI
S0005070,2026-05-15,P021,C0003,1,10,20,CREDIT
S0005071,2026-05-15,P007,C0091,1,5,105,CASH
S0005072,2026-05-15,P006,,1,5,20,CASH
S0005073,2026-05-16,P014,C0088,6,0,270,CARD
S0005074,2026-05-16,P019,C0094,1,10,62,CASH
S0005075,2026-05-16,P016,C0031,2,2,266,UPI
S0005076,2026-05-16,P014,C0079,3,0,135,CREDIT
S0005077,2026-05-16,P007,C0068,2,10,200,CARD
S0005078,2026-05-16,P012,C0052,1,0,52,CREDIT
S0005079,2026-05-16,P019,C0035,2,0,144,CASH
S0005080,2026-05-16,P020,,1,10,40,UPI
S0005081,2026-05-16,P023,C0033,2,0,100,CREDIT
S0005082,2026-05-16,P001,C0052,3,0,930,CASH
S0005083,2026-05-16,P024,C0089,1,0,32,CASH
S0005084,2026-05-16,P019,,4,0,288,UPI
S0005085,2026-05-16,P022,C0017,1,0,105,UPI
S0005086,2026-05-16,P008,C0096,4,0,380,UPI
S0005087,2026-05-16,P024,C0088,2,0,64,CREDIT
S0005088,2026-05-16,P005,C0036,1,0,52,UPI
S0005089,2026-05-16,P019,C0084,1,0,72,CASH
S0005090,2026-05-16,P023,,5,0,250,UPI
S0005091,2026-05-16,P014,C0044,1,0,45,CASH
S0005092,2026-05-16,P015,C0019,1,0,38,UPI
S0005093,2026-05-16,P012,C0053,1,0,52,CREDIT
S0005094,2026-05-16,P022,C0088,2,2,206,CARD
S0005095,2026-05-16,P015,C0026,2,5,66,CASH
S0005096,2026-05-16,P007,C0046,1,0,110,CASH
S0005097,2026-05-16,P022,C0085,1,10,95,CASH
S0005098,2026-05-16,P016,C0036,1,0,135,CREDIT
S0005099,2026-05-16,P002,C0001,1,0,255,CREDIT
S0005100,2026-05-16,P015,C0008,1,0,38,UPI
S0005101,2026-05-16,P024,C0068,3,0,96,CARD
S0005102,2026-05-16,P007,C0015,1,0,110,CARD
S0005103,2026-05-16,P005,C0036,1,0,52,CASH
S0005104,2026-05-16,P014,C0002,1,10,35,CREDIT
S0005105,2026-05-16,P017,C0076,6,0,540,CREDIT
S0005106,2026-05-16,P012,C0083,5,0,260,CASH
S0005107,2026-05-16,P015,C0089,3,0,114,CARD
S0005108,2026-05-16,P016,C0035,1,0,135,CASH
S0005109,2026-05-16,P016,C0057,1,0,135,CASH
S0005110,2026-05-16,P001,C0031,1,10,300,CREDIT
S0005111,2026-05-16,P013,C0071,1,0,35,CASH
S0005112,2026-05-17,P004,C0093,4,0,580,CARD
S0005113,2026-05-17,P017,C0089,4,0,360,UPI
S0005114,2026-05-17,P009,C0085,1,10,15,CARD
S0005115,2026-05-17,P024,C0003,2,0,64,UPI
S0005116,2026-05-17,P019,C0031,1,0,72,CARD
S0005117,2026-05-17,P009,C0032,1,10,15,CASH
S0005118,2026-05-17,P021,C0068,3,0,90,UPI
S0005119,2026-05-17,P005,C0042,1,0,52,CREDIT
S0005120,2026-05-17,P019,C0001,1,0,72,CREDIT
S0005121,2026-05-17,P007,C0014,1,0,110,CARD
S0005122,2026-05-17,P024,C0055,2,10,44,CARD
S0005123,2026-05-17,P023,C0035,3,10,120,CASH
S0005124,2026-05-17,P021,C0086,1,0,30,CARD
S0005125,2026-05-17,P004,C0061,3,0,435,CASH
S0005126,2026-05-17,P008,C0006,1,0,95,CARD
S0005127,2026-05-17,P012,C0098,2,0,104,CASH
S0005128,2026-05-17,P018,C0064,3,0,285,CASH
S0005129,2026-05-17,P014,C0003,2,2,86,UPI
S0005130,2026-05-17,P004,,6,2,858,CASH
S0005131,2026-05-17,P008,,1,0,95,UPI
S0005132,2026-05-17,P007,C0053,2,0,220,UPI
S0005133,2026-05-17,P004,C0071,2,5,280,CREDIT
S0005134,2026-05-17,P023,C0029,4,0,200,CASH
S0005135,2026-05-17,P007,C0013,1,0,110,UPI
S0005136,2026-05-17,P009,,3,0,75,CREDIT
S0005137,2026-05-17,P004,C0083,2,0,290,CREDIT
S0005138,2026-05-17,P007,C0044,1,0,110,CASH
S0005139,2026-05-17,P020,C0012,2,0,100,CARD
S0005140,2026-05-17,P020,C0096,1,2,48,CASH
S0005141,2026-05-17,P002,C0089,2,0,510,CARD
S0005142,2026-05-17,P018,C0085,4,0,380,UPI
S0005143,2026-05-17,P016,C0028,2,10,250,CREDIT
S0005144,2026-05-17,P011,C0012,2,0,30,CASH
S0005145,2026-05-17,P019,C0001,2,0,144,CREDIT
S0005146,2026-05-17,P023,,1,0,50,CARD
S0005147,2026-05-17,P015,C0090,1,2,36,CASH
S0005148,2026-05-17,P001,C0013,2,5,610,UPI
S0005149,2026-05-17,P022,C0025,1,0,105,CASH
S0005150,2026-05-17,P006,C0095,1,0,25,UPI
S0005151,2026-05-17,P024,C0026,2,0,64,CASH
S0005152,2026-05-18,P007,C0038,2,0,220,CREDIT
S0005153,2026-05-18,P002,C0058,1,5,250,CASH
S0005154,2026-05-18,P020,C0005,5,0,250,UPI
S0005155,2026-05-18,P024,C0027,4,5,108,CARD
S0005156,2026-05-18,P021,,3,10,60,CARD
S0005157,2026-05-18,P022,C0020,1,0,105,UPI
S0005158,2026-05-18,P006,C0049,3,0,75,UPI
S0005159,2026-05-18,P006,C0005,3,0,75,CASH
S0005160,2026-05-18,P022,,3,10,285,CREDIT
S0005161,2026-05-18,P004,C0098,1,0,145,CASH
S0005162,2026-05-18,P007,C0020,2,0,220,CREDIT
S0005163,2026-05-18,P004,C0030,3,0,435,CASH
S0005164,2026-05-18,P009,C0067,2,5,40,CARD
S0005165,2026-05-18,P015,,2,0,76,CASH
S0005166,2026-05-18,P015,C0023,2,0,76,CREDIT
S0005167,2026-05-18,P009,C0034,2,0,50,CASH
S0005168,2026-05-18,P024,C0099,1,10,22,UPI
S0005169,2026-05-18,P007,C0038,2,0,220,CREDIT
S0005170,2026-05-18,P018,,1,0,95,UPI
S0005171,2026-05-18,P019,,2,0,144,CASH
S0005172,2026-05-18,P002,C0095,1,0,255,UPI
S0005173,2026-05-18,P018,C0051,2,0,190,CASH
S0005174,2026-05-18,P002,C0024,1,2,253,CASH
S0005175,2026-05-18,P005,,2,0,104,UPI
S0005176,2026-05-18,P017,C0078,3,10,240,UPI
S0005177,2026-05-18,P008,C0071,1,2,93,UPI
S0005178,2026-05-18,P011,C0069,1,2,13,UPI
S0005179,2026-05-18,P009,C0043,1,0,25,CASH
S0005180,2026-05-18,P006,C0055,4,0,100,CREDIT
S0005181,2026-05-18,P007,,2,0,220,CASH
S0005182,2026-05-18,P023,C0012,2,5,90,CASH
S0005183,2026-05-18,P020,C0010,1,0,50,CREDIT
S0005184,2026-05-19,P024,C0070,3,5,81,UPI
S0005185,2026-05-19,P024,C0042,2,10,44,CREDIT
S0005186,2026-05-19,P006,C0036,1,5,20,CARD
S0005187,2026-05-19,P001,C0098,1,0,310,UPI
S0005188,2026-05-19,P001,C0086,1,10,300,UPI
S0005189,2026-05-19,P024,C0011,1,0,32,CARD
S0005190,2026-05-19,P006,C0096,1,10,15,UPI
S0005191,2026-05-19,P003,C0025,1,5,150,CREDIT
S0005192,2026-05-19,P004,,1,0,145,CARD
S0005193,2026-05-19,P002,C0081,5,10,1225,UPI
S0005194,2026-05-19,P024,C0046,2,0,64,CARD
S0005195,2026-05-19,P013,C0015,3,5,90,CARD
S0005196,2026-05-19,P010,C0021,3,0,54,UPI
S0005197,2026-05-19,P018,C0019,1,10,85,CREDIT
S0005198,2026-05-19,P010,C0067,3,0,54,UPI
S0005199,2026-05-19,P005,,1,0,52,CARD
S0005200,2026-05-19,P017,,2,2,176,UPI
S0005201,2026-05-19,P011,C0061,1,0,15,UPI
S0005202,2026-05-19,P017,C0060,6,0,540,UPI
S0005203,2026-05-19,P002,C0007,1,2,253,UPI
S0005204,2026-05-19,P022,,1,0,105,CASH
S0005205,2026-05-19,P013,C0082,5,0,175,CARD
S0005206,2026-05-19,P003,C0093,1,0,155,CARD
S0005207,2026-05-19,P017,C0052,2,0,180,CREDIT
S0005208,2026-05-19,P019,C0031,3,0,216,CREDIT
S0005209,2026-05-19,P005,C0035,3,10,126,CASH
S0005210,2026-05-19,P011,C0085,6,0,90,UPI
S0005211,2026-05-19,P012,,6,0,312,CASH
S0005212,2026-05-19,P019,C0094,1,0,72,UPI
S0005213,2026-05-19,P018,C0006,3,5,270,CREDIT
S0005214,2026-05-19,P002,C0027,2,0,510,CASH
S0005215,2026-05-19,P014,,2,2,86,CREDIT
S0005216,2026-05-19,P020,,1,0,50,UPI
S0005217,2026-05-19,P020,C0082,2,10,80,CASH
S0005218,2026-05-19,P005,C0008,6,0,312,CARD
S0005219,2026-05-19,P002,,4,0,1020,CREDIT
S0005220,2026-05-19,P009,C0068,2,10,30,UPI
S0005221,2026-05-19,P018,C0095,1,2,93,UPI
S0005222,2026-05-20,P009,C0094,3,5,60,CARD
S0005223,2026-05-20,P021,C0071,2,0,60,CREDIT
S0005224,2026-05-20,P016,C0067,1,0,135,CASH
S0005225,2026-05-20,P013,C0098,2,5,60,CASH
S0005226,2026-05-20,P017,C0009,2,5,170,CREDIT
S0005227,2026-05-20,P009,C0020,5,0,125,UPI
S0005228,2026-05-20,P005,C0052,2,5,94,CARD
S0005229,2026-05-20,P024,C0067,1,0,32,CARD
S0005230,2026-05-20,P014,C0021,2,0,90,UPI
S0005231,2026-05-20,P008,C0097,1,0,95,CASH
S0005232,2026-05-20,P012,C0093,6,5,282,CREDIT
S0005233,2026-05-20,P007,C0040,1,0,110,CARD
S0005234,2026-05-20,P003,,2,0,310,UPI
S0005235,2026-05-20,P013,C0081,1,0,35,CREDIT
S0005236,2026-05-20,P006,C0097,2,0,50,CARD
S0005237,2026-05-20,P010,,2,10,16,UPI
S0005238,2026-05-20,P006,,3,0,75,CASH
S0005239,2026-05-20,P024,C0048,1,5,27,CARD
S0005240,2026-05-20,P018,C0024,1,5,90,CARD
S0005241,2026-05-20,P007,,1,10,100,UPI
S0005242,2026-05-20,P022,C0061,2,0,210,CREDIT
S0005243,2026-05-20,P010,,1,0,18,CARD
S0005244,2026-05-20,P010,C0074,2,2,32,UPI
S0005245,2026-05-20,P008,C0014,4,5,360,CARD
S0005246,2026-05-20,P008,C0090,4,2,372,CASH
S0005247,2026-05-20,P009,C0093,2,0,50,CASH
S0005248,2026-05-20,P015,,2,2,72,UPI
S0005249,2026-05-20,P022,C0044,1,5,100,UPI
S0005250,2026-05-20,P010,C0082,2,5,26,UPI
S0005251,2026-05-20,P010,C0027,3,0,54,CASH
S0005252,2026-05-20,P007,,1,10,100,CARD
S0005253,2026-05-20,P007,C0068,2,10,200,CARD
S0005254,2026-05-21,P019,,1,0,72,UPI
S0005255,2026-05-21,P013,C0029,1,5,30,CASH
S0005256,2026-05-21,P004,C0013,4,0,580,CREDIT
S0005257,2026-05-21,P017,C0093,3,0,270,UPI
S0005258,2026-05-21,P018,C0078,3,0,285,CASH
S0005259,2026-05-21,P008,C0012,1,2,93,CASH
S0005260,2026-05-21,P016,C0018,4,0,540,CREDIT
S0005261,2026-05-21,P021,C0029,2,0,60,UPI
S0005262,2026-05-21,P014,C0005,1,10,35,UPI
S0005263,2026-05-21,P003,C0079,2,10,290,CREDIT
S0005264,2026-05-21,P011,C0013,1,0,15,CREDIT
S0005265,2026-05-21,P017,C0053,3,10,240,UPI
S0005266,2026-05-21,P001,C0027,2,0,620,UPI
S0005267,2026-05-21,P001,C0014,1,2,308,CARD
S0005268,2026-05-21,P014,C0071,1,0,45,CASH
S0005269,2026-05-21,P020,,1,2,48,UPI
S0005270,2026-05-21,P008,C0049,1,5,90,CARD
S0005271,2026-05-21,P016,C0090,2,5,260,CREDIT
S0005272,2026-05-21,P009,C0037,4,5,80,UPI
S0005273,2026-05-21,P024,,1,0,32,UPI
S0005274,2026-05-21,P020,C0028,1,5,45,CREDIT
S0005275,2026-05-21,P012,,2,2,100,CARD
S0005276,2026-05-21,P005,C0010,3,0,156,CARD
S0005277,2026-05-21,P020,,1,0,50,UPI
S0005278,2026-05-21,P017,C0099,1,5,85,CARD
S0005279,2026-05-21,P004,C0038,2,2,286,CASH
S0005280,2026-05-21,P008,C0068,1,0,95,CREDIT
S0005281,2026-05-21,P011,C0004,1,10,5,CASH
S0005282,2026-05-21,P014,C0022,3,0,135,CASH
S0005283,2026-05-21,P007,C0078,2,2,216,CASH
S0005284,2026-05-22,P003,C0058,2,0,310,CARD
S0005285,2026-05-22,P011,C0054,1,0,15,UPI
S0005286,2026-05-22,P003,,1,0,155,UPI
S0005287,2026-05-22,P023,,1,5,45,CARD
S0005288,2026-05-22,P005,C0069,1,2,50,CREDIT
S0005289,2026-05-22,P024,,2,0,64,CARD
S0005290,2026-05-22,P021,C0100,4,0,120,CARD
S0005291,2026-05-22,P008,,5,0,475,CREDIT
S0005292,2026-05-22,P014,,2,0,90,UPI
S0005293,2026-05-22,P017,C0013,1,5,85,UPI
S0005294,2026-05-22,P024,C0055,1,0,32,UPI
S0005295,2026-05-22,P002,,3,0,765,UPI
S0005296,2026-05-22,P017,C0047,2,0,180,CREDIT
S0005297,2026-05-22,P013,C0012,2,2,66,UPI
S0005298,2026-05-22,P013,C0088,3,0,105,CREDIT
S0005299,2026-05-22,P003,C0096,3,0,465,CASH
S0005300,2026-05-22,P004,C0099,3,0,435,CASH
S0005301,2026-05-22,P009,C0046,1,0,25,UPI
S0005302,2026-05-22,P014,C0071,3,2,129,CASH
S0005303,2026-05-22,P014,C0014,4,2,172,CREDIT
S0005304,2026-05-22,P021,C0063,1,10,20,CREDIT
S0005305,2026-05-22,P018,,2,5,180,CASH
S0005306,2026-05-22,P020,C0068,1,0,50,CARD
S0005307,2026-05-22,P010,C0006,5,5,65,UPI
S0005308,2026-05-22,P008,,1,0,95,UPI
S0005309,2026-05-22,P017,C0100,2,0,180,CASH
S0005310,2026-05-22,P011,C0031,1,0,15,CREDIT
S0005311,2026-05-22,P022,C0095,3,2,309,CASH
S0005312,2026-05-22,P014,C0028,1,0,45,CASH
S0005313,2026-05-22,P021,C0079,1,0,30,UPI
S0005314,2026-05-22,P002,C0086,2,0,510,CARD
S0005315,2026-05-22,P015,C0089,4,5,132,UPI
S0005316,2026-05-22,P020,C0007,1,10,40,CARD
S0005317,2026-05-22,P019,C0091,1,2,70,UPI
S0005318,2026-05-22,P010,C0074,3,0,54,CASH
S0005319,2026-05-22,P001,C0058,2,5,610,CARD
S0005320,2026-05-23,P019,C0022,2,10,124,CREDIT
S0005321,2026-05-23,P020,C0074,1,5,45,CREDIT
S0005322,2026-05-23,P020,,1,2,48,CREDIT
S0005323,2026-05-23,P022,,2,0,210,CREDIT
S0005324,2026-05-23,P003,C0038,2,2,306,CASH
S0005325,2026-05-23,P018,C0047,3,10,255,CREDIT
S0005326,2026-05-23,P021,C0032,1,2,28,CASH
S0005327,2026-05-23,P011,C0014,2,2,26,CARD
S0005328,2026-05-23,P001,C0065,1,10,300,CARD
S0005329,2026-05-23,P019,,6,2,420,CASH
S0005330,2026-05-23,P006,C0014,1,0,25,CASH
S0005331,2026-05-23,P008,C0100,1,0,95,CASH
S0005332,2026-05-23,P014,C0073,1,0,45,UPI
S0005333,2026-05-23,P014,C0090,2,2,86,UPI
S0005334,2026-05-23,P018,C0020,1,0,95,CREDIT
S0005335,2026-05-23,P021,C0059,4,0,120,CREDIT
S0005336,2026-05-23,P001,C0057,1,5,305,CASH
S0005337,2026-05-23,P024,C0040,4,0,128,CASH
S0005338,2026-05-23,P017,C0029,1,2,88,CARD
S0005339,2026-05-23,P022,C0078,2,5,200,CARD
S0005340,2026-05-23,P021,,4,0,120,CASH
S0005341,2026-05-23,P022,C0097,1,2,103,UPI
S0005342,2026-05-23,P010,C0001,5,10,40,CARD
S0005343,2026-05-23,P014,C0016,2,5,80,CASH
S0005344,2026-05-23,P023,C0079,5,2,240,CREDIT
S0005345,2026-05-23,P011,C0071,2,0,30,CASH
S0005346,2026-05-23,P013,C0098,1,2,33,CARD
S0005347,2026-05-23,P018,C0019,1,5,90,CREDIT
S0005348,2026-05-23,P022,C0012,1,0,105,CREDIT
S0005349,2026-05-23,P019,C0045,1,0,72,CREDIT
S0005350,2026-05-23,P021,,1,0,30,CASH
S0005351,2026-05-23,P001,C0062,1,2,308,CREDIT
S0005352,2026-05-23,P004,,2,5,280,CASH
S0005353,2026-05-23,P007,C0068,3,10,300,CARD
S0005354,2026-05-23,P019,,1,0,72,UPI
S0005355,2026-05-23,P009,C0025,1,10,15,CARD
S0005356,2026-05-23,P013,C0020,2,2,66,CASH
S0005357,2026-05-23,P019,C0099,1,10,62,CARD
S0005358,2026-05-23,P017,C0081,1,0,90,UPI
S0005359,2026-05-23,P001,C0022,1,10,300,CREDIT
S0005360,2026-05-23,P008,C0001,5,0,475,CREDIT
S0005361,2026-05-23,P020,,3,0,150,CREDIT
S0005362,2026-05-23,P003,C0015,1,0,155,CREDIT
S0005363,2026-05-23,P017,C0010,2,0,180,UPI
S0005364,2026-05-23,P022,,2,0,210,CARD
S0005365,2026-05-23,P001,C0009,2,0,620,CREDIT
S0005366,2026-05-23,P017,C0079,2,0,180,CARD
S0005367,2026-05-23,P003,C0081,2,0,310,UPI
S0005368,2026-05-23,P024,C0007,1,0,32,CREDIT
S0005369,2026-05-23,P014,C0023,1,10,35,CASH
S0005370,2026-05-23,P019,C0083,2,0,144,CREDIT
S0005371,2026-05-24,P021,C0007,3,0,90,CARD
S0005372,2026-05-24,P008,C0036,6,5,540,CARD
S0005373,2026-05-24,P001,C0057,1,0,310,CREDIT
S0005374,2026-05-24,P020,C0051,2,0,100,CASH
S0005375,2026-05-24,P002,C0058,2,5,500,CASH
S0005376,2026-05-24,P024,C0098,6,0,192,CREDIT
S0005377,2026-05-24,P022,C0077,6,0,630,CASH
S0005378,2026-05-24,P012,C0072,2,0,104,UPI
S0005379,2026-05-24,P024,C0063,1,10,22,CREDIT
S0005380,2026-05-24,P013,C0021,3,0,105,UPI
S0005381,2026-05-24,P009,C0051,1,0,25,CARD
S0005382,2026-05-24,P003,C0026,3,0,465,CASH
S0005383,2026-05-24,P015,C0012,4,0,152,CASH
S0005384,2026-05-24,P011,C0092,1,0,15,CASH
S0005385,2026-05-24,P007,,2,0,220,CREDIT
S0005386,2026-05-24,P004,C0070,2,0,290,UPI
S0005387,2026-05-24,P015,C0027,2,0,76,CASH
S0005388,2026-05-24,P022,C0011,1,0,105,CASH
S0005389,2026-05-24,P001,C0015,3,0,930,CASH
S0005390,2026-05-24,P014,,5,0,225,CARD
S0005391,2026-05-24,P005,C0064,5,0,260,CARD
S0005392,2026-05-24,P013,C0025,1,0,35,CASH
S0005393,2026-05-24,P015,,4,0,152,CARD
S0005394,2026-05-24,P010,C0076,3,0,54,UPI
S0005395,2026-05-24,P024,,1,0,32,CARD
S0005396,2026-05-24,P002,,1,0,255,CREDIT
S0005397,2026-05-24,P010,C0006,1,2,16,UPI
S0005398,2026-05-24,P014,C0037,4,0,180,UPI
S0005399,2026-05-24,P008,C0027,2,0,190,CARD
S0005400,2026-05-24,P004,C0061,3,0,435,UPI
S0005401,2026-05-24,P005,C0095,1,0,52,CREDIT
S0005402,2026-05-24,P022,C0022,3,2,309,CASH
S0005403,2026-05-24,P003,,1,0,155,CASH
S0005404,2026-05-24,P021,,1,0,30,CREDIT
S0005405,2026-05-24,P019,,2,2,140,CASH
S0005406,2026-05-24,P004,C0025,1,5,140,CARD
S0005407,2026-05-24,P017,C0022,3,0,270,CARD
S0005408,2026-05-24,P024,C0063,1,10,22,CREDIT
S0005409,2026-05-24,P008,C0055,2,10,170,CASH
S0005410,2026-05-24,P018,,1,0,95,UPI
S0005411,2026-05-24,P017,C0070,2,0,180,CARD
S0005412,2026-05-24,P014,C0044,1,0,45,CASH
S0005413,2026-05-24,P019,C0058,1,10,62,UPI
S0005414,2026-05-24,P016,C0090,4,10,500,CREDIT
S0005415,2026-05-24,P013,,1,5,30,UPI
S0005416,2026-05-24,P015,C0090,3,0,114,UPI
S0005417,2026-05-24,P013,C0064,6,10,150,CASH
S0005418,2026-05-24,P013,C0100,1,2,33,CASH
S0005419,2026-05-24,P001,C0098,1,0,310,UPI
S0005420,2026-05-24,P013,C0019,2,2,66,UPI
S0005421,2026-05-25,P022,C0022,1,10,95,CASH
S0005422,2026-05-25,P008,C0045,6,5,540,CARD
S0005423,2026-05-25,P022,C0012,5,0,525,CREDIT
S0005424,2026-05-25,P022,C0085,1,10,95,CARD
S0005425,2026-05-25,P001,C0043,1,10,300,CREDIT
S0005426,2026-05-25,P004,C0034,1,5,140,CREDIT
S0005427,2026-05-25,P019,C0094,1,0,72,UPI
S0005428,2026-05-25,P017,C0099,3,5,255,CASH
S0005429,2026-05-25,P003,C0018,1,2,153,CARD
S0005430,2026-05-25,P019,C0059,1,0,72,UPI
S0005431,2026-05-25,P018,C0069,1,2,93,CARD
S0005432,2026-05-25,P008,C0080,6,0,570,CARD
S0005433,2026-05-25,P018,C0003,2,10,170,CASH
S0005434,2026-05-25,P005,,1,0,52,CARD
S0005435,2026-05-25,P002,C0089,1,2,253,CASH
S0005436,2026-05-25,P022,C0070,6,10,570,CREDIT
S0005437,2026-05-25,P024,C0092,3,2,90,CARD
S0005438,2026-05-25,P017,C0083,1,0,90,CASH
S0005439,2026-05-25,P010,C0044,1,2,16,UPI
S0005440,2026-05-25,P021,C0037,1,0,30,CARD
S0005441,2026-05-25,P015,C0070,1,5,33,CREDIT
S0005442,2026-05-25,P002,C0084,2,5,500,CREDIT
S0005443,2026-05-25,P003,,5,0,775,CASH
S0005444,2026-05-25,P008,C0052,2,2,186,CREDIT
S0005445,2026-05-25,P013,C0026,4,0,140,CASH
S0005446,2026-05-25,P001,C0058,2,2,616,CARD
S0005447,2026-05-25,P013,C0010,3,10,75,UPI
S0005448,2026-05-25,P024,C0085,3,5,81,CREDIT
S0005449,2026-05-25,P016,C0069,1,2,133,CREDIT
S0005450,2026-05-25,P013,C0020,1,2,33,CREDIT
S0005451,2026-05-25,P017,C0092,2,0,180,CASH
S0005452,2026-05-25,P005,C0067,1,0,52,CASH
S0005453,2026-05-25,P016,C0005,1,5,130,CARD
S0005454,2026-05-25,P022,C0001,2,2,206,CREDIT
S0005455,2026-05-25,P021,C0088,6,0,180,CASH
S0005456,2026-05-26,P012,C0090,2,0,104,CARD
S0005457,2026-05-26,P001,,3,5,915,CARD
S0005458,2026-05-26,P013,C0094,2,0,70,CARD
S0005459,2026-05-26,P022,C0073,4,0,420,UPI
S0005460,2026-05-26,P001,C0016,1,5,305,CASH
S0005461,2026-05-26,P009,C0023,2,2,46,CARD
S0005462,2026-05-26,P012,C0033,2,0,104,CASH
S0005463,2026-05-26,P017,C0059,1,0,90,CREDIT
S0005464,2026-05-26,P007,C0046,1,0,110,CARD
S0005465,2026-05-26,P006,C0032,1,5,20,CASH
S0005466,2026-05-26,P022,C0095,1,2,103,CARD
S0005467,2026-05-26,P013,,4,10,100,CASH
S0005468,2026-05-26,P007,,1,2,108,UPI
S0005469,2026-05-26,P011,C0022,1,0,15,CARD
S0005470,2026-05-26,P003,C0088,3,5,450,CARD
S0005471,2026-05-26,P006,C0098,1,2,23,CARD
S0005472,2026-05-26,P024,C0023,2,0,64,CARD
S0005473,2026-05-26,P013,C0074,1,0,35,CASH
S0005474,2026-05-26,P013,C0029,5,2,165,CASH
S0005475,2026-05-26,P011,C0078,4,2,52,CARD
S0005476,2026-05-26,P004,,4,0,580,UPI
S0005477,2026-05-26,P018,C0051,1,5,90,CARD
S0005478,2026-05-26,P012,C0083,3,0,156,CREDIT
S0005479,2026-05-26,P017,C0050,1,0,90,CARD
S0005480,2026-05-26,P001,C0042,1,2,308,CREDIT
S0005481,2026-05-26,P022,,1,0,105,CARD
S0005482,2026-05-26,P008,C0025,2,0,190,CARD
S0005483,2026-05-26,P021,C0016,2,2,56,UPI
S0005484,2026-05-26,P004,C0077,2,0,290,CREDIT
S0005485,2026-05-26,P006,C0026,1,0,25,CARD
S0005486,2026-05-26,P019,C0035,2,0,144,UPI
S0005487,2026-05-26,P003,C0047,3,10,435,CASH
S0005488,2026-05-26,P013,C0012,2,0,70,CARD
S0005489,2026-05-26,P010,C0014,3,0,54,CARD
S0005490,2026-05-27,P011,C0014,2,0,30,CASH
S0005491,2026-05-27,P024,C0047,1,0,32,CASH
S0005492,2026-05-27,P014,C0094,1,0,45,UPI
S0005493,2026-05-27,P008,C0055,2,10,170,CREDIT
S0005494,2026-05-27,P011,C0003,3,0,45,CARD
S0005495,2026-05-27,P005,,1,5,47,UPI
S0005496,2026-05-27,P010,,1,10,8,UPI
S0005497,2026-05-27,P002,C0046,4,10,980,CASH
S0005498,2026-05-27,P015,C0079,2,0,76,UPI
S0005499,2026-05-27,P023,C0068,2,2,96,CREDIT
S0005500,2026-05-27,P018,C0078,2,0,190,CASH
S0005501,2026-05-27,P016,C0035,1,0,135,CARD
S0005502,2026-05-27,P005,,2,0,104,CARD
S0005503,2026-05-27,P013,,1,0,35,CASH
S0005504,2026-05-27,P011,,6,2,78,CREDIT
S0005505,2026-05-27,P014,C0042,2,0,90,CREDIT
S0005506,2026-05-27,P015,C0057,2,2,72,CARD
S0005507,2026-05-27,P010,C0022,2,10,16,CASH
S0005508,2026-05-27,P016,C0044,4,5,520,CARD
S0005509,2026-05-27,P024,C0036,3,5,81,CARD
S0005510,2026-05-27,P024,C0055,2,2,60,CARD
S0005511,2026-05-27,P011,C0092,3,10,15,CARD
S0005512,2026-05-27,P006,C0017,2,2,46,CARD
S0005513,2026-05-27,P020,C0011,2,0,100,CREDIT
S0005514,2026-05-27,P011,C0018,1,0,15,UPI
S0005515,2026-05-27,P002,C0020,2,0,510,CARD
S0005516,2026-05-27,P012,C0030,1,5,47,CASH
S0005517,2026-05-27,P003,C0017,4,0,620,UPI
S0005518,2026-05-27,P011,C0041,1,10,5,UPI
S0005519,2026-05-27,P007,C0042,5,0,550,CARD
S0005520,2026-05-28,P016,C0067,2,0,270,CASH
S0005521,2026-05-28,P021,C0055,1,5,25,CASH
S0005522,2026-05-28,P022,C0037,1,0,105,CARD
S0005523,2026-05-28,P010,C0067,1,10,8,CREDIT
S0005524,2026-05-28,P013,C0080,2,2,66,CREDIT
S0005525,2026-05-28,P005,,2,0,104,CASH
S0005526,2026-05-28,P014,,3,0,135,CREDIT
S0005527,2026-05-28,P024,C0083,1,0,32,CREDIT
S0005528,2026-05-28,P005,C0001,1,5,47,CASH
S0005529,2026-05-28,P012,C0066,1,10,42,CASH
S0005530,2026-05-28,P012,C0027,5,0,260,UPI
S0005531,2026-05-28,P017,,3,0,270,CASH
S0005532,2026-05-28,P023,,1,2,48,UPI
S0005533,2026-05-28,P024,C0025,2,0,64,UPI
S0005534,2026-05-28,P005,C0078,1,0,52,CASH
S0005535,2026-05-28,P021,C0081,6,0,180,CARD
S0005536,2026-05-28,P020,C0008,2,0,100,CREDIT
S0005537,2026-05-28,P024,,1,0,32,UPI
S0005538,2026-05-28,P017,C0054,2,0,180,CARD
S0005539,2026-05-28,P016,C0027,1,0,135,CREDIT
S0005540,2026-05-28,P012,C0069,5,0,260,CASH
S0005541,2026-05-28,P016,C0067,1,0,135,UPI
S0005542,2026-05-28,P022,C0023,2,0,210,CASH
S0005543,2026-05-28,P012,C0060,1,0,52,CARD
S0005544,2026-05-28,P009,C0047,3,5,60,CARD
S0005545,2026-05-28,P016,C0049,3,0,405,CASH
S0005546,2026-05-28,P019,C0042,2,0,144,CASH
S0005547,2026-05-28,P020,C0066,2,0,100,CREDIT
S0005548,2026-05-28,P013,C0071,4,5,120,CASH
S0005549,2026-05-28,P024,C0051,1,0,32,UPI
S0005550,2026-05-28,P018,C0024,1,10,85,CREDIT
S0005551,2026-05-28,P004,C0061,1,5,140,CASH
S0005552,2026-05-28,P003,C0088,6,0,930,CASH
S0005553,2026-05-28,P007,,1,0,110,CASH
S0005554,2026-05-28,P019,C0075,3,5,201,CASH
S0005555,2026-05-28,P001,C0024,2,0,620,CASH
S0005556,2026-05-29,P005,C0073,1,2,50,CASH
S0005557,2026-05-29,P024,,1,0,32,CASH
S0005558,2026-05-29,P004,C0055,1,5,140,CARD
S0005559,2026-05-29,P022,C0075,1,10,95,UPI
S0005560,2026-05-29,P021,C0031,4,0,120,CASH
S0005561,2026-05-29,P008,C0042,5,0,475,CARD
S0005562,2026-05-29,P023,,1,0,50,CASH
S0005563,2026-05-29,P011,C0040,1,2,13,CARD
S0005564,2026-05-29,P014,C0063,1,0,45,CREDIT
S0005565,2026-05-29,P024,,2,5,54,CREDIT
S0005566,2026-05-29,P008,,3,0,285,CREDIT
S0005567,2026-05-29,P010,C0003,1,0,18,CARD
S0005568,2026-05-29,P009,C0033,1,10,15,CREDIT
S0005569,2026-05-29,P020,C0093,3,5,135,UPI
S0005570,2026-05-29,P006,C0078,2,0,50,CREDIT
S0005571,2026-05-29,P001,C0074,1,0,310,CASH
S0005572,2026-05-29,P015,C0021,2,0,76,UPI
S0005573,2026-05-29,P011,C0086,1,0,15,CREDIT
S0005574,2026-05-29,P017,C0093,1,0,90,UPI
S0005575,2026-05-29,P007,C0091,3,0,330,CARD
S0005576,2026-05-29,P005,C0072,3,2,150,CASH
S0005577,2026-05-29,P005,C0004,1,0,52,UPI
S0005578,2026-05-29,P005,C0047,5,10,210,CREDIT
S0005579,2026-05-29,P024,C0093,1,10,22,UPI
S0005580,2026-05-29,P018,C0023,3,0,285,UPI
S0005581,2026-05-29,P002,C0098,2,0,510,CREDIT
S0005582,2026-05-29,P020,C0088,4,10,160,CREDIT
S0005583,2026-05-29,P017,C0065,4,2,352,CREDIT
S0005584,2026-05-29,P012,C0027,1,5,47,CARD
S0005585,2026-05-30,P022,C0046,3,2,309,CASH
S0005586,2026-05-30,P008,C0069,1,5,90,CREDIT
S0005587,2026-05-30,P002,,3,10,735,UPI
S0005588,2026-05-30,P007,C0036,4,0,440,CARD
S0005589,2026-05-30,P008,C0083,1,0,95,UPI
S0005590,2026-05-30,P019,,5,10,310,CARD
S0005591,2026-05-30,P004,C0009,1,0,145,CARD
S0005592,2026-05-30,P006,,1,0,25,UPI
S0005593,2026-05-30,P001,C0020,2,10,600,CASH
S0005594,2026-05-30,P024,C0096,2,2,60,CARD
S0005595,2026-05-30,P022,C0012,2,0,210,CARD
S0005596,2026-05-30,P007,C0036,1,0,110,CASH
S0005597,2026-05-30,P002,,5,2,1265,CASH
S0005598,2026-05-30,P001,C0054,1,2,308,CREDIT
S0005599,2026-05-30,P003,C0088,1,0,155,CREDIT
S0005600,2026-05-30,P003,C0015,1,2,153,CASH
S0005601,2026-05-30,P013,C0082,2,0,70,CASH
S0005602,2026-05-30,P024,C0015,5,0,160,CASH
S0005603,2026-05-30,P006,,2,0,50,CREDIT
S0005604,2026-05-30,P014,C0097,3,0,135,CASH
S0005605,2026-05-30,P002,C0078,1,0,255,UPI
S0005606,2026-05-30,P004,C0049,2,0,290,CREDIT
S0005607,2026-05-30,P004,,2,0,290,CASH
S0005608,2026-05-30,P002,C0080,2,0,510,UPI
S0005609,2026-05-30,P015,C0093,1,0,38,CARD
S0005610,2026-05-30,P022,,2,5,200,CREDIT
S0005611,2026-05-30,P008,,2,0,190,CASH
S0005612,2026-05-30,P002,C0074,3,0,765,CASH
S0005613,2026-05-30,P014,C0044,2,0,90,CASH
S0005614,2026-05-30,P018,C0085,1,0,95,CASH
S0005615,2026-05-30,P015,,2,5,66,CARD
S0005616,2026-05-30,P017,C0020,1,0,90,CARD
S0005617,2026-05-30,P006,C0012,4,0,100,CARD
S0005618,2026-05-30,P001,C0072,2,10,600,CREDIT
S0005619,2026-05-30,P021,C0018,1,2,28,CARD
S0005620,2026-05-30,P001,C0086,5,2,1540,CARD
S0005621,2026-05-30,P005,C0077,2,0,104,CARD
S0005622,2026-05-30,P013,C0003,1,0,35,CASH
S0005623,2026-05-30,P023,C0047,2,10,80,CARD
S0005624,2026-05-30,P024,,1,0,32,UPI
S0005625,2026-05-30,P024,C0084,3,5,81,UPI
S0005626,2026-05-30,P007,C0086,3,5,315,CARD
S0005627,2026-05-30,P005,C0089,6,10,252,CREDIT
S0005628,2026-05-30,P001,C0013,2,10,600,CASH
S0005629,2026-05-30,P015,C0019,2,0,76,CARD
S0005630,2026-05-30,P007,,3,0,330,CARD
S0005631,2026-05-30,P018,C0070,1,0,95,CARD
S0005632,2026-05-30,P013,C0098,2,0,70,CASH
S0005633,2026-05-30,P007,C0004,2,10,200,CARD
S0005634,2026-05-30,P003,C0100,1,5,150,CASH
S0005635,2026-05-30,P001,C0062,1,0,310,UPI
S0005636,2026-05-30,P014,C0047,4,0,180,CASH
S0005637,2026-05-31,P016,C0072,1,0,135,CREDIT
S0005638,2026-05-31,P009,C0022,1,0,25,UPI
S0005639,2026-05-31,P015,C0093,4,5,132,UPI
S0005640,2026-05-31,P014,,1,0,45,UPI
S0005641,2026-05-31,P014,C0017,3,0,135,CASH
S0005642,2026-05-31,P010,C0084,1,2,16,UPI
S0005643,2026-05-31,P011,C0034,2,0,30,CASH
S0005644,2026-05-31,P022,C0083,1,5,100,UPI
S0005645,2026-05-31,P008,C0091,3,5,270,CARD
S0005646,2026-05-31,P002,C0008,1,0,255,UPI
S0005647,2026-05-31,P001,C0047,2,2,616,CREDIT
S0005648,2026-05-31,P016,,1,2,133,CREDIT
S0005649,2026-05-31,P012,,3,0,156,CARD
S0005650,2026-05-31,P020,C0048,4,0,200,CREDIT
S0005651,2026-05-31,P019,C0100,1,5,67,CARD
S0005652,2026-05-31,P012,C0055,4,0,208,CASH
S0005653,2026-05-31,P008,C0062,2,0,190,UPI
S0005654,2026-05-31,P005,,1,10,42,CARD
S0005655,2026-05-31,P015,C0001,2,0,76,UPI
S0005656,2026-05-31,P002,C0008,1,2,253,UPI
S0005657,2026-05-31,P017,C0005,3,0,270,CASH
S0005658,2026-05-31,P001,,3,10,900,CREDIT
S0005659,2026-05-31,P018,C0013,1,0,95,CREDIT
S0005660,2026-05-31,P013,C0098,2,0,70,UPI
S0005661,2026-05-31,P016,C0055,3,0,405,UPI
S0005662,2026-05-31,P018,C0067,5,0,475,UPI
S0005663,2026-05-31,P024,C0047,2,5,54,CREDIT
S0005664,2026-05-31,P004,C0076,5,0,725,UPI
S0005665,2026-05-31,P024,C0044,2,0,64,UPI
S0005666,2026-05-31,P015,C0026,1,0,38,UPI
S0005667,2026-05-31,P014,C0014,4,0,180,CASH
S0005668,2026-05-31,P002,C0092,2,0,510,CASH
S0005669,2026-05-31,P011,C0007,2,0,30,CARD
S0005670,2026-05-31,P012,C0036,2,2,100,CREDIT
S0005671,2026-05-31,P010,,4,0,72,CREDIT
S0005672,2026-05-31,P006,C0091,3,0,75,CASH
S0005673,2026-05-31,P001,C0073,1,0,310,CREDIT
S0005674,2026-05-31,P006,C0069,1,0,25,CARD
S0005675,2026-05-31,P015,C0091,2,0,76,CREDIT
S0005676,2026-05-31,P020,C0064,2,0,100,UPI
S0005677,2026-05-31,P007,C0072,1,0,110,UPI
S0005678,2026-05-31,P011,C0086,3,0,45,CASH
S0005679,2026-05-31,P020,C0021,2,0,100,CREDIT
S0005680,2026-05-31,P009,C0056,1,10,15,CREDIT
S0005681,2026-05-31,P014,C0020,1,10,35,UPI
S0005682,2026-05-31,P012,C0009,1,2,50,CASH
S0005683,2026-05-31,P005,,5,5,235,CREDIT
S0005684,2026-05-31,P001,C0008,1,0,310,CARD
S0005685,2026-06-01,P013,C0055,1,0,35,UPI
S0005686,2026-06-01,P010,C0081,1,0,18,UPI
S0005687,2026-06-01,P003,C0015,1,10,145,UPI
S0005688,2026-06-01,P015,C0063,2,2,72,CREDIT
S0005689,2026-06-01,P004,C0005,2,0,290,UPI
S0005690,2026-06-01,P024,C0034,1,5,27,CASH
S0005691,2026-06-01,P018,C0071,2,10,170,UPI
S0005692,2026-06-01,P023,C0097,5,2,240,CARD
S0005693,2026-06-01,P019,C0041,1,0,72,CASH
S0005694,2026-06-01,P022,C0009,1,5,100,CARD
S0005695,2026-06-01,P006,C0033,1,0,25,UPI
S0005696,2026-06-01,P019,C0083,2,0,144,CREDIT
S0005697,2026-06-01,P013,C0078,3,10,75,CREDIT
S0005698,2026-06-01,P021,C0083,1,0,30,UPI
S0005699,2026-06-01,P007,C0076,3,0,330,CREDIT
S0005700,2026-06-01,P022,,1,0,105,CREDIT
S0005701,2026-06-01,P013,C0072,1,2,33,CARD
S0005702,2026-06-01,P004,,3,0,435,CREDIT
S0005703,2026-06-01,P004,C0028,1,0,145,CREDIT
S0005704,2026-06-01,P010,C0063,2,0,36,CREDIT
S0005705,2026-06-01,P019,C0032,1,0,72,CASH
S0005706,2026-06-01,P006,C0042,3,10,45,CREDIT
S0005707,2026-06-01,P006,C0095,1,0,25,CARD
S0005708,2026-06-01,P019,,4,2,280,UPI
S0005709,2026-06-01,P020,,1,0,50,UPI
S0005710,2026-06-01,P003,,4,5,600,CARD
S0005711,2026-06-01,P006,,1,0,25,CASH
S0005712,2026-06-01,P001,C0060,3,0,930,UPI
S0005713,2026-06-02,P017,,1,0,90,CASH
S0005714,2026-06-02,P004,C0053,1,0,145,UPI
S0005715,2026-06-02,P006,C0086,2,5,40,UPI
S0005716,2026-06-02,P021,C0085,1,10,20,CARD
S0005717,2026-06-02,P004,,1,10,135,UPI
S0005718,2026-06-02,P008,C0088,5,0,475,CREDIT
S0005719,2026-06-02,P005,C0011,6,0,312,CREDIT
S0005720,2026-06-02,P001,,1,5,305,CARD
S0005721,2026-06-02,P022,C0004,5,2,515,UPI
S0005722,2026-06-02,P018,,2,0,190,CARD
S0005723,2026-06-02,P010,C0018,1,2,16,CASH
S0005724,2026-06-02,P004,,3,0,435,CARD
S0005725,2026-06-02,P017,C0095,2,2,176,CASH
S0005726,2026-06-02,P019,C0065,6,0,432,CARD
S0005727,2026-06-02,P015,C0070,1,0,38,CASH
S0005728,2026-06-02,P002,C0004,2,10,490,CARD
S0005729,2026-06-02,P018,C0054,1,0,95,CREDIT
S0005730,2026-06-02,P011,C0086,1,0,15,UPI
S0005731,2026-06-02,P006,C0025,1,10,15,CREDIT
S0005732,2026-06-02,P019,C0039,6,0,432,CREDIT
S0005733,2026-06-02,P003,C0083,3,10,435,UPI
S0005734,2026-06-02,P006,,3,2,69,CREDIT
S0005735,2026-06-02,P022,C0076,2,10,190,CARD
S0005736,2026-06-02,P006,C0086,1,2,23,CREDIT
S0005737,2026-06-02,P018,C0020,1,2,93,CREDIT
S0005738,2026-06-02,P024,C0051,1,10,22,CREDIT
S0005739,2026-06-02,P022,C0007,1,5,100,CARD
S0005740,2026-06-02,P002,C0046,3,2,759,CASH
S0005741,2026-06-02,P023,C0034,2,0,100,UPI
S0005742,2026-06-02,P019,C0015,1,0,72,CARD
S0005743,2026-06-02,P014,C0064,1,0,45,CASH
S0005744,2026-06-02,P006,C0037,1,0,25,CASH
S0005745,2026-06-03,P011,C0049,2,5,20,CARD
S0005746,2026-06-03,P004,,3,10,405,CREDIT
S0005747,2026-06-03,P019,,2,10,124,CREDIT
S0005748,2026-06-03,P006,C0082,1,0,25,UPI
S0005749,2026-06-03,P020,C0090,1,0,50,CARD
S0005750,2026-06-03,P020,C0050,4,0,200,CASH
S0005751,2026-06-03,P024,,3,0,96,CREDIT
S0005752,2026-06-03,P001,C0058,1,0,310,CARD
S0005753,2026-06-03,P005,C0057,2,0,104,UPI
S0005754,2026-06-03,P005,C0044,2,2,100,UPI
S0005755,2026-06-03,P013,C0021,2,0,70,CARD
S0005756,2026-06-03,P019,C0032,5,10,310,CREDIT
S0005757,2026-06-03,P009,C0070,2,2,46,CASH
S0005758,2026-06-03,P001,C0074,2,2,616,CASH
S0005759,2026-06-03,P009,C0052,1,2,23,CASH
S0005760,2026-06-03,P020,,1,0,50,CREDIT
S0005761,2026-06-03,P005,C0051,1,0,52,CREDIT
S0005762,2026-06-03,P005,C0068,1,10,42,CREDIT
S0005763,2026-06-03,P020,C0009,3,2,144,CREDIT
S0005764,2026-06-03,P001,,3,2,924,UPI
S0005765,2026-06-03,P003,C0010,1,0,155,CASH
S0005766,2026-06-03,P004,,3,2,429,CASH
S0005767,2026-06-03,P012,C0097,1,5,47,CASH
S0005768,2026-06-03,P007,C0053,1,5,105,UPI
S0005769,2026-06-03,P008,C0061,1,0,95,CREDIT
S0005770,2026-06-03,P001,C0024,1,0,310,CASH
S0005771,2026-06-03,P002,C0042,1,0,255,UPI
S0005772,2026-06-03,P013,C0100,2,0,70,UPI
S0005773,2026-06-03,P006,,1,0,25,CARD
S0005774,2026-06-03,P010,C0019,6,0,108,CARD
S0005775,2026-06-03,P004,C0013,1,2,143,CREDIT
S0005776,2026-06-03,P011,C0005,1,5,10,CASH
S0005777,2026-06-03,P023,C0036,1,0,50,UPI
S0005778,2026-06-04,P019,C0052,3,0,216,UPI
S0005779,2026-06-04,P016,C0095,2,10,250,CREDIT
S0005780,2026-06-04,P024,C0099,2,0,64,CASH
S0005781,2026-06-04,P023,C0077,2,0,100,UPI
S0005782,2026-06-04,P018,,1,2,93,UPI
S0005783,2026-06-04,P013,,1,0,35,CASH
S0005784,2026-06-04,P004,C0011,1,0,145,CREDIT
S0005785,2026-06-04,P009,C0067,2,0,50,UPI
S0005786,2026-06-04,P008,C0042,1,10,85,CASH
S0005787,2026-06-04,P013,C0049,1,5,30,CARD
S0005788,2026-06-04,P018,C0079,6,0,570,CASH
S0005789,2026-06-04,P023,C0051,1,2,48,CREDIT
S0005790,2026-06-04,P010,C0049,3,2,48,CARD
S0005791,2026-06-04,P023,C0012,3,10,120,CARD
S0005792,2026-06-04,P011,C0034,1,2,13,CARD
S0005793,2026-06-04,P022,C0015,1,0,105,UPI
S0005794,2026-06-04,P020,C0093,1,0,50,CASH
S0005795,2026-06-04,P002,C0088,2,10,490,CREDIT
S0005796,2026-06-04,P012,C0090,2,0,104,CREDIT
S0005797,2026-06-04,P023,C0045,3,0,150,UPI
S0005798,2026-06-04,P003,C0011,5,0,775,CREDIT
S0005799,2026-06-04,P022,C0008,2,5,200,CASH
S0005800,2026-06-04,P020,C0097,1,2,48,CREDIT
S0005801,2026-06-04,P007,C0041,1,0,110,CASH
S0005802,2026-06-04,P014,C0083,4,5,160,CASH
S0005803,2026-06-04,P004,C0075,1,2,143,CARD
S0005804,2026-06-04,P011,C0077,1,0,15,UPI
S0005805,2026-06-04,P013,C0001,3,0,105,UPI
S0005806,2026-06-04,P001,C0084,1,2,308,CARD
S0005807,2026-06-04,P005,C0068,5,0,260,CARD
S0005808,2026-06-04,P006,C0038,2,0,50,CREDIT
S0005809,2026-06-04,P013,,1,5,30,CARD
S0005810,2026-06-04,P024,C0072,5,10,110,CREDIT
S0005811,2026-06-04,P014,C0053,1,0,45,UPI
S0005812,2026-06-04,P011,C0056,1,10,5,CARD
S0005813,2026-06-04,P006,,1,0,25,CARD
S0005814,2026-06-04,P011,,1,0,15,CARD
S0005815,2026-06-05,P016,C0057,1,10,125,CARD
S0005816,2026-06-05,P018,C0074,1,0,95,CREDIT
S0005817,2026-06-05,P010,C0041,3,10,24,CASH
S0005818,2026-06-05,P007,C0065,3,10,300,UPI
S0005819,2026-06-05,P014,C0032,1,0,45,CARD
S0005820,2026-06-05,P009,C0052,1,10,15,CREDIT
S0005821,2026-06-05,P005,C0082,1,10,42,CASH
S0005822,2026-06-05,P014,C0090,1,0,45,CARD
S0005823,2026-06-05,P002,C0051,3,0,765,CARD
S0005824,2026-06-05,P020,C0045,3,2,144,CASH
S0005825,2026-06-05,P002,C0089,1,0,255,CREDIT
S0005826,2026-06-05,P006,C0024,1,10,15,UPI
S0005827,2026-06-05,P006,C0038,1,0,25,CASH
S0005828,2026-06-05,P015,,2,0,76,CREDIT
S0005829,2026-06-05,P023,C0061,1,5,45,CARD
S0005830,2026-06-05,P013,C0098,6,0,210,CARD
S0005831,2026-06-05,P020,C0050,3,0,150,UPI
S0005832,2026-06-05,P004,C0023,1,0,145,CARD
S0005833,2026-06-05,P023,C0012,2,0,100,CARD
S0005834,2026-06-05,P017,C0033,4,10,320,CREDIT
S0005835,2026-06-05,P002,C0098,2,0,510,UPI
S0005836,2026-06-05,P004,C0076,1,0,145,CREDIT
S0005837,2026-06-05,P016,C0064,1,5,130,CASH
S0005838,2026-06-05,P007,C0011,4,10,400,CASH
S0005839,2026-06-05,P019,,2,2,140,CARD
S0005840,2026-06-05,P015,,2,10,56,UPI
S0005841,2026-06-05,P009,C0018,4,0,100,CREDIT
S0005842,2026-06-05,P009,C0022,4,10,60,CREDIT
S0005843,2026-06-05,P003,C0094,4,0,620,UPI
S0005844,2026-06-05,P006,C0027,1,0,25,CARD
S0005845,2026-06-05,P008,C0098,2,5,180,CREDIT
S0005846,2026-06-05,P011,C0056,3,0,45,CARD
S0005847,2026-06-05,P023,C0094,3,2,144,CREDIT
S0005848,2026-06-05,P018,C0060,2,0,190,CARD
S0005849,2026-06-05,P021,C0048,1,0,30,CARD
S0005850,2026-06-06,P017,C0040,1,0,90,CASH
S0005851,2026-06-06,P004,C0072,2,5,280,CASH
S0005852,2026-06-06,P017,,1,0,90,CARD
S0005853,2026-06-06,P012,C0097,1,10,42,CARD
S0005854,2026-06-06,P002,C0087,1,0,255,CREDIT
S0005855,2026-06-06,P009,C0084,1,0,25,CARD
S0005856,2026-06-06,P010,C0060,2,5,26,CARD
S0005857,2026-06-06,P024,,2,0,64,CASH
S0005858,2026-06-06,P003,C0018,2,0,310,CASH
S0005859,2026-06-06,P005,C0058,3,5,141,CARD
S0005860,2026-06-06,P018,C0098,1,2,93,CREDIT
S0005861,2026-06-06,P022,C0094,1,2,103,UPI
S0005862,2026-06-06,P015,,4,0,152,CREDIT
S0005863,2026-06-06,P007,C0086,1,0,110,CARD
S0005864,2026-06-06,P021,C0087,6,5,150,CASH
S0005865,2026-06-06,P016,C0004,4,0,540,CASH
S0005866,2026-06-06,P018,C0049,2,2,186,CASH
S0005867,2026-06-06,P003,C0046,6,0,930,UPI
S0005868,2026-06-06,P021,C0008,1,2,28,UPI
S0005869,2026-06-06,P020,C0050,1,10,40,CASH
S0005870,2026-06-06,P002,C0043,2,0,510,CASH
S0005871,2026-06-06,P002,C0078,1,0,255,CASH
S0005872,2026-06-06,P011,C0070,5,5,50,CASH
S0005873,2026-06-06,P009,,1,2,23,CASH
S0005874,2026-06-06,P011,C0030,2,10,10,CARD
S0005875,2026-06-06,P001,,2,0,620,UPI
S0005876,2026-06-06,P017,C0092,2,0,180,CREDIT
S0005877,2026-06-06,P015,C0065,1,0,38,CARD
S0005878,2026-06-06,P017,,1,0,90,CREDIT
S0005879,2026-06-06,P012,C0036,4,0,208,CARD
S0005880,2026-06-06,P009,C0047,1,5,20,CARD
S0005881,2026-06-06,P009,C0007,3,0,75,CASH
S0005882,2026-06-06,P018,C0089,2,0,190,UPI
S0005883,2026-06-06,P016,C0080,3,2,399,CASH
S0005884,2026-06-06,P015,,3,5,99,UPI
S0005885,2026-06-06,P001,C0088,1,5,305,CARD
S0005886,2026-06-06,P008,C0077,2,5,180,UPI
S0005887,2026-06-06,P005,C0059,4,2,200,CARD
S0005888,2026-06-06,P018,C0050,2,5,180,CREDIT
S0005889,2026-06-06,P019,C0066,5,2,350,CASH
S0005890,2026-06-06,P023,C0008,2,2,96,CARD
S0005891,2026-06-06,P011,C0075,1,0,15,CASH
S0005892,2026-06-06,P016,C0036,1,0,135,CREDIT
S0005893,2026-06-06,P022,C0033,5,0,525,CREDIT
S0005894,2026-06-06,P008,,1,0,95,UPI
S0005895,2026-06-06,P024,C0070,4,2,120,CREDIT
S0005896,2026-06-06,P023,C0023,4,0,200,CARD
S0005897,2026-06-07,P005,,3,0,156,CASH
S0005898,2026-06-07,P019,C0021,1,0,72,CASH
S0005899,2026-06-07,P008,,3,2,279,UPI
S0005900,2026-06-07,P005,C0083,2,0,104,CREDIT
S0005901,2026-06-07,P001,,2,0,620,CASH
S0005902,2026-06-07,P019,C0023,3,0,216,UPI
S0005903,2026-06-07,P023,C0072,1,2,48,CASH
S0005904,2026-06-07,P006,C0016,2,0,50,UPI
S0005905,2026-06-07,P004,C0024,1,0,145,CASH
S0005906,2026-06-07,P006,C0003,1,0,25,UPI
S0005907,2026-06-07,P023,C0050,2,2,96,CREDIT
S0005908,2026-06-07,P014,C0015,3,0,135,UPI
S0005909,2026-06-07,P001,,1,2,308,CREDIT
S0005910,2026-06-07,P023,C0016,2,0,100,UPI
S0005911,2026-06-07,P018,,2,0,190,CARD
S0005912,2026-06-07,P007,C0050,1,0,110,UPI
S0005913,2026-06-07,P010,,1,0,18,CASH
S0005914,2026-06-07,P018,,5,0,475,CARD
S0005915,2026-06-07,P021,C0083,3,0,90,UPI
S0005916,2026-06-07,P019,C0097,2,2,140,UPI
S0005917,2026-06-07,P016,C0054,2,0,270,CASH
S0005918,2026-06-07,P007,C0040,1,0,110,CREDIT
S0005919,2026-06-07,P019,,2,0,144,UPI
S0005920,2026-06-07,P002,C0026,2,0,510,UPI
S0005921,2026-06-07,P015,C0097,2,10,56,CREDIT
S0005922,2026-06-07,P006,C0048,1,0,25,CARD
S0005923,2026-06-07,P011,C0076,1,5,10,CREDIT
S0005924,2026-06-07,P015,C0010,1,10,28,CARD
S0005925,2026-06-07,P001,C0006,5,5,1525,CREDIT
S0005926,2026-06-07,P014,C0050,1,5,40,CREDIT
S0005927,2026-06-07,P009,C0010,2,0,50,UPI
S0005928,2026-06-07,P021,,1,0,30,CARD
S0005929,2026-06-07,P010,C0012,1,10,8,UPI
S0005930,2026-06-07,P023,,3,10,120,CASH
S0005931,2026-06-07,P010,,2,0,36,CREDIT
S0005932,2026-06-07,P018,C0013,2,0,190,CREDIT
S0005933,2026-06-08,P020,,1,10,40,CARD
S0005934,2026-06-08,P020,C0006,1,0,50,UPI
S0005935,2026-06-08,P012,C0072,2,10,84,CASH
S0005936,2026-06-08,P014,C0071,1,0,45,CASH
S0005937,2026-06-08,P010,C0019,1,2,16,CREDIT
S0005938,2026-06-08,P018,C0073,2,5,180,CREDIT
S0005939,2026-06-08,P006,C0078,2,0,50,CREDIT
S0005940,2026-06-08,P001,C0030,3,2,924,CREDIT
S0005941,2026-06-08,P018,C0067,1,2,93,UPI
S0005942,2026-06-08,P016,C0088,1,2,133,CREDIT
S0005943,2026-06-08,P020,C0047,1,0,50,UPI
S0005944,2026-06-08,P012,C0076,6,10,252,CREDIT
S0005945,2026-06-08,P006,C0059,2,0,50,UPI
S0005946,2026-06-08,P019,,3,0,216,CREDIT
S0005947,2026-06-08,P001,C0077,1,5,305,CASH
S0005948,2026-06-08,P005,C0012,2,0,104,CASH
S0005949,2026-06-08,P014,C0098,1,5,40,CARD
S0005950,2026-06-08,P015,C0081,2,10,56,CASH
S0005951,2026-06-08,P013,C0039,5,0,175,UPI
S0005952,2026-06-08,P018,C0001,5,10,425,CARD
S0005953,2026-06-08,P005,,2,0,104,CREDIT
S0005954,2026-06-08,P012,C0066,2,0,104,CARD
S0005955,2026-06-08,P004,C0063,5,0,725,CREDIT
S0005956,2026-06-08,P010,C0012,2,5,26,CASH
S0005957,2026-06-08,P016,C0050,1,0,135,CASH
S0005958,2026-06-08,P003,C0070,2,0,310,CASH
S0005959,2026-06-08,P009,C0078,1,0,25,CREDIT
S0005960,2026-06-08,P005,C0035,2,0,104,CASH
S0005961,2026-06-08,P006,C0078,2,0,50,CREDIT
S0005962,2026-06-08,P011,C0076,2,2,26,UPI
S0005963,2026-06-09,P015,,2,0,76,CARD
S0005964,2026-06-09,P024,C0047,3,5,81,CARD
S0005965,2026-06-09,P005,,2,0,104,CARD
S0005966,2026-06-09,P022,C0048,1,0,105,CREDIT
S0005967,2026-06-09,P002,C0056,5,0,1275,CASH
S0005968,2026-06-09,P001,C0074,4,10,1200,CASH
S0005969,2026-06-09,P005,,1,10,42,CARD
S0005970,2026-06-09,P016,C0001,1,10,125,UPI
S0005971,2026-06-09,P024,C0009,3,0,96,CREDIT
S0005972,2026-06-09,P008,,3,5,270,CARD
S0005973,2026-06-09,P014,C0007,5,0,225,CREDIT
S0005974,2026-06-09,P006,,4,0,100,CASH
S0005975,2026-06-09,P009,,2,10,30,CREDIT
S0005976,2026-06-09,P006,C0021,2,2,46,CARD
S0005977,2026-06-09,P024,C0036,1,10,22,UPI
S0005978,2026-06-09,P002,C0063,1,0,255,CASH
S0005979,2026-06-09,P006,C0034,2,5,40,CREDIT
S0005980,2026-06-09,P008,C0018,2,0,190,CREDIT
S0005981,2026-06-09,P003,,2,0,310,CARD
S0005982,2026-06-09,P001,C0009,3,0,930,UPI
S0005983,2026-06-09,P012,C0083,1,2,50,UPI
S0005984,2026-06-09,P003,C0074,2,0,310,CARD
S0005985,2026-06-09,P001,C0023,1,2,308,CREDIT
S0005986,2026-06-09,P004,C0085,1,10,135,UPI
S0005987,2026-06-09,P011,C0055,3,0,45,UPI
S0005988,2026-06-09,P024,C0096,2,0,64,CARD
S0005989,2026-06-09,P008,,6,10,510,CREDIT
S0005990,2026-06-09,P002,C0073,1,10,245,CASH
S0005991,2026-06-09,P007,C0005,2,0,220,CREDIT
S0005992,2026-06-09,P003,C0056,1,10,145,CARD
S0005993,2026-06-09,P022,C0001,2,0,210,CREDIT
S0005994,2026-06-09,P009,,4,5,80,UPI
S0005995,2026-06-10,P017,,1,2,88,CARD
S0005996,2026-06-10,P018,C0042,4,5,360,CARD
S0005997,2026-06-10,P008,C0083,1,10,85,CASH
S0005998,2026-06-10,P019,C0060,4,2,280,CREDIT
S0005999,2026-06-10,P019,C0074,1,2,70,CASH
S0006000,2026-06-10,P014,C0017,1,0,45,CARD
S0006001,2026-06-10,P009,C0099,2,0,50,UPI
S0006002,2026-06-10,P014,C0094,5,10,175,UPI
S0006003,2026-06-10,P020,C0093,1,10,40,CASH
S0006004,2026-06-10,P016,,1,0,135,CARD
S0006005,2026-06-10,P018,C0028,4,0,380,UPI
S0006006,2026-06-10,P002,C0043,1,0,255,UPI
S0006007,2026-06-10,P005,C0100,1,0,52,CREDIT
S0006008,2026-06-10,P008,C0024,2,5,180,UPI
S0006009,2026-06-10,P015,C0028,1,0,38,CARD
S0006010,2026-06-10,P015,C0068,4,0,152,CASH
S0006011,2026-06-10,P011,,3,10,15,CASH
S0006012,2026-06-10,P014,C0008,2,2,86,CREDIT
S0006013,2026-06-10,P009,C0056,6,2,138,UPI
S0006014,2026-06-10,P024,C0058,2,0,64,CASH
S0006015,2026-06-10,P019,C0029,1,2,70,CARD
S0006016,2026-06-10,P010,C0065,1,2,16,CASH
S0006017,2026-06-10,P018,C0023,2,0,190,CARD
S0006018,2026-06-10,P008,,1,0,95,CARD
S0006019,2026-06-10,P013,C0070,5,0,175,UPI
S0006020,2026-06-10,P011,C0007,3,0,45,CREDIT
S0006021,2026-06-10,P015,C0091,1,0,38,UPI
S0006022,2026-06-10,P013,C0058,2,0,70,CARD
S0006023,2026-06-10,P012,C0047,3,0,156,CREDIT
S0006024,2026-06-10,P006,C0073,5,0,125,CASH
S0006025,2026-06-10,P024,C0002,4,10,88,UPI
S0006026,2026-06-10,P018,,2,0,190,CARD
S0006027,2026-06-10,P004,C0064,3,0,435,CARD
S0006028,2026-06-10,P024,C0086,2,0,64,UPI
S0006029,2026-06-10,P008,C0011,2,0,190,UPI
S0006030,2026-06-10,P015,C0065,1,10,28,CREDIT
S0006031,2026-06-10,P004,C0088,1,2,143,UPI
S0006032,2026-06-10,P005,,2,0,104,CARD
S0006033,2026-06-11,P023,C0088,3,0,150,CREDIT
S0006034,2026-06-11,P002,C0090,1,5,250,CASH
S0006035,2026-06-11,P006,C0004,2,5,40,CREDIT
S0006036,2026-06-11,P023,C0048,2,2,96,CASH
S0006037,2026-06-11,P011,,5,10,25,CARD
S0006038,2026-06-11,P023,C0088,2,0,100,CASH
S0006039,2026-06-11,P001,C0086,1,0,310,CASH
S0006040,2026-06-11,P006,,2,0,50,CARD
S0006041,2026-06-11,P019,,4,0,288,UPI
S0006042,2026-06-11,P001,,6,0,1860,CREDIT
S0006043,2026-06-11,P023,C0011,2,0,100,CARD
S0006044,2026-06-11,P004,C0028,1,0,145,CASH
S0006045,2026-06-11,P012,C0084,4,10,168,CARD
S0006046,2026-06-11,P015,,1,5,33,CARD
S0006047,2026-06-11,P002,C0037,2,0,510,UPI
S0006048,2026-06-11,P016,C0098,1,0,135,CREDIT
S0006049,2026-06-11,P023,,1,0,50,CASH
S0006050,2026-06-11,P015,C0071,1,2,36,UPI
S0006051,2026-06-11,P012,C0096,1,5,47,CARD
S0006052,2026-06-11,P021,,2,0,60,CASH
S0006053,2026-06-11,P022,,5,10,475,UPI
S0006054,2026-06-11,P002,C0051,1,0,255,CARD
S0006055,2026-06-11,P022,C0028,3,2,309,CARD
S0006056,2026-06-11,P024,C0027,1,0,32,UPI
S0006057,2026-06-11,P001,C0045,2,0,620,CASH
S0006058,2026-06-11,P002,C0055,1,0,255,UPI
S0006059,2026-06-11,P017,C0090,5,2,440,CARD
S0006060,2026-06-11,P003,C0070,3,0,465,CARD
S0006061,2026-06-11,P021,,2,2,56,UPI
S0006062,2026-06-11,P008,C0044,3,5,270,CASH
S0006063,2026-06-11,P018,C0045,2,0,190,CASH
S0006064,2026-06-12,P012,C0073,1,5,47,CARD
S0006065,2026-06-12,P005,C0047,2,0,104,CREDIT
S0006066,2026-06-12,P003,C0008,1,0,155,CREDIT
S0006067,2026-06-12,P016,C0074,2,2,266,UPI
S0006068,2026-06-12,P021,C0051,2,0,60,CREDIT
S0006069,2026-06-12,P018,C0010,2,0,190,CREDIT
S0006070,2026-06-12,P023,C0062,1,0,50,CARD
S0006071,2026-06-12,P002,C0090,1,10,245,CASH
S0006072,2026-06-12,P016,C0035,2,2,266,CASH
S0006073,2026-06-12,P023,C0085,5,0,250,CASH
S0006074,2026-06-12,P019,C0037,1,10,62,CARD
S0006075,2026-06-12,P019,C0048,2,5,134,CASH
S0006076,2026-06-12,P001,C0051,3,0,930,CREDIT
S0006077,2026-06-12,P015,C0098,2,0,76,CASH
S0006078,2026-06-12,P011,C0002,1,0,15,CASH
S0006079,2026-06-12,P006,C0045,1,5,20,UPI
S0006080,2026-06-12,P003,C0028,1,0,155,CREDIT
S0006081,2026-06-12,P011,C0017,5,0,75,CREDIT
S0006082,2026-06-12,P006,C0014,1,0,25,CREDIT
S0006083,2026-06-12,P018,C0024,1,0,95,UPI
S0006084,2026-06-12,P021,C0085,1,0,30,CASH
S0006085,2026-06-12,P008,C0029,1,10,85,CARD
S0006086,2026-06-12,P011,C0013,3,10,15,UPI
S0006087,2026-06-12,P001,,1,5,305,UPI
S0006088,2026-06-12,P019,C0083,1,0,72,CREDIT
S0006089,2026-06-12,P022,C0046,2,0,210,CASH
S0006090,2026-06-12,P001,C0098,1,5,305,CREDIT
S0006091,2026-06-12,P017,C0032,1,0,90,UPI
S0006092,2026-06-12,P005,C0012,3,0,156,CREDIT
S0006093,2026-06-12,P013,C0029,3,0,105,CASH
S0006094,2026-06-12,P020,C0037,4,0,200,CARD
S0006095,2026-06-12,P015,C0097,4,0,152,CREDIT
S0006096,2026-06-12,P011,C0073,2,10,10,CASH
S0006097,2026-06-12,P003,C0076,1,0,155,CREDIT
S0006098,2026-06-12,P010,C0051,3,0,54,UPI
S0006099,2026-06-12,P008,C0031,4,10,340,CREDIT
S0006100,2026-06-12,P022,,3,10,285,CASH
S0006101,2026-06-12,P001,C0019,2,5,610,CREDIT
S0006102,2026-06-12,P012,C0067,1,0,52,CASH
S0006103,2026-06-12,P003,C0060,4,0,620,CREDIT
S0006104,2026-06-12,P001,C0077,3,5,915,CASH
S0006105,2026-06-12,P001,C0015,6,0,1860,UPI
S0006106,2026-06-12,P012,C0021,1,10,42,CASH
S0006107,2026-06-12,P023,C0071,1,10,40,UPI
S0006108,2026-06-12,P006,C0056,1,0,25,CASH
S0006109,2026-06-13,P004,,1,5,140,CASH
S0006110,2026-06-13,P003,,6,0,930,UPI
S0006111,2026-06-13,P017,,1,2,88,CREDIT
S0006112,2026-06-13,P024,C0088,3,0,96,CARD
S0006113,2026-06-13,P019,C0056,1,0,72,UPI
S0006114,2026-06-13,P004,C0056,4,2,572,CASH
S0006115,2026-06-13,P018,C0043,2,0,190,UPI
S0006116,2026-06-13,P024,,4,2,120,CARD
S0006117,2026-06-13,P019,C0060,5,5,335,CREDIT
S0006118,2026-06-13,P006,C0089,1,5,20,UPI
S0006119,2026-06-13,P013,C0067,1,2,33,UPI
S0006120,2026-06-13,P023,C0097,1,0,50,CARD
S0006121,2026-06-13,P008,C0069,2,0,190,CASH
S0006122,2026-06-13,P003,C0049,4,2,612,CASH
S0006123,2026-06-13,P017,C0062,2,2,176,CASH
S0006124,2026-06-13,P017,C0043,2,0,180,CARD
S0006125,2026-06-13,P002,C0013,1,5,250,CASH
S0006126,2026-06-13,P006,C0097,3,5,60,CREDIT
S0006127,2026-06-13,P006,C0007,5,0,125,CASH
S0006128,2026-06-13,P018,C0079,1,0,95,CARD
S0006129,2026-06-13,P018,C0081,2,0,190,CASH
S0006130,2026-06-13,P005,C0020,1,5,47,UPI
S0006131,2026-06-13,P009,C0036,2,0,50,CARD
S0006132,2026-06-13,P016,C0084,2,0,270,CASH
S0006133,2026-06-13,P024,,1,0,32,UPI
S0006134,2026-06-13,P003,C0047,2,0,310,CASH
S0006135,2026-06-13,P023,C0087,1,0,50,CASH
S0006136,2026-06-13,P024,C0095,2,5,54,UPI
S0006137,2026-06-13,P005,C0082,2,0,104,CASH
S0006138,2026-06-13,P002,,1,0,255,CASH
S0006139,2026-06-13,P008,C0017,3,10,255,CASH
S0006140,2026-06-13,P023,C0064,3,0,150,CARD
S0006141,2026-06-13,P005,,1,5,47,UPI
S0006142,2026-06-13,P008,C0092,1,0,95,CASH
S0006143,2026-06-13,P002,C0098,3,10,735,CASH
S0006144,2026-06-13,P017,C0054,5,0,450,CARD
S0006145,2026-06-13,P002,C0033,1,0,255,CREDIT
S0006146,2026-06-13,P007,C0088,1,0,110,UPI
S0006147,2026-06-13,P012,,1,5,47,CASH
S0006148,2026-06-13,P015,C0059,2,0,76,CARD
S0006149,2026-06-13,P013,C0013,1,2,33,CASH
S0006150,2026-06-13,P005,C0010,1,10,42,UPI
S0006151,2026-06-13,P021,C0077,2,0,60,UPI
S0006152,2026-06-13,P014,,2,5,80,UPI
S0006153,2026-06-13,P016,C0049,1,0,135,UPI
S0006154,2026-06-13,P006,C0096,2,2,46,CASH
S0006155,2026-06-13,P004,C0004,2,10,270,CARD
S0006156,2026-06-14,P008,C0095,3,10,255,CARD
S0006157,2026-06-14,P003,C0050,5,2,765,CREDIT
S0006158,2026-06-14,P006,C0073,1,0,25,UPI
S0006159,2026-06-14,P007,C0054,1,0,110,CREDIT
S0006160,2026-06-14,P001,C0008,2,2,616,CARD
S0006161,2026-06-14,P013,,4,2,132,CARD
S0006162,2026-06-14,P014,,5,10,175,CREDIT
S0006163,2026-06-14,P015,,3,10,84,UPI
S0006164,2026-06-14,P013,C0090,1,0,35,CREDIT
S0006165,2026-06-14,P005,C0074,2,0,104,CREDIT
S0006166,2026-06-14,P012,C0008,1,0,52,CARD
S0006167,2026-06-14,P019,C0100,2,0,144,CARD
S0006168,2026-06-14,P010,C0005,1,5,13,CREDIT
S0006169,2026-06-14,P014,C0026,1,0,45,CARD
S0006170,2026-06-14,P020,C0025,3,10,120,CASH
S0006171,2026-06-14,P019,C0045,2,0,144,UPI
S0006172,2026-06-14,P010,C0078,1,5,13,CREDIT
S0006173,2026-06-14,P006,C0025,1,0,25,CASH
S0006174,2026-06-14,P006,C0018,4,0,100,CREDIT
S0006175,2026-06-14,P004,C0038,3,0,435,CASH
S0006176,2026-06-14,P009,,1,0,25,CREDIT
S0006177,2026-06-14,P022,,1,0,105,CARD
S0006178,2026-06-14,P021,C0090,1,2,28,CARD
S0006179,2026-06-14,P009,C0020,5,5,100,UPI
S0006180,2026-06-14,P022,,2,2,206,UPI
S0006181,2026-06-14,P018,C0064,2,5,180,UPI
S0006182,2026-06-14,P024,,2,2,60,CREDIT
S0006183,2026-06-14,P005,C0031,1,5,47,CARD
S0006184,2026-06-14,P023,C0085,3,0,150,CREDIT
S0006185,2026-06-14,P009,C0026,2,0,50,CARD
S0006186,2026-06-14,P008,C0093,1,0,95,CARD
S0006187,2026-06-14,P015,,1,0,38,CARD
S0006188,2026-06-14,P022,C0047,2,0,210,CASH
S0006189,2026-06-14,P008,C0034,5,0,475,CASH
S0006190,2026-06-14,P002,C0089,1,10,245,CASH
S0006191,2026-06-14,P003,C0091,4,0,620,CARD
S0006192,2026-06-14,P022,C0064,3,2,309,CREDIT
S0006193,2026-06-14,P001,C0093,1,0,310,CARD
S0006194,2026-06-14,P012,C0060,1,10,42,CREDIT
S0006195,2026-06-14,P023,C0087,1,2,48,CARD
S0006196,2026-06-14,P016,,3,0,405,CREDIT
S0006197,2026-06-14,P013,C0092,1,2,33,CARD
S0006198,2026-06-14,P024,,1,10,22,CARD
S0006199,2026-06-14,P007,C0031,2,0,220,CREDIT
S0006200,2026-06-14,P012,C0061,3,2,150,CARD
S0006201,2026-06-14,P013,,1,0,35,CREDIT
S0006202,2026-06-14,P003,C0027,1,0,155,CARD
S0006203,2026-06-14,P005,C0023,2,0,104,CARD
S0006204,2026-06-14,P010,C0003,2,0,36,UPI
S0006205,2026-06-15,P019,,3,0,216,CARD
S0006206,2026-06-15,P017,,2,0,180,CARD
S0006207,2026-06-15,P006,C0052,2,10,30,CASH
S0006208,2026-06-15,P011,C0048,2,10,10,CREDIT
S0006209,2026-06-15,P013,,1,0,35,CREDIT
S0006210,2026-06-15,P006,,1,0,25,CASH
S0006211,2026-06-15,P001,,2,0,620,CARD
S0006212,2026-06-15,P005,C0048,2,0,104,UPI
S0006213,2026-06-15,P009,C0050,2,0,50,UPI
S0006214,2026-06-15,P010,C0086,1,0,18,CARD
S0006215,2026-06-15,P021,C0075,4,2,112,CASH
S0006216,2026-06-15,P008,,2,10,170,CASH
S0006217,2026-06-15,P014,C0015,1,10,35,CARD
S0006218,2026-06-15,P011,C0028,2,0,30,UPI
S0006219,2026-06-15,P015,C0053,3,2,108,CASH
S0006220,2026-06-15,P022,C0059,3,10,285,CASH
S0006221,2026-06-15,P004,,2,5,280,UPI
S0006222,2026-06-15,P001,C0083,4,2,1232,UPI
S0006223,2026-06-15,P016,,1,2,133,CARD
S0006224,2026-06-15,P006,,1,0,25,UPI
S0006225,2026-06-15,P003,C0094,4,0,620,CREDIT
S0006226,2026-06-15,P003,C0036,4,2,612,CARD
S0006227,2026-06-15,P006,C0047,2,0,50,CARD
S0006228,2026-06-15,P024,C0056,4,0,128,CREDIT
S0006229,2026-06-15,P009,,1,0,25,CREDIT
S0006230,2026-06-15,P002,C0064,4,0,1020,CASH
S0006231,2026-06-15,P021,,1,0,30,UPI
S0006232,2026-06-15,P023,C0053,1,2,48,CARD
S0006233,2026-06-15,P024,C0019,1,10,22,CASH
S0006234,2026-06-15,P015,C0058,1,0,38,CASH
S0006235,2026-06-15,P019,C0052,1,0,72,CARD
S0006236,2026-06-15,P014,C0025,1,0,45,CREDIT
S0006237,2026-06-15,P001,C0036,1,0,310,UPI
S0006238,2026-06-15,P021,C0006,1,10,20,CARD
S0006239,2026-06-15,P005,C0057,2,10,84,UPI
S0006240,2026-06-15,P001,C0042,2,0,620,UPI
S0006241,2026-06-15,P002,,1,0,255,CASH
S0006242,2026-06-15,P016,C0088,3,10,375,CASH
S0006243,2026-06-15,P024,C0009,4,0,128,CARD
S0006244,2026-06-15,P006,C0060,3,0,75,CASH
S0006245,2026-06-15,P004,C0004,1,0,145,CARD
S0006246,2026-06-16,P008,C0089,1,2,93,UPI
S0006247,2026-06-16,P007,C0051,1,10,100,UPI
S0006248,2026-06-16,P016,,3,0,405,UPI
S0006249,2026-06-16,P007,C0026,1,0,110,CREDIT
S0006250,2026-06-16,P020,C0045,1,0,50,CASH
S0006251,2026-06-16,P017,C0051,1,10,80,CASH
S0006252,2026-06-16,P024,C0077,4,0,128,CASH
S0006253,2026-06-16,P019,C0081,2,5,134,CREDIT
S0006254,2026-06-16,P008,C0017,1,0,95,CARD
S0006255,2026-06-16,P020,,2,0,100,CASH
S0006256,2026-06-16,P008,C0022,2,0,190,CASH
S0006257,2026-06-16,P021,C0099,2,5,50,CREDIT
S0006258,2026-06-16,P008,C0079,1,5,90,CASH
S0006259,2026-06-16,P017,C0078,4,2,352,CASH
S0006260,2026-06-16,P001,C0047,1,0,310,CREDIT
S0006261,2026-06-16,P023,,2,5,90,CASH
S0006262,2026-06-16,P012,C0017,1,0,52,CASH
S0006263,2026-06-16,P014,C0012,1,0,45,CARD
S0006264,2026-06-16,P002,C0051,1,0,255,UPI
S0006265,2026-06-16,P002,C0059,2,2,506,UPI
S0006266,2026-06-16,P017,C0050,1,0,90,CREDIT
S0006267,2026-06-16,P004,C0065,3,10,405,CASH
S0006268,2026-06-16,P007,C0005,1,0,110,UPI
S0006269,2026-06-16,P001,C0016,2,0,620,CASH
S0006270,2026-06-16,P013,C0046,3,0,105,CASH
S0006271,2026-06-16,P018,C0072,2,5,180,CASH
S0006272,2026-06-16,P023,,3,0,150,CREDIT
S0006273,2026-06-16,P022,,2,10,190,CREDIT
S0006274,2026-06-16,P023,C0034,1,10,40,CARD
S0006275,2026-06-16,P013,C0026,3,0,105,CARD
S0006276,2026-06-16,P015,C0034,1,10,28,CASH
S0006277,2026-06-16,P005,C0028,2,0,104,CASH
S0006278,2026-06-16,P005,,3,0,156,UPI
S0006279,2026-06-16,P021,C0097,1,0,30,CARD
S0006280,2026-06-16,P009,C0045,1,0,25,CASH
S0006281,2026-06-16,P023,C0086,2,10,80,CASH
S0006282,2026-06-16,P006,C0046,3,5,60,CREDIT
S0006283,2026-06-16,P002,C0024,5,0,1275,CARD
S0006284,2026-06-16,P007,C0084,2,0,220,UPI
S0006285,2026-06-17,P013,,3,0,105,CREDIT
S0006286,2026-06-17,P008,,3,0,285,UPI
S0006287,2026-06-17,P018,C0035,4,0,380,CREDIT
S0006288,2026-06-17,P022,C0063,1,10,95,CARD
S0006289,2026-06-17,P004,C0031,1,10,135,UPI
S0006290,2026-06-17,P016,C0041,2,5,260,CASH
S0006291,2026-06-17,P018,C0099,1,0,95,UPI
S0006292,2026-06-17,P021,C0042,1,2,28,CASH
S0006293,2026-06-17,P001,C0010,3,5,915,CASH
S0006294,2026-06-17,P013,C0052,1,0,35,UPI
S0006295,2026-06-17,P017,C0037,3,10,240,CREDIT
S0006296,2026-06-17,P008,,2,2,186,CREDIT
S0006297,2026-06-17,P022,C0050,2,0,210,UPI
S0006298,2026-06-17,P011,C0036,1,5,10,CREDIT
S0006299,2026-06-17,P002,C0041,1,0,255,CARD
S0006300,2026-06-17,P019,,1,0,72,CASH
S0006301,2026-06-17,P021,C0009,5,5,125,CARD
S0006302,2026-06-17,P003,C0093,3,0,465,CARD
S0006303,2026-06-17,P003,C0073,2,0,310,CARD
S0006304,2026-06-17,P011,C0035,1,0,15,UPI
S0006305,2026-06-17,P019,C0012,5,5,335,CREDIT
S0006306,2026-06-17,P019,C0076,1,0,72,CARD
S0006307,2026-06-17,P015,C0064,1,2,36,CARD
S0006308,2026-06-17,P006,C0062,2,0,50,UPI
S0006309,2026-06-17,P005,C0033,5,0,260,CASH
S0006310,2026-06-17,P014,C0086,1,0,45,UPI
S0006311,2026-06-18,P003,,2,2,306,CREDIT
S0006312,2026-06-18,P004,C0094,4,0,580,UPI
S0006313,2026-06-18,P005,C0010,2,0,104,CASH
S0006314,2026-06-18,P019,C0097,6,0,432,CREDIT
S0006315,2026-06-18,P020,C0060,2,0,100,CREDIT
S0006316,2026-06-18,P013,C0073,1,0,35,CREDIT
S0006317,2026-06-18,P007,C0022,6,0,660,CREDIT
S0006318,2026-06-18,P016,C0030,1,0,135,UPI
S0006319,2026-06-18,P020,C0024,1,10,40,CASH
S0006320,2026-06-18,P015,C0050,2,5,66,UPI
S0006321,2026-06-18,P015,C0090,1,0,38,CREDIT
S0006322,2026-06-18,P021,C0054,1,2,28,CARD
S0006323,2026-06-18,P008,C0082,1,10,85,CASH
S0006324,2026-06-18,P021,C0074,2,5,50,CARD
S0006325,2026-06-18,P007,C0078,3,0,330,UPI
S0006326,2026-06-18,P021,C0049,2,10,40,CARD
S0006327,2026-06-18,P010,C0004,6,0,108,CARD
S0006328,2026-06-18,P006,C0016,1,0,25,CASH
S0006329,2026-06-18,P002,C0016,1,0,255,UPI
S0006330,2026-06-18,P012,C0004,1,10,42,CARD
S0006331,2026-06-18,P016,C0049,1,10,125,CARD
S0006332,2026-06-18,P010,C0082,1,2,16,CREDIT
S0006333,2026-06-18,P010,C0001,3,0,54,UPI
S0006334,2026-06-18,P001,C0054,4,0,1240,CREDIT
S0006335,2026-06-18,P013,C0040,6,0,210,CREDIT
S0006336,2026-06-18,P016,C0039,1,0,135,CREDIT
S0006337,2026-06-18,P019,,4,0,288,CARD
S0006338,2026-06-18,P003,,1,0,155,CASH
S0006339,2026-06-19,P013,C0055,2,0,70,UPI
S0006340,2026-06-19,P009,C0043,1,10,15,UPI
S0006341,2026-06-19,P001,C0032,3,0,930,CARD
S0006342,2026-06-19,P011,C0029,2,5,20,CREDIT
S0006343,2026-06-19,P007,C0076,6,0,660,CREDIT
S0006344,2026-06-19,P009,C0055,1,2,23,CASH
S0006345,2026-06-19,P015,C0011,1,0,38,UPI
S0006346,2026-06-19,P021,C0084,2,2,56,CARD
S0006347,2026-06-19,P005,C0090,2,2,100,CREDIT
S0006348,2026-06-19,P008,C0027,1,0,95,UPI
S0006349,2026-06-19,P023,C0076,3,0,150,CREDIT
S0006350,2026-06-19,P024,C0023,4,0,128,CARD
S0006351,2026-06-19,P012,C0021,5,0,260,CASH
S0006352,2026-06-19,P015,C0087,3,0,114,CASH
S0006353,2026-06-19,P014,C0031,4,0,180,UPI
S0006354,2026-06-19,P011,C0038,2,2,26,CARD
S0006355,2026-06-19,P020,C0045,3,0,150,CARD
S0006356,2026-06-19,P014,C0056,1,5,40,CASH
S0006357,2026-06-19,P010,C0097,1,0,18,CARD
S0006358,2026-06-19,P010,C0029,1,5,13,CARD
S0006359,2026-06-19,P023,,2,0,100,UPI
S0006360,2026-06-19,P010,C0016,1,2,16,CREDIT
S0006361,2026-06-19,P019,C0076,5,2,350,CASH
S0006362,2026-06-19,P020,,1,0,50,CARD
S0006363,2026-06-19,P009,C0058,1,2,23,CARD
S0006364,2026-06-19,P008,,2,2,186,CARD
S0006365,2026-06-19,P014,C0003,1,0,45,CASH
S0006366,2026-06-19,P005,C0007,1,0,52,CARD
S0006367,2026-06-19,P017,C0017,1,0,90,CREDIT
S0006368,2026-06-19,P024,C0074,2,0,64,CARD
S0006369,2026-06-19,P004,C0021,2,0,290,UPI
S0006370,2026-06-19,P001,C0074,3,10,900,CREDIT
S0006371,2026-06-19,P005,C0089,3,0,156,CASH
S0006372,2026-06-19,P004,C0062,2,10,270,UPI
S0006373,2026-06-19,P016,C0039,1,0,135,CARD
S0006374,2026-06-19,P007,C0081,1,0,110,CREDIT
S0006375,2026-06-19,P012,C0061,3,0,156,CASH
S0006376,2026-06-20,P005,C0032,3,0,156,UPI
S0006377,2026-06-20,P002,C0036,2,0,510,CREDIT
S0006378,2026-06-20,P010,,1,0,18,UPI
S0006379,2026-06-20,P005,C0079,1,5,47,CASH
S0006380,2026-06-20,P019,,5,0,360,UPI
S0006381,2026-06-20,P005,,4,5,188,CARD
S0006382,2026-06-20,P004,C0100,3,0,435,UPI
S0006383,2026-06-20,P007,,2,5,210,CREDIT
S0006384,2026-06-20,P011,C0051,2,10,10,CARD
S0006385,2026-06-20,P017,C0077,6,5,510,CREDIT
S0006386,2026-06-20,P007,C0075,5,0,550,CARD
S0006387,2026-06-20,P021,,1,5,25,CREDIT
S0006388,2026-06-20,P001,C0056,3,2,924,UPI
S0006389,2026-06-20,P019,C0028,1,2,70,UPI
S0006390,2026-06-20,P009,C0047,1,5,20,CARD
S0006391,2026-06-20,P007,C0090,2,0,220,CARD
S0006392,2026-06-20,P013,C0029,1,0,35,UPI
S0006393,2026-06-20,P003,,5,0,775,CARD
S0006394,2026-06-20,P002,C0038,1,0,255,CASH
S0006395,2026-06-20,P007,C0053,2,10,200,CASH
S0006396,2026-06-20,P022,C0018,4,5,400,UPI
S0006397,2026-06-20,P008,C0040,4,0,380,CREDIT
S0006398,2026-06-20,P010,C0034,1,0,18,CREDIT
S0006399,2026-06-20,P007,C0014,1,5,105,UPI
S0006400,2026-06-20,P010,C0085,2,0,36,CREDIT
S0006401,2026-06-21,P023,C0054,1,2,48,CREDIT
S0006402,2026-06-21,P018,C0004,1,10,85,UPI
S0006403,2026-06-21,P018,,4,10,340,CARD
S0006404,2026-06-21,P023,,1,5,45,CASH
S0006405,2026-06-21,P019,C0036,1,10,62,CREDIT
S0006406,2026-06-21,P019,C0020,2,0,144,UPI
S0006407,2026-06-21,P021,C0063,2,5,50,CREDIT
S0006408,2026-06-21,P010,C0060,1,0,18,CARD
S0006409,2026-06-21,P007,C0039,1,0,110,CASH
S0006410,2026-06-21,P011,C0020,5,0,75,CASH
S0006411,2026-06-21,P018,,4,10,340,CARD
S0006412,2026-06-21,P002,C0021,3,0,765,CARD
S0006413,2026-06-21,P014,C0044,1,0,45,CASH
S0006414,2026-06-21,P015,C0044,1,10,28,CASH
S0006415,2026-06-21,P007,C0018,2,0,220,CASH
S0006416,2026-06-21,P020,C0030,1,10,40,UPI
S0006417,2026-06-21,P005,C0018,4,0,208,CARD
S0006418,2026-06-21,P013,C0014,2,2,66,CASH
S0006419,2026-06-21,P007,C0030,1,0,110,UPI
S0006420,2026-06-21,P008,C0033,4,0,380,CREDIT
S0006421,2026-06-21,P015,C0009,5,0,190,UPI
S0006422,2026-06-21,P022,,1,0,105,CREDIT
S0006423,2026-06-21,P012,C0002,2,10,84,CREDIT
S0006424,2026-06-21,P014,C0100,1,0,45,CREDIT
S0006425,2026-06-21,P020,C0045,1,2,48,CARD
S0006426,2026-06-21,P008,C0008,1,5,90,CASH
S0006427,2026-06-21,P009,C0048,2,5,40,CASH
S0006428,2026-06-21,P002,,5,0,1275,CASH
S0006429,2026-06-21,P008,C0075,2,5,180,CARD
S0006430,2026-06-21,P016,C0031,1,0,135,UPI
S0006431,2026-06-21,P007,C0092,2,0,220,CASH
S0006432,2026-06-21,P002,C0070,1,0,255,CARD
S0006433,2026-06-21,P015,,4,0,152,UPI
S0006434,2026-06-21,P003,C0092,2,0,310,CASH
S0006435,2026-06-21,P006,,1,5,20,CASH
S0006436,2026-06-21,P010,,1,0,18,CARD
S0006437,2026-06-21,P002,,3,0,765,CREDIT
S0006438,2026-06-21,P009,,1,5,20,CREDIT
S0006439,2026-06-21,P024,C0014,3,10,66,CREDIT
S0006440,2026-06-21,P021,C0089,1,5,25,CREDIT
S0006441,2026-06-21,P011,C0034,1,10,5,CREDIT
S0006442,2026-06-21,P004,,2,2,286,CASH
S0006443,2026-06-21,P009,C0050,5,0,125,CARD
S0006444,2026-06-21,P021,C0030,5,2,140,CREDIT
S0006445,2026-06-21,P005,C0087,1,10,42,CREDIT
S0006446,2026-06-21,P021,C0044,1,0,30,UPI
S0006447,2026-06-21,P006,C0041,1,0,25,UPI
S0006448,2026-06-21,P019,C0089,2,10,124,CARD
S0006449,2026-06-21,P013,C0098,2,0,70,CARD
S0006450,2026-06-21,P023,,4,0,200,CASH
S0006451,2026-06-21,P008,C0032,5,0,475,CASH
S0006452,2026-06-22,P015,C0099,4,2,144,UPI
S0006453,2026-06-22,P006,C0017,3,0,75,UPI
S0006454,2026-06-22,P003,C0016,1,0,155,CREDIT
S0006455,2026-06-22,P017,C0031,1,0,90,CARD
S0006456,2026-06-22,P023,C0054,2,2,96,UPI
S0006457,2026-06-22,P022,C0059,1,0,105,UPI
S0006458,2026-06-22,P016,C0089,1,0,135,UPI
S0006459,2026-06-22,P021,C0077,1,0,30,CASH
S0006460,2026-06-22,P012,C0076,2,0,104,CARD
S0006461,2026-06-22,P023,C0023,1,0,50,CARD
S0006462,2026-06-22,P024,C0015,1,10,22,CREDIT
S0006463,2026-06-22,P004,C0023,1,0,145,CASH
S0006464,2026-06-22,P016,C0096,3,0,405,CARD
S0006465,2026-06-22,P008,C0072,4,0,380,CREDIT
S0006466,2026-06-22,P006,C0003,2,0,50,CARD
S0006467,2026-06-22,P010,C0019,1,0,18,UPI
S0006468,2026-06-22,P013,C0049,6,0,210,CARD
S0006469,2026-06-22,P022,C0034,1,10,95,CREDIT
S0006470,2026-06-22,P007,C0095,1,0,110,UPI
S0006471,2026-06-22,P023,,1,2,48,CASH
S0006472,2026-06-22,P007,C0038,1,0,110,CARD
S0006473,2026-06-22,P015,C0003,1,10,28,CARD
S0006474,2026-06-22,P017,C0067,4,10,320,CREDIT
S0006475,2026-06-22,P017,C0075,2,2,176,CARD
S0006476,2026-06-22,P001,C0060,1,0,310,UPI
S0006477,2026-06-22,P006,,5,0,125,CARD
S0006478,2026-06-22,P020,C0049,1,5,45,CARD
S0006479,2026-06-22,P003,C0099,1,2,153,CARD
S0006480,2026-06-22,P007,C0088,2,10,200,CREDIT
S0006481,2026-06-22,P016,C0080,2,0,270,CASH
S0006482,2026-06-22,P013,C0082,1,0,35,CASH
S0006483,2026-06-22,P006,C0095,1,2,23,CARD
S0006484,2026-06-22,P014,C0035,2,0,90,CASH
S0006485,2026-06-23,P015,C0061,1,0,38,CARD
S0006486,2026-06-23,P006,,1,0,25,CARD
S0006487,2026-06-23,P019,C0003,2,0,144,CREDIT
S0006488,2026-06-23,P003,C0045,1,0,155,UPI
S0006489,2026-06-23,P005,C0078,5,10,210,CASH
S0006490,2026-06-23,P001,C0048,2,5,610,CASH
S0006491,2026-06-23,P005,C0037,1,2,50,UPI
S0006492,2026-06-23,P003,,3,0,465,CREDIT
S0006493,2026-06-23,P007,C0020,2,0,220,CARD
S0006494,2026-06-23,P011,C0086,1,10,5,CREDIT
S0006495,2026-06-23,P008,C0032,3,0,285,CREDIT
S0006496,2026-06-23,P022,,4,5,400,CASH
S0006497,2026-06-23,P021,C0023,2,0,60,CARD
S0006498,2026-06-23,P022,C0024,1,10,95,UPI
S0006499,2026-06-23,P014,C0010,2,0,90,CARD
S0006500,2026-06-23,P022,C0080,3,0,315,UPI
S0006501,2026-06-23,P021,C0071,1,5,25,CARD
S0006502,2026-06-23,P004,C0027,1,0,145,UPI
S0006503,2026-06-23,P008,C0069,4,5,360,UPI
S0006504,2026-06-23,P002,C0074,1,0,255,CASH
S0006505,2026-06-23,P023,C0021,3,10,120,UPI
S0006506,2026-06-23,P021,C0023,2,0,60,CASH
S0006507,2026-06-23,P004,C0023,2,10,270,UPI
S0006508,2026-06-23,P012,C0038,1,5,47,UPI
S0006509,2026-06-23,P023,C0069,3,0,150,CASH
S0006510,2026-06-23,P014,C0054,1,2,43,CREDIT
S0006511,2026-06-23,P013,,2,0,70,UPI
S0006512,2026-06-23,P004,C0075,2,10,270,UPI
S0006513,2026-06-23,P017,C0034,3,0,270,UPI
S0006514,2026-06-23,P013,C0040,5,0,175,CASH
S0006515,2026-06-23,P022,C0006,2,0,210,CREDIT
S0006516,2026-06-23,P006,,1,2,23,CREDIT
S0006517,2026-06-23,P015,C0068,5,5,165,CREDIT
S0006518,2026-06-23,P008,C0041,2,10,170,CARD
S0006519,2026-06-23,P024,C0082,1,0,32,CREDIT
S0006520,2026-06-23,P010,C0052,1,10,8,CARD
S0006521,2026-06-23,P024,C0077,4,0,128,CREDIT
S0006522,2026-06-23,P024,C0028,1,0,32,CARD
S0006523,2026-06-23,P022,C0015,2,0,210,CASH
S0006524,2026-06-24,P023,,2,0,100,CASH
S0006525,2026-06-24,P006,C0025,1,0,25,CASH
S0006526,2026-06-24,P001,C0089,1,0,310,UPI
S0006527,2026-06-24,P002,C0021,2,0,510,CARD
S0006528,2026-06-24,P018,,2,0,190,UPI
S0006529,2026-06-24,P010,C0063,3,5,39,UPI
S0006530,2026-06-24,P003,,3,0,465,CREDIT
S0006531,2026-06-24,P005,C0098,3,10,126,CREDIT
S0006532,2026-06-24,P019,C0077,1,2,70,CARD
S0006533,2026-06-24,P019,C0068,1,5,67,UPI
S0006534,2026-06-24,P021,C0066,2,0,60,CASH
S0006535,2026-06-24,P004,C0071,5,5,700,UPI
S0006536,2026-06-24,P002,,3,0,765,CREDIT
S0006537,2026-06-24,P014,C0003,4,0,180,CASH
S0006538,2026-06-24,P023,C0008,1,0,50,UPI
S0006539,2026-06-24,P012,C0096,2,0,104,CASH
S0006540,2026-06-24,P018,C0025,2,0,190,CREDIT
S0006541,2026-06-24,P007,C0013,1,10,100,UPI
S0006542,2026-06-24,P011,C0006,1,5,10,CARD
S0006543,2026-06-24,P006,C0032,5,0,125,CASH
S0006544,2026-06-24,P018,C0001,1,5,90,CARD
S0006545,2026-06-24,P018,C0021,1,5,90,CREDIT
S0006546,2026-06-24,P020,C0085,1,0,50,UPI
S0006547,2026-06-24,P002,C0051,5,0,1275,CREDIT
S0006548,2026-06-24,P006,C0059,2,10,30,CREDIT
S0006549,2026-06-24,P008,C0030,2,10,170,CASH
S0006550,2026-06-24,P018,,4,0,380,CREDIT
S0006551,2026-06-24,P022,,1,10,95,CASH
S0006552,2026-06-24,P007,C0062,2,10,200,CREDIT
S0006553,2026-06-24,P024,C0065,1,0,32,CARD
S0006554,2026-06-24,P021,,1,0,30,CREDIT
S0006555,2026-06-24,P006,C0059,3,0,75,UPI
S0006556,2026-06-24,P008,C0071,3,0,285,CARD
S0006557,2026-06-24,P004,C0010,1,0,145,CASH
S0006558,2026-06-25,P005,C0065,1,5,47,CASH
S0006559,2026-06-25,P007,C0092,1,0,110,CASH
S0006560,2026-06-25,P004,C0070,1,5,140,CASH
S0006561,2026-06-25,P012,C0060,1,0,52,UPI
S0006562,2026-06-25,P017,C0042,3,0,270,UPI
S0006563,2026-06-25,P013,C0064,1,0,35,CREDIT
S0006564,2026-06-25,P004,C0006,1,5,140,CREDIT
S0006565,2026-06-25,P021,C0048,2,5,50,CASH
S0006566,2026-06-25,P001,,4,5,1220,UPI
S0006567,2026-06-25,P021,C0035,1,10,20,CASH
S0006568,2026-06-25,P003,C0017,1,2,153,CREDIT
S0006569,2026-06-25,P020,C0053,1,0,50,UPI
S0006570,2026-06-25,P015,C0089,3,2,108,UPI
S0006571,2026-06-25,P012,C0054,2,2,100,CASH
S0006572,2026-06-25,P018,C0039,3,5,270,CARD
S0006573,2026-06-25,P022,C0023,5,0,525,UPI
S0006574,2026-06-25,P023,C0094,3,10,120,CASH
S0006575,2026-06-25,P023,C0049,2,0,100,CARD
S0006576,2026-06-25,P023,C0052,2,10,80,CREDIT
S0006577,2026-06-25,P006,,1,2,23,CARD
S0006578,2026-06-25,P019,C0013,6,10,372,CASH
S0006579,2026-06-25,P011,C0027,1,0,15,CARD
S0006580,2026-06-25,P020,C0076,1,2,48,CASH
S0006581,2026-06-25,P011,C0029,2,0,30,CARD
S0006582,2026-06-25,P022,C0081,1,0,105,UPI
S0006583,2026-06-25,P015,C0039,2,5,66,CASH
S0006584,2026-06-25,P019,C0078,2,10,124,UPI
S0006585,2026-06-25,P015,C0081,2,0,76,CREDIT
S0006586,2026-06-25,P005,C0080,3,10,126,CREDIT
S0006587,2026-06-25,P014,C0039,1,2,43,UPI
S0006588,2026-06-25,P015,C0080,2,2,72,CREDIT
S0006589,2026-06-25,P016,C0072,2,0,270,UPI
S0006590,2026-06-25,P018,C0077,2,10,170,CREDIT
S0006591,2026-06-26,P010,C0088,2,5,26,CREDIT
S0006592,2026-06-26,P009,C0046,1,2,23,CARD
S0006593,2026-06-26,P013,C0010,5,0,175,CASH
S0006594,2026-06-26,P020,C0065,1,10,40,CARD
S0006595,2026-06-26,P004,C0060,3,0,435,CASH
S0006596,2026-06-26,P010,C0059,1,10,8,CARD
S0006597,2026-06-26,P007,C0094,1,0,110,UPI
S0006598,2026-06-26,P013,C0100,2,0,70,UPI
S0006599,2026-06-26,P009,C0041,4,0,100,UPI
S0006600,2026-06-26,P020,C0085,2,0,100,CREDIT
S0006601,2026-06-26,P001,C0022,5,0,1550,UPI
S0006602,2026-06-26,P002,C0052,2,0,510,CASH
S0006603,2026-06-26,P015,C0051,2,0,76,CREDIT
S0006604,2026-06-26,P010,C0078,1,2,16,UPI
S0006605,2026-06-26,P001,C0070,3,10,900,CASH
S0006606,2026-06-26,P009,,1,2,23,CARD
S0006607,2026-06-26,P012,C0014,4,2,200,CASH
S0006608,2026-06-26,P001,,4,2,1232,CASH
S0006609,2026-06-26,P022,C0006,5,10,475,CARD
S0006610,2026-06-26,P016,C0086,2,0,270,CASH
S0006611,2026-06-26,P020,C0095,2,2,96,CREDIT
S0006612,2026-06-26,P009,,3,10,45,UPI
S0006613,2026-06-26,P018,C0054,1,0,95,CASH
S0006614,2026-06-26,P001,,2,0,620,CREDIT
S0006615,2026-06-26,P012,C0007,1,0,52,UPI
S0006616,2026-06-26,P007,C0087,2,0,220,CARD
S0006617,2026-06-26,P024,C0098,1,0,32,CREDIT
S0006618,2026-06-26,P004,,1,2,143,CARD
S0006619,2026-06-26,P021,C0003,1,0,30,CARD
S0006620,2026-06-26,P013,C0013,2,0,70,CARD
S0006621,2026-06-26,P019,,2,0,144,CREDIT
S0006622,2026-06-26,P018,,1,5,90,CARD
S0006623,2026-06-26,P014,C0073,2,0,90,UPI
S0006624,2026-06-26,P017,C0062,1,10,80,UPI
S0006625,2026-06-26,P021,C0068,2,0,60,CREDIT
S0006626,2026-06-26,P006,,2,0,50,UPI
S0006627,2026-06-26,P001,C0081,2,0,620,CASH
S0006628,2026-06-26,P014,,3,0,135,UPI
S0006629,2026-06-26,P002,C0035,1,0,255,CARD
S0006630,2026-06-26,P010,C0017,3,0,54,UPI
S0006631,2026-06-27,P013,C0036,2,0,70,CARD
S0006632,2026-06-27,P014,,1,2,43,CREDIT
S0006633,2026-06-27,P012,C0039,2,0,104,UPI
S0006634,2026-06-27,P013,,2,0,70,CASH
S0006635,2026-06-27,P004,,1,0,145,CARD
S0006636,2026-06-27,P020,C0056,1,2,48,CREDIT
S0006637,2026-06-27,P005,,1,0,52,CREDIT
S0006638,2026-06-27,P006,,5,0,125,CASH
S0006639,2026-06-27,P004,C0002,2,2,286,CARD
S0006640,2026-06-27,P008,,1,0,95,CARD
S0006641,2026-06-27,P015,C0004,1,10,28,CARD
S0006642,2026-06-27,P016,C0062,2,0,270,CREDIT
S0006643,2026-06-27,P010,C0037,3,2,48,CARD
S0006644,2026-06-27,P012,C0029,1,2,50,CREDIT
S0006645,2026-06-27,P011,C0013,1,0,15,CASH
S0006646,2026-06-27,P018,C0041,4,0,380,UPI
S0006647,2026-06-27,P016,C0011,1,10,125,CASH
S0006648,2026-06-27,P010,C0094,1,0,18,CARD
S0006649,2026-06-27,P007,C0022,5,0,550,UPI
S0006650,2026-06-27,P001,C0032,2,5,610,CREDIT
S0006651,2026-06-27,P005,C0024,1,5,47,UPI
S0006652,2026-06-27,P003,C0100,1,5,150,CREDIT
S0006653,2026-06-27,P008,C0082,1,10,85,CASH
S0006654,2026-06-27,P021,C0064,1,0,30,CASH
S0006655,2026-06-27,P014,C0035,4,10,140,CASH
S0006656,2026-06-27,P020,C0072,1,0,50,CARD
S0006657,2026-06-27,P023,C0042,3,5,135,CARD
S0006658,2026-06-27,P006,C0075,4,0,100,CARD
S0006659,2026-06-27,P006,,1,5,20,CARD
S0006660,2026-06-27,P005,,1,5,47,CARD
S0006661,2026-06-27,P004,C0015,2,0,290,CARD
S0006662,2026-06-27,P016,C0079,4,0,540,UPI
S0006663,2026-06-27,P015,C0008,3,0,114,CARD
S0006664,2026-06-27,P002,,1,2,253,UPI
S0006665,2026-06-27,P012,C0077,2,0,104,UPI
S0006666,2026-06-27,P009,C0059,2,0,50,CARD
S0006667,2026-06-27,P009,C0030,4,0,100,CARD
S0006668,2026-06-27,P021,C0046,1,0,30,CASH
S0006669,2026-06-27,P010,,2,0,36,CARD
S0006670,2026-06-28,P004,,2,10,270,CREDIT
S0006671,2026-06-28,P004,C0075,1,0,145,CARD
S0006672,2026-06-28,P023,C0074,1,10,40,CREDIT
S0006673,2026-06-28,P007,C0038,1,0,110,CASH
S0006674,2026-06-28,P002,C0030,5,0,1275,CREDIT
S0006675,2026-06-28,P017,C0004,1,2,88,CASH
S0006676,2026-06-28,P007,C0068,2,0,220,CASH
S0006677,2026-06-28,P014,,2,0,90,UPI
S0006678,2026-06-28,P023,C0031,1,0,50,CASH
S0006679,2026-06-28,P014,C0066,2,0,90,CREDIT
S0006680,2026-06-28,P017,,3,2,264,CASH
S0006681,2026-06-28,P018,C0046,4,0,380,CASH
S0006682,2026-06-28,P016,C0061,2,2,266,CASH
S0006683,2026-06-28,P001,,2,0,620,CREDIT
S0006684,2026-06-28,P006,C0088,1,0,25,UPI
S0006685,2026-06-28,P011,C0016,5,0,75,CREDIT
S0006686,2026-06-28,P023,C0053,1,0,50,CARD
S0006687,2026-06-28,P022,,3,0,315,CARD
S0006688,2026-06-28,P024,C0062,1,0,32,UPI
S0006689,2026-06-28,P004,C0073,5,2,715,UPI
S0006690,2026-06-28,P012,C0088,3,0,156,CREDIT
S0006691,2026-06-28,P007,C0036,3,0,330,CREDIT
S0006692,2026-06-28,P016,C0095,1,0,135,CREDIT
S0006693,2026-06-28,P015,C0049,2,5,66,CASH
S0006694,2026-06-28,P019,C0051,2,10,124,UPI
S0006695,2026-06-28,P010,C0027,3,0,54,CREDIT
S0006696,2026-06-28,P005,C0078,1,2,50,CARD
S0006697,2026-06-28,P013,,5,5,150,CREDIT
S0006698,2026-06-28,P009,C0007,4,0,100,UPI
S0006699,2026-06-28,P023,C0015,1,0,50,UPI
S0006700,2026-06-28,P018,C0071,3,2,279,CARD
S0006701,2026-06-28,P016,C0074,2,0,270,UPI
S0006702,2026-06-28,P018,,2,0,190,CARD
S0006703,2026-06-28,P006,C0091,1,0,25,UPI
S0006704,2026-06-28,P018,C0053,2,2,186,CARD
S0006705,2026-06-28,P010,C0084,3,0,54,CARD
S0006706,2026-06-28,P013,C0095,1,0,35,CARD
S0006707,2026-06-28,P020,,2,10,80,CREDIT
S0006708,2026-06-28,P019,C0057,2,0,144,CASH
S0006709,2026-06-28,P018,,3,0,285,CREDIT
S0006710,2026-06-28,P011,C0091,1,5,10,CARD
S0006711,2026-06-28,P017,C0067,4,0,360,UPI
S0006712,2026-06-28,P019,C0023,2,0,144,CASH
S0006713,2026-06-28,P003,C0096,1,0,155,CREDIT
S0006714,2026-06-28,P024,C0078,1,2,30,UPI
S0006715,2026-06-28,P005,C0068,2,0,104,CASH
S0006716,2026-06-28,P021,,4,2,112,CREDIT
S0006717,2026-06-28,P003,C0002,1,0,155,CARD
S0006718,2026-06-28,P019,C0039,3,2,210,CARD
S0006719,2026-06-29,P011,C0013,6,10,30,CARD
S0006720,2026-06-29,P007,C0064,3,0,330,CASH
S0006721,2026-06-29,P017,C0067,1,0,90,UPI
S0006722,2026-06-29,P003,C0093,2,0,310,CASH
S0006723,2026-06-29,P021,C0027,1,0,30,CARD
S0006724,2026-06-29,P014,C0069,1,10,35,UPI
S0006725,2026-06-29,P003,C0032,3,2,459,CREDIT
S0006726,2026-06-29,P018,C0036,3,0,285,CARD
S0006727,2026-06-29,P019,,1,0,72,UPI
S0006728,2026-06-29,P024,C0080,5,10,110,CASH
S0006729,2026-06-29,P004,C0060,2,0,290,UPI
S0006730,2026-06-29,P012,C0019,1,0,52,CREDIT
S0006731,2026-06-29,P014,C0027,2,2,86,CASH
S0006732,2026-06-29,P012,C0081,2,0,104,CARD
S0006733,2026-06-29,P024,C0069,2,2,60,UPI
S0006734,2026-06-29,P024,C0096,2,0,64,UPI
S0006735,2026-06-29,P022,C0025,2,0,210,CASH
S0006736,2026-06-29,P022,C0003,1,0,105,UPI
S0006737,2026-06-29,P004,C0031,3,2,429,UPI
S0006738,2026-06-29,P001,,2,0,620,CASH
S0006739,2026-06-29,P019,C0040,1,0,72,CASH
S0006740,2026-06-29,P021,C0041,3,10,60,CARD
S0006741,2026-06-29,P004,C0093,5,0,725,CREDIT
S0006742,2026-06-29,P002,C0008,5,2,1265,CARD
S0006743,2026-06-29,P018,C0013,1,10,85,UPI
S0006744,2026-06-29,P002,C0042,1,0,255,UPI
S0006745,2026-06-30,P005,C0028,5,0,260,CREDIT
S0006746,2026-06-30,P007,C0009,1,0,110,CARD
S0006747,2026-06-30,P023,,1,10,40,CREDIT
S0006748,2026-06-30,P007,C0097,1,0,110,CREDIT
S0006749,2026-06-30,P005,C0011,1,0,52,CASH
S0006750,2026-06-30,P023,C0066,3,0,150,CREDIT
S0006751,2026-06-30,P019,C0027,2,0,144,CARD
S0006752,2026-06-30,P008,C0080,1,10,85,UPI
S0006753,2026-06-30,P023,C0081,1,0,50,CARD
S0006754,2026-06-30,P018,,2,0,190,CREDIT
S0006755,2026-06-30,P003,C0082,1,0,155,CARD
S0006756,2026-06-30,P015,C0032,2,5,66,UPI
S0006757,2026-06-30,P021,,2,0,60,CREDIT
S0006758,2026-06-30,P013,C0075,3,0,105,CREDIT
S0006759,2026-06-30,P019,C0046,5,0,360,CARD
S0006760,2026-06-30,P004,C0049,4,0,580,CARD
S0006761,2026-06-30,P008,C0087,5,0,475,UPI
S0006762,2026-06-30,P022,,1,0,105,CASH
S0006763,2026-06-30,P016,C0024,1,0,135,CREDIT
S0006764,2026-06-30,P001,C0021,1,10,300,CREDIT
S0006765,2026-06-30,P021,C0053,4,0,120,UPI
S0006766,2026-06-30,P011,C0038,6,0,90,CASH
S0006767,2026-06-30,P017,C0049,4,0,360,CARD
S0006768,2026-06-30,P009,,1,0,25,CREDIT
S0006769,2026-06-30,P003,,5,0,775,UPI
S0006770,2026-06-30,P020,C0060,2,5,90,CARD
S0006771,2026-06-30,P021,C0043,1,0,30,CARD
S0006772,2026-06-30,P014,C0034,2,10,70,UPI
S0006773,2026-06-30,P012,C0005,1,0,52,CASH
S0006774,2026-06-30,P022,C0070,2,2,206,UPI
S0006775,2026-06-30,P005,C0028,1,0,52,UPI
S0006776,2026-06-30,P009,C0063,2,0,50,CREDIT
S0006777,2026-06-30,P007,C0018,2,0,220,UPI
S0006778,2026-06-30,P009,C0034,4,5,80,CARD
S0006779,2026-06-30,P015,C0068,2,0,76,CASH
S0006780,2026-07-01,P019,,4,0,288,CASH
S0006781,2026-07-01,P001,C0053,1,2,308,UPI
S0006782,2026-07-01,P014,C0052,2,0,90,CARD
S0006783,2026-07-01,P023,,1,10,40,UPI
S0006784,2026-07-01,P019,C0023,1,0,72,CARD
S0006785,2026-07-01,P020,C0059,2,2,96,CARD
S0006786,2026-07-01,P011,C0045,4,10,20,UPI
S0006787,2026-07-01,P023,,1,0,50,CARD
S0006788,2026-07-01,P018,,3,5,270,CREDIT
S0006789,2026-07-01,P005,C0063,4,10,168,UPI
S0006790,2026-07-01,P015,,4,0,152,CASH
S0006791,2026-07-01,P001,C0055,1,5,305,UPI
S0006792,2026-07-01,P004,C0050,4,10,540,CARD
S0006793,2026-07-01,P024,,1,10,22,UPI
S0006794,2026-07-01,P007,C0027,2,0,220,UPI
S0006795,2026-07-01,P017,C0027,1,0,90,CREDIT
S0006796,2026-07-01,P015,C0096,1,5,33,CARD
S0006797,2026-07-01,P017,C0094,3,0,270,CASH
S0006798,2026-07-01,P007,C0037,2,0,220,CREDIT
S0006799,2026-07-01,P015,,1,0,38,CARD
S0006800,2026-07-01,P004,C0092,1,0,145,UPI
S0006801,2026-07-01,P020,C0080,2,0,100,UPI
S0006802,2026-07-01,P012,C0066,1,0,52,CREDIT
S0006803,2026-07-01,P001,C0070,3,0,930,CASH
S0006804,2026-07-01,P013,C0045,1,0,35,CARD
S0006805,2026-07-01,P006,,1,0,25,CARD
S0006806,2026-07-01,P003,,1,5,150,CASH
S0006807,2026-07-01,P008,C0079,2,0,190,UPI
S0006808,2026-07-01,P024,C0046,1,5,27,CREDIT
S0006809,2026-07-01,P015,C0001,1,0,38,CARD
S0006810,2026-07-01,P009,C0003,5,0,125,UPI
S0006811,2026-07-01,P023,C0064,2,5,90,CARD
S0006812,2026-07-01,P004,C0028,1,2,143,CASH
S0006813,2026-07-01,P009,C0100,2,0,50,CASH
S0006814,2026-07-02,P018,C0010,1,5,90,UPI
S0006815,2026-07-02,P020,C0092,3,0,150,CARD
S0006816,2026-07-02,P004,,2,5,280,CASH
S0006817,2026-07-02,P005,C0036,2,10,84,CREDIT
S0006818,2026-07-02,P001,C0094,1,2,308,CREDIT
S0006819,2026-07-02,P005,C0050,1,5,47,CARD
S0006820,2026-07-02,P019,C0027,2,0,144,CASH
S0006821,2026-07-02,P006,C0011,1,0,25,CREDIT
S0006822,2026-07-02,P010,C0019,2,10,16,CASH
S0006823,2026-07-02,P010,C0034,2,0,36,CASH
S0006824,2026-07-02,P006,C0013,1,0,25,UPI
S0006825,2026-07-02,P018,C0080,5,10,425,UPI
S0006826,2026-07-02,P002,C0040,4,0,1020,CREDIT
S0006827,2026-07-02,P017,C0013,3,0,270,CREDIT
S0006828,2026-07-02,P007,C0061,1,0,110,UPI
S0006829,2026-07-02,P005,C0052,1,2,50,CREDIT
S0006830,2026-07-02,P023,C0022,2,5,90,UPI
S0006831,2026-07-02,P005,C0005,1,10,42,UPI
S0006832,2026-07-02,P020,C0100,6,0,300,CASH
S0006833,2026-07-02,P013,C0054,1,10,25,CASH
S0006834,2026-07-02,P003,C0047,2,2,306,CASH
S0006835,2026-07-02,P014,C0075,1,2,43,UPI
S0006836,2026-07-02,P001,C0060,2,0,620,CREDIT
S0006837,2026-07-02,P020,C0004,1,0,50,UPI
S0006838,2026-07-02,P004,C0032,2,0,290,CASH
S0006839,2026-07-02,P011,C0073,1,10,5,UPI
S0006840,2026-07-02,P001,C0060,4,10,1200,CASH
S0006841,2026-07-02,P020,C0012,1,0,50,CASH
S0006842,2026-07-02,P002,C0058,4,5,1000,CASH
S0006843,2026-07-02,P006,C0014,3,0,75,CASH
S0006844,2026-07-02,P018,C0049,1,10,85,UPI
S0006845,2026-07-02,P024,C0061,3,2,90,UPI
S0006846,2026-07-02,P021,C0064,1,0,30,CASH
S0006847,2026-07-02,P006,C0004,5,0,125,CARD
S0006848,2026-07-02,P011,,2,10,10,CARD
S0006849,2026-07-02,P024,,1,0,32,UPI
S0006850,2026-07-02,P016,C0073,1,0,135,CASH
S0006851,2026-07-02,P018,C0009,1,10,85,CREDIT
S0006852,2026-07-02,P001,C0033,6,0,1860,CARD
S0006853,2026-07-02,P008,C0007,1,0,95,CASH
S0006854,2026-07-02,P008,C0039,2,10,170,CARD
S0006855,2026-07-02,P005,C0047,2,0,104,CASH
S0006856,2026-07-02,P003,C0051,5,5,750,UPI
S0006857,2026-07-03,P005,C0024,2,0,104,CASH
S0006858,2026-07-03,P019,C0097,3,0,216,UPI
S0006859,2026-07-03,P005,,1,5,47,UPI
S0006860,2026-07-03,P019,C0040,1,0,72,CREDIT
S0006861,2026-07-03,P016,C0049,1,0,135,UPI
S0006862,2026-07-03,P007,C0024,3,5,315,CREDIT
S0006863,2026-07-03,P021,C0046,1,5,25,CARD
S0006864,2026-07-03,P004,,2,0,290,CASH
S0006865,2026-07-03,P016,C0011,1,0,135,CREDIT
S0006866,2026-07-03,P020,C0039,4,10,160,UPI
S0006867,2026-07-03,P022,C0035,5,0,525,CARD
S0006868,2026-07-03,P023,C0075,2,0,100,CARD
S0006869,2026-07-03,P004,C0005,1,0,145,CASH
S0006870,2026-07-03,P004,C0074,1,0,145,UPI
S0006871,2026-07-03,P011,C0075,1,2,13,UPI
S0006872,2026-07-03,P006,C0056,1,10,15,CREDIT
S0006873,2026-07-03,P023,C0094,2,0,100,CREDIT
S0006874,2026-07-03,P009,C0072,2,0,50,CREDIT
S0006875,2026-07-03,P017,C0054,5,5,425,CASH
S0006876,2026-07-03,P007,C0049,1,0,110,UPI
S0006877,2026-07-03,P001,C0068,2,2,616,CARD
S0006878,2026-07-03,P010,C0034,2,0,36,UPI
S0006879,2026-07-03,P017,C0030,2,5,170,CREDIT
S0006880,2026-07-03,P022,C0012,1,2,103,UPI
S0006881,2026-07-03,P019,C0063,2,0,144,CARD
S0006882,2026-07-03,P020,C0073,2,10,80,CASH
S0006883,2026-07-03,P003,C0039,3,0,465,UPI
S0006884,2026-07-03,P002,C0074,5,0,1275,CASH
S0006885,2026-07-03,P013,C0094,1,2,33,CASH
S0006886,2026-07-03,P007,C0042,1,10,100,CASH
S0006887,2026-07-04,P009,C0035,1,2,23,CREDIT
S0006888,2026-07-04,P009,C0006,3,0,75,CASH
S0006889,2026-07-04,P004,C0074,6,0,870,CREDIT
S0006890,2026-07-04,P011,C0056,5,0,75,CASH
S0006891,2026-07-04,P005,,1,5,47,UPI
S0006892,2026-07-04,P006,C0022,4,0,100,CASH
S0006893,2026-07-04,P024,C0063,3,5,81,CASH
S0006894,2026-07-04,P001,,2,0,620,CARD
S0006895,2026-07-04,P001,C0098,2,0,620,CASH
S0006896,2026-07-04,P001,C0003,4,0,1240,UPI
S0006897,2026-07-04,P018,C0049,2,2,186,CASH
S0006898,2026-07-04,P010,C0092,1,5,13,CREDIT
S0006899,2026-07-04,P015,C0076,2,0,76,UPI
S0006900,2026-07-04,P020,C0001,2,0,100,UPI
S0006901,2026-07-04,P004,C0016,1,0,145,CREDIT
S0006902,2026-07-04,P001,C0075,4,0,1240,UPI
S0006903,2026-07-04,P013,C0097,2,2,66,CASH
S0006904,2026-07-04,P008,C0088,2,0,190,CREDIT
S0006905,2026-07-04,P007,C0095,1,0,110,CREDIT
S0006906,2026-07-04,P024,C0080,2,5,54,UPI
S0006907,2026-07-04,P013,C0070,1,0,35,CARD
S0006908,2026-07-04,P010,,1,2,16,UPI
S0006909,2026-07-04,P018,C0062,2,0,190,CARD
S0006910,2026-07-04,P013,C0006,1,0,35,UPI
S0006911,2026-07-04,P001,,2,2,616,CARD
S0006912,2026-07-04,P022,C0032,1,0,105,CREDIT
S0006913,2026-07-04,P004,C0093,2,0,290,CASH
S0006914,2026-07-04,P015,,1,0,38,UPI
S0006915,2026-07-04,P017,C0041,6,0,540,UPI
S0006916,2026-07-04,P022,C0072,2,2,206,CARD
S0006917,2026-07-04,P023,C0043,2,0,100,CASH
S0006918,2026-07-04,P019,C0040,1,10,62,CASH
S0006919,2026-07-04,P001,C0082,1,0,310,CARD
S0006920,2026-07-04,P022,C0009,6,0,630,CARD
S0006921,2026-07-04,P007,C0098,1,0,110,CASH
S0006922,2026-07-04,P009,C0053,2,0,50,UPI
S0006923,2026-07-04,P015,C0049,2,0,76,CARD
S0006924,2026-07-04,P010,,1,2,16,CARD
S0006925,2026-07-04,P013,C0057,3,0,105,CASH
S0006926,2026-07-04,P023,C0013,2,0,100,UPI
S0006927,2026-07-05,P018,C0035,1,0,95,UPI
S0006928,2026-07-05,P005,C0099,4,5,188,UPI
S0006929,2026-07-05,P023,C0020,2,2,96,CASH
S0006930,2026-07-05,P021,C0066,1,0,30,CREDIT
S0006931,2026-07-05,P020,C0037,1,10,40,UPI
S0006932,2026-07-05,P005,C0019,2,0,104,UPI
S0006933,2026-07-05,P017,C0065,2,0,180,UPI
S0006934,2026-07-05,P016,C0089,1,0,135,CARD
S0006935,2026-07-05,P005,C0030,1,0,52,CARD
S0006936,2026-07-05,P021,C0053,1,0,30,CARD
S0006937,2026-07-05,P006,C0045,2,0,50,CREDIT
S0006938,2026-07-05,P001,C0038,6,0,1860,UPI
S0006939,2026-07-05,P006,C0013,1,2,23,CASH
S0006940,2026-07-05,P018,C0043,2,5,180,UPI
S0006941,2026-07-05,P018,C0088,2,0,190,CREDIT
S0006942,2026-07-05,P003,C0023,2,5,300,CARD
S0006943,2026-07-05,P012,C0003,1,2,50,CARD
S0006944,2026-07-05,P022,,3,10,285,CREDIT
S0006945,2026-07-05,P004,C0008,2,0,290,CREDIT
S0006946,2026-07-05,P020,C0029,2,0,100,UPI
S0006947,2026-07-05,P009,C0053,1,0,25,UPI
S0006948,2026-07-05,P002,C0017,1,0,255,CASH
S0006949,2026-07-05,P017,C0059,1,0,90,UPI
S0006950,2026-07-05,P001,C0093,3,0,930,CASH
S0006951,2026-07-05,P007,C0073,1,0,110,CREDIT
S0006952,2026-07-05,P003,C0012,2,0,310,CASH
S0006953,2026-07-05,P001,,1,5,305,CARD
S0006954,2026-07-05,P018,C0048,1,5,90,UPI
S0006955,2026-07-05,P016,C0055,2,5,260,CREDIT
S0006956,2026-07-05,P011,,1,0,15,CARD
S0006957,2026-07-05,P010,C0093,1,0,18,UPI
S0006958,2026-07-05,P010,C0023,1,5,13,CASH
S0006959,2026-07-05,P015,C0029,2,0,76,CARD
S0006960,2026-07-05,P013,C0004,2,10,50,UPI
S0006961,2026-07-05,P020,C0043,1,0,50,CASH
S0006962,2026-07-06,P001,C0064,1,0,310,CASH
S0006963,2026-07-06,P024,C0063,1,0,32,CASH
S0006964,2026-07-06,P009,C0045,4,0,100,CREDIT
S0006965,2026-07-06,P003,C0053,1,0,155,CASH
S0006966,2026-07-06,P006,C0097,1,0,25,UPI
S0006967,2026-07-06,P024,C0017,1,5,27,CREDIT
S0006968,2026-07-06,P022,C0051,1,0,105,CREDIT
S0006969,2026-07-06,P001,C0051,2,2,616,CREDIT
S0006970,2026-07-06,P023,C0050,1,10,40,CARD
S0006971,2026-07-06,P023,C0052,1,10,40,CASH
S0006972,2026-07-06,P005,C0010,2,0,104,CREDIT
S0006973,2026-07-06,P014,C0070,1,10,35,CREDIT
S0006974,2026-07-06,P017,,3,10,240,CARD
S0006975,2026-07-06,P020,C0061,2,0,100,CREDIT
S0006976,2026-07-06,P003,C0021,1,5,150,UPI
S0006977,2026-07-06,P021,C0047,2,0,60,UPI
S0006978,2026-07-06,P002,,1,0,255,UPI
S0006979,2026-07-06,P017,C0065,2,0,180,CREDIT
S0006980,2026-07-06,P010,C0017,2,0,36,CASH
S0006981,2026-07-06,P011,C0035,1,10,5,CASH
S0006982,2026-07-06,P010,C0040,2,0,36,CREDIT
S0006983,2026-07-06,P024,C0049,4,10,88,CASH
S0006984,2026-07-06,P004,C0012,6,0,870,CARD
S0006985,2026-07-06,P021,,2,0,60,CARD
S0006986,2026-07-06,P020,C0097,1,5,45,CARD
S0006987,2026-07-06,P006,C0033,1,0,25,CASH
S0006988,2026-07-06,P001,C0085,1,0,310,CARD
S0006989,2026-07-06,P010,,2,5,26,UPI
S0006990,2026-07-06,P004,C0086,1,0,145,CREDIT
S0006991,2026-07-06,P007,C0071,4,2,432,UPI
S0006992,2026-07-06,P017,C0060,1,0,90,CASH
S0006993,2026-07-06,P001,C0086,1,10,300,CREDIT
S0006994,2026-07-06,P008,C0029,1,0,95,CARD
S0006995,2026-07-06,P022,,3,2,309,CARD
S0006996,2026-07-07,P017,,1,10,80,CASH
S0006997,2026-07-07,P024,C0068,3,0,96,CARD
S0006998,2026-07-07,P019,C0054,1,10,62,UPI
S0006999,2026-07-07,P013,C0034,4,0,140,UPI
S0007000,2026-07-07,P012,C0013,2,10,84,UPI
S0007001,2026-07-07,P002,C0012,1,0,255,CASH
S0007002,2026-07-07,P012,C0026,2,0,104,CARD
S0007003,2026-07-07,P003,C0093,2,10,290,CASH
S0007004,2026-07-07,P008,C0004,1,10,85,UPI
S0007005,2026-07-07,P023,C0007,4,0,200,CARD
S0007006,2026-07-07,P020,C0068,2,5,90,CREDIT
S0007007,2026-07-07,P001,C0031,1,10,300,CREDIT
S0007008,2026-07-07,P005,C0092,1,0,52,CREDIT
S0007009,2026-07-07,P002,C0026,2,0,510,CASH
S0007010,2026-07-07,P002,C0026,2,5,500,UPI
S0007011,2026-07-07,P020,C0071,1,0,50,UPI
S0007012,2026-07-07,P003,,2,0,310,CARD
S0007013,2026-07-07,P002,C0027,2,0,510,CARD
S0007014,2026-07-07,P016,C0015,5,10,625,CASH
S0007015,2026-07-07,P004,C0089,2,10,270,CREDIT
S0007016,2026-07-07,P024,C0076,3,0,96,CREDIT
S0007017,2026-07-07,P021,C0054,1,2,28,UPI
S0007018,2026-07-07,P024,,1,0,32,CREDIT
S0007019,2026-07-07,P005,C0046,1,10,42,UPI
S0007020,2026-07-07,P024,C0034,2,2,60,UPI
S0007021,2026-07-07,P019,C0037,4,5,268,CREDIT
S0007022,2026-07-07,P017,,1,0,90,CARD
S0007023,2026-07-07,P001,C0016,1,5,305,UPI
S0007024,2026-07-07,P007,C0044,4,0,440,CASH
S0007025,2026-07-07,P011,C0022,1,2,13,UPI
S0007026,2026-07-07,P001,,2,0,620,CASH
S0007027,2026-07-07,P018,C0087,2,2,186,CREDIT
S0007028,2026-07-07,P017,C0001,3,5,255,CREDIT
S0007029,2026-07-07,P005,C0060,1,10,42,UPI
S0007030,2026-07-07,P023,C0060,1,0,50,UPI
S0007031,2026-07-07,P014,C0055,2,0,90,UPI
S0007032,2026-07-07,P018,C0066,5,5,450,UPI
S0007033,2026-07-07,P020,,1,0,50,CASH
S0007034,2026-07-08,P005,C0087,5,0,260,CREDIT
S0007035,2026-07-08,P009,C0063,3,0,75,UPI
S0007036,2026-07-08,P018,C0063,6,0,570,CARD
S0007037,2026-07-08,P008,C0058,1,0,95,CREDIT
S0007038,2026-07-08,P018,C0014,1,10,85,UPI
S0007039,2026-07-08,P006,C0037,2,10,30,UPI
S0007040,2026-07-08,P022,C0092,3,5,300,CARD
S0007041,2026-07-08,P012,,1,0,52,UPI
S0007042,2026-07-08,P001,C0084,1,0,310,CARD
S0007043,2026-07-08,P022,C0038,3,10,285,CASH
S0007044,2026-07-08,P005,,1,0,52,CREDIT
S0007045,2026-07-08,P006,,1,0,25,UPI
S0007046,2026-07-08,P013,C0005,2,2,66,CREDIT
S0007047,2026-07-08,P020,C0098,2,5,90,CREDIT
S0007048,2026-07-08,P018,,3,0,285,CREDIT
S0007049,2026-07-08,P009,C0086,1,0,25,CREDIT
S0007050,2026-07-08,P001,,2,0,620,CREDIT
S0007051,2026-07-08,P022,C0046,2,5,200,UPI
S0007052,2026-07-08,P014,C0089,2,2,86,UPI
S0007053,2026-07-08,P008,,2,2,186,CARD
S0007054,2026-07-08,P023,,1,5,45,CASH
S0007055,2026-07-08,P003,C0008,1,0,155,UPI
S0007056,2026-07-08,P014,,1,0,45,CASH
S0007057,2026-07-08,P013,C0001,1,0,35,CREDIT
S0007058,2026-07-08,P001,C0026,2,0,620,CARD
S0007059,2026-07-08,P002,C0084,4,10,980,CARD
S0007060,2026-07-08,P006,,3,0,75,CASH
S0007061,2026-07-08,P023,C0089,3,5,135,UPI
S0007062,2026-07-08,P020,,1,2,48,CASH
S0007063,2026-07-08,P019,C0037,1,0,72,CARD
S0007064,2026-07-08,P017,C0029,1,0,90,UPI
S0007065,2026-07-08,P001,,1,0,310,UPI
S0007066,2026-07-09,P024,C0077,6,0,192,UPI
S0007067,2026-07-09,P001,,1,0,310,CASH
S0007068,2026-07-09,P002,C0013,1,0,255,CARD
S0007069,2026-07-09,P003,C0061,3,0,465,CARD
S0007070,2026-07-09,P023,C0050,1,2,48,CARD
S0007071,2026-07-09,P013,,3,5,90,CASH
S0007072,2026-07-09,P008,,3,5,270,CARD
S0007073,2026-07-09,P008,C0071,5,0,475,UPI
S0007074,2026-07-09,P003,C0042,1,0,155,UPI
S0007075,2026-07-09,P004,C0036,2,10,270,CREDIT
S0007076,2026-07-09,P014,C0099,2,0,90,CASH
S0007077,2026-07-09,P016,,2,2,266,CREDIT
S0007078,2026-07-09,P004,C0061,2,0,290,CASH
S0007079,2026-07-09,P018,C0042,1,0,95,UPI
S0007080,2026-07-09,P005,C0099,2,2,100,UPI
S0007081,2026-07-09,P015,C0043,2,0,76,UPI
S0007082,2026-07-09,P005,C0076,3,0,156,CARD
S0007083,2026-07-09,P019,C0065,3,0,216,UPI
S0007084,2026-07-09,P011,C0034,2,0,30,CASH
S0007085,2026-07-09,P013,C0082,1,10,25,UPI
S0007086,2026-07-09,P022,C0077,3,10,285,CREDIT
S0007087,2026-07-09,P006,C0094,2,0,50,CREDIT
S0007088,2026-07-09,P001,C0038,4,0,1240,CARD
S0007089,2026-07-09,P014,C0095,4,10,140,CARD
S0007090,2026-07-09,P009,C0099,1,0,25,CREDIT
S0007091,2026-07-09,P015,C0005,3,0,114,CARD
S0007092,2026-07-09,P003,C0014,1,0,155,UPI
S0007093,2026-07-09,P015,C0008,1,0,38,CREDIT
S0007094,2026-07-09,P004,C0050,2,0,290,CARD
S0007095,2026-07-09,P021,C0069,1,0,30,CASH
S0007096,2026-07-09,P016,C0093,3,5,390,UPI
S0007097,2026-07-10,P007,C0063,4,0,440,CARD
S0007098,2026-07-10,P010,C0068,3,0,54,UPI
S0007099,2026-07-10,P006,C0038,2,0,50,UPI
S0007100,2026-07-10,P010,,1,2,16,CARD
S0007101,2026-07-10,P023,C0086,1,0,50,CASH
S0007102,2026-07-10,P013,C0021,1,0,35,CASH
S0007103,2026-07-10,P011,C0099,2,0,30,CREDIT
S0007104,2026-07-10,P022,C0052,2,2,206,CASH
S0007105,2026-07-10,P015,C0072,1,0,38,CARD
S0007106,2026-07-10,P002,C0054,3,0,765,CREDIT
S0007107,2026-07-10,P009,C0002,2,0,50,CREDIT
S0007108,2026-07-10,P021,C0088,1,0,30,CASH
S0007109,2026-07-10,P005,C0009,1,0,52,CASH
S0007110,2026-07-10,P011,C0094,3,0,45,CREDIT
S0007111,2026-07-10,P016,C0089,3,0,405,CASH
S0007112,2026-07-10,P012,C0017,4,2,200,CASH
S0007113,2026-07-10,P017,C0093,1,0,90,CREDIT
S0007114,2026-07-10,P020,C0053,6,0,300,UPI
S0007115,2026-07-10,P009,,1,2,23,CREDIT
S0007116,2026-07-10,P019,C0030,1,5,67,CASH
S0007117,2026-07-10,P002,C0043,6,5,1500,CARD
S0007118,2026-07-10,P008,C0001,1,0,95,CARD
S0007119,2026-07-10,P001,C0068,2,5,610,CASH
S0007120,2026-07-10,P016,C0074,1,0,135,CREDIT
S0007121,2026-07-10,P024,,2,0,64,CARD
S0007122,2026-07-10,P020,C0058,4,10,160,CREDIT
S0007123,2026-07-10,P009,C0002,1,10,15,CARD
S0007124,2026-07-10,P007,C0084,2,5,210,CARD
S0007125,2026-07-10,P014,C0008,1,0,45,CREDIT
S0007126,2026-07-10,P017,,2,2,176,CREDIT
S0007127,2026-07-10,P016,C0044,1,5,130,CARD
S0007128,2026-07-10,P009,C0056,1,0,25,UPI
S0007129,2026-07-10,P019,,1,5,67,UPI
S0007130,2026-07-10,P008,,1,10,85,CARD
S0007131,2026-07-10,P005,C0024,4,10,168,CREDIT
S0007132,2026-07-10,P007,C0052,1,10,100,CASH
S0007133,2026-07-10,P015,C0027,1,5,33,CASH
S0007134,2026-07-10,P002,C0023,2,5,500,CASH
S0007135,2026-07-10,P021,C0062,1,0,30,UPI
S0007136,2026-07-10,P004,C0010,3,10,405,CREDIT
S0007137,2026-07-10,P012,,6,5,282,CREDIT
S0007138,2026-07-10,P014,C0016,2,2,86,CREDIT
S0007139,2026-07-10,P004,C0022,4,0,580,UPI
S0007140,2026-07-10,P010,C0079,2,0,36,CARD
S0007141,2026-07-10,P004,C0035,1,0,145,CREDIT
S0007142,2026-07-10,P019,C0030,2,2,140,UPI
S0007143,2026-07-10,P012,C0014,2,0,104,CREDIT
S0007144,2026-07-10,P019,C0027,2,0,144,CASH
S0007145,2026-07-11,P006,,4,0,100,CASH
S0007146,2026-07-11,P024,C0073,3,0,96,UPI
S0007147,2026-07-11,P004,C0024,2,0,290,CREDIT
S0007148,2026-07-11,P009,,2,0,50,UPI
S0007149,2026-07-11,P002,C0070,1,0,255,UPI
S0007150,2026-07-11,P003,C0060,6,0,930,UPI
S0007151,2026-07-11,P007,C0011,2,10,200,CREDIT
S0007152,2026-07-11,P007,,1,0,110,UPI
S0007153,2026-07-11,P011,C0002,1,5,10,UPI
S0007154,2026-07-11,P010,C0026,2,2,32,CASH
S0007155,2026-07-11,P006,,1,0,25,CREDIT
S0007156,2026-07-11,P006,,1,0,25,CARD
S0007157,2026-07-11,P013,C0029,2,2,66,UPI
S0007158,2026-07-11,P015,C0073,1,0,38,CARD
S0007159,2026-07-11,P015,C0031,2,0,76,UPI
S0007160,2026-07-11,P018,C0073,1,0,95,UPI
S0007161,2026-07-11,P024,C0097,1,0,32,CARD
S0007162,2026-07-11,P009,C0021,2,0,50,CARD
S0007163,2026-07-11,P020,C0079,2,5,90,CARD
S0007164,2026-07-11,P004,C0078,1,5,140,CASH
S0007165,2026-07-11,P024,C0029,1,2,30,CASH
S0007166,2026-07-11,P015,C0021,2,5,66,CREDIT
S0007167,2026-07-11,P006,,1,2,23,UPI
S0007168,2026-07-11,P006,C0016,1,2,23,CREDIT
S0007169,2026-07-11,P008,C0084,1,0,95,UPI
S0007170,2026-07-11,P010,C0073,3,10,24,CREDIT
S0007171,2026-07-11,P002,,3,0,765,CREDIT
S0007172,2026-07-11,P023,C0058,3,0,150,CREDIT
S0007173,2026-07-11,P021,,3,0,90,CASH
S0007174,2026-07-11,P015,C0022,2,10,56,CARD
S0007175,2026-07-11,P012,C0076,2,0,104,CREDIT
S0007176,2026-07-11,P009,C0096,2,2,46,CARD
S0007177,2026-07-11,P001,C0093,1,0,310,UPI
S0007178,2026-07-11,P017,C0070,2,10,160,CREDIT
S0007179,2026-07-11,P010,C0001,3,10,24,CREDIT
S0007180,2026-07-11,P024,C0047,2,0,64,CREDIT
S0007181,2026-07-11,P001,C0006,1,0,310,UPI
S0007182,2026-07-11,P022,,1,5,100,UPI
S0007183,2026-07-11,P019,,2,10,124,CASH
S0007184,2026-07-11,P020,C0022,2,0,100,CASH
S0007185,2026-07-11,P003,C0100,4,0,620,CARD
S0007186,2026-07-11,P008,C0005,1,2,93,CARD
S0007187,2026-07-11,P009,C0074,3,2,69,UPI
S0007188,2026-07-11,P019,C0023,2,0,144,CASH
S0007189,2026-07-11,P012,C0032,4,0,208,CASH
S0007190,2026-07-11,P006,C0022,2,0,50,CASH
S0007191,2026-07-11,P012,C0006,2,0,104,CASH
S0007192,2026-07-11,P012,,2,5,94,CARD
S0007193,2026-07-11,P012,C0008,3,10,126,UPI
S0007194,2026-07-11,P020,C0029,5,5,225,CARD
S0007195,2026-07-11,P010,,1,0,18,UPI
S0007196,2026-07-11,P008,C0052,1,10,85,CARD
S0007197,2026-07-11,P023,C0027,5,10,200,CASH
S0007198,2026-07-11,P008,,2,0,190,CASH
S0007199,2026-07-11,P010,C0032,2,10,16,CREDIT
S0007200,2026-07-11,P006,C0055,2,2,46,CASH
S0007201,2026-07-11,P001,C0069,1,10,300,UPI
S0007202,2026-07-11,P012,C0096,3,2,150,CASH
S0007203,2026-07-11,P004,,3,0,435,CARD
S0007204,2026-07-11,P009,C0021,1,0,25,UPI
S0007205,2026-07-11,P015,C0043,1,10,28,CREDIT
S0007206,2026-07-11,P011,C0079,3,10,15,CASH
S0007207,2026-07-11,P002,C0019,1,0,255,CASH
S0007208,2026-07-11,P016,C0026,4,0,540,UPI
S0007209,2026-07-11,P016,C0040,1,0,135,CARD
S0007210,2026-07-11,P009,C0009,2,0,50,UPI
S0007211,2026-07-12,P013,C0077,1,0,35,CARD
S0007212,2026-07-12,P021,C0073,2,0,60,CASH
S0007213,2026-07-12,P015,C0080,1,0,38,UPI
S0007214,2026-07-12,P019,C0024,1,0,72,CREDIT
S0007215,2026-07-12,P015,C0090,6,0,228,CASH
S0007216,2026-07-12,P004,C0048,3,0,435,CASH
S0007217,2026-07-12,P024,C0017,2,0,64,CREDIT
S0007218,2026-07-12,P009,C0041,1,0,25,CASH
S0007219,2026-07-12,P022,C0066,1,10,95,CREDIT
S0007220,2026-07-12,P009,C0014,1,0,25,CASH
S0007221,2026-07-12,P023,,2,0,100,CREDIT
S0007222,2026-07-12,P004,,3,0,435,CASH
S0007223,2026-07-12,P001,C0074,2,0,620,CASH
S0007224,2026-07-12,P022,,4,5,400,CARD
S0007225,2026-07-12,P011,C0018,1,10,5,CARD
S0007226,2026-07-12,P002,C0022,1,0,255,UPI
S0007227,2026-07-12,P003,C0089,1,0,155,CASH
S0007228,2026-07-12,P011,C0002,2,0,30,CARD
S0007229,2026-07-12,P004,C0027,1,0,145,CASH
S0007230,2026-07-12,P004,C0082,5,2,715,UPI
S0007231,2026-07-12,P010,C0086,1,0,18,UPI
S0007232,2026-07-12,P017,C0057,5,10,400,CREDIT
S0007233,2026-07-12,P019,C0082,2,0,144,CASH
S0007234,2026-07-12,P009,C0078,6,0,150,CASH
S0007235,2026-07-12,P012,C0095,2,5,94,CARD
S0007236,2026-07-12,P005,C0012,5,0,260,CASH
S0007237,2026-07-12,P023,C0033,1,10,40,CARD
S0007238,2026-07-12,P023,,3,2,144,UPI
S0007239,2026-07-12,P019,C0095,4,0,288,UPI
S0007240,2026-07-12,P010,C0070,1,10,8,CREDIT
S0007241,2026-07-12,P016,C0056,1,0,135,CREDIT
S0007242,2026-07-12,P021,,2,0,60,CASH
S0007243,2026-07-12,P007,C0097,5,0,550,CASH
S0007244,2026-07-12,P019,C0072,2,2,140,CREDIT
S0007245,2026-07-12,P012,C0046,2,0,104,UPI
S0007246,2026-07-12,P006,C0060,1,0,25,CARD
S0007247,2026-07-12,P014,C0008,1,0,45,CARD
S0007248,2026-07-12,P021,,3,2,84,CARD
S0007249,2026-07-12,P024,C0068,1,2,30,CASH
S0007250,2026-07-12,P024,C0022,2,2,60,CARD
S0007251,2026-07-12,P023,C0091,4,0,200,CREDIT
S0007252,2026-07-12,P005,,1,0,52,CASH
S0007253,2026-07-12,P001,C0066,2,5,610,CARD
S0007254,2026-07-12,P013,C0017,1,0,35,CASH
S0007255,2026-07-12,P012,,2,0,104,CASH
S0007256,2026-07-12,P021,C0041,1,10,20,CARD
S0007257,2026-07-12,P003,C0075,3,10,435,CREDIT
S0007258,2026-07-12,P006,C0021,1,2,23,CASH
S0007259,2026-07-12,P006,C0045,2,10,30,UPI
S0007260,2026-07-12,P004,C0024,2,2,286,CARD
S0007261,2026-07-12,P024,C0085,1,10,22,CREDIT
S0007262,2026-07-12,P006,,3,10,45,CARD
S0007263,2026-07-12,P015,C0071,1,0,38,CREDIT
S0007264,2026-07-12,P007,C0098,2,2,216,CARD
S0007265,2026-07-12,P006,C0002,1,5,20,UPI
S0007266,2026-07-12,P006,C0021,2,10,30,CASH
S0007267,2026-07-12,P009,C0037,1,0,25,CASH
S0007268,2026-07-12,P020,,2,0,100,UPI
S0007269,2026-07-12,P020,C0084,1,5,45,CREDIT
S0007270,2026-07-12,P013,,3,0,105,CREDIT
S0007271,2026-07-12,P002,C0053,1,0,255,CREDIT
S0007272,2026-07-12,P001,,4,0,1240,CARD
S0007273,2026-07-12,P002,C0047,4,2,1012,CREDIT
S0007274,2026-07-12,P007,C0009,1,0,110,CREDIT
S0007275,2026-07-12,P010,C0006,2,5,26,UPI
S0007276,2026-07-12,P023,C0079,1,0,50,UPI
S0007277,2026-07-12,P002,C0098,1,5,250,UPI
S0007278,2026-07-12,P019,C0032,3,0,216,CARD
S0007279,2026-07-12,P007,C0080,2,2,216,CASH
S0007280,2026-07-12,P005,C0039,2,0,104,CREDIT
S0007281,2026-07-12,P003,C0076,1,0,155,CASH
S0007282,2026-07-13,P013,C0001,3,10,75,UPI
S0007283,2026-07-13,P014,,2,0,90,CASH
S0007284,2026-07-13,P015,C0085,3,0,114,UPI
S0007285,2026-07-13,P011,C0036,1,0,15,CREDIT
S0007286,2026-07-13,P004,C0096,1,5,140,CREDIT
S0007287,2026-07-13,P002,C0056,1,0,255,CASH
S0007288,2026-07-13,P013,C0028,1,0,35,CARD
S0007289,2026-07-13,P001,C0074,1,0,310,CARD
S0007290,2026-07-13,P008,C0023,3,0,285,CASH
S0007291,2026-07-13,P009,C0012,4,0,100,CREDIT
S0007292,2026-07-13,P014,C0019,2,5,80,CASH
S0007293,2026-07-13,P022,C0027,2,0,210,CASH
S0007294,2026-07-13,P014,C0002,1,0,45,CARD
S0007295,2026-07-13,P010,C0012,4,5,52,CREDIT
S0007296,2026-07-13,P010,C0026,1,0,18,UPI
S0007297,2026-07-13,P013,C0036,5,0,175,CARD
S0007298,2026-07-13,P004,C0026,2,5,280,CREDIT
S0007299,2026-07-13,P006,C0061,1,0,25,CREDIT
S0007300,2026-07-13,P017,C0062,5,0,450,CREDIT
S0007301,2026-07-13,P002,,1,0,255,CASH
S0007302,2026-07-13,P009,C0038,2,2,46,CASH
S0007303,2026-07-13,P020,,2,0,100,CARD
S0007304,2026-07-13,P014,C0009,1,10,35,CREDIT
S0007305,2026-07-13,P011,C0044,2,10,10,UPI
S0007306,2026-07-13,P017,C0057,2,2,176,UPI
S0007307,2026-07-13,P003,,3,10,435,CREDIT
S0007308,2026-07-13,P020,C0073,1,2,48,CASH
S0007309,2026-07-13,P006,C0090,5,0,125,CASH
S0007310,2026-07-13,P002,C0037,1,0,255,CASH
S0007311,2026-07-13,P015,C0035,1,0,38,CARD
S0007312,2026-07-13,P003,C0064,1,10,145,CASH
S0007313,2026-07-13,P008,C0045,1,0,95,CREDIT
S0007314,2026-07-13,P011,C0026,1,10,5,CREDIT
S0007315,2026-07-13,P019,C0058,6,0,432,UPI
S0007316,2026-07-13,P006,,1,0,25,CARD
S0007317,2026-07-13,P018,C0096,1,0,95,CASH
S0007318,2026-07-13,P013,C0098,1,10,25,CASH
S0007319,2026-07-13,P014,C0073,3,2,129,UPI
S0007320,2026-07-13,P009,C0060,4,5,80,CASH
S0007321,2026-07-13,P007,C0056,1,2,108,CARD
S0007322,2026-07-13,P003,C0002,1,5,150,UPI
S0007323,2026-07-13,P020,C0030,1,0,50,CARD
S0007324,2026-07-13,P021,C0062,1,0,30,CARD
S0007325,2026-07-13,P006,C0051,1,0,25,CARD
S0007326,2026-07-14,P008,C0100,2,0,190,UPI
S0007327,2026-07-14,P002,C0100,1,2,253,CASH
S0007328,2026-07-14,P016,C0010,5,2,665,CARD
S0007329,2026-07-14,P022,C0007,4,0,420,CARD
S0007330,2026-07-14,P016,C0083,2,10,250,CREDIT
S0007331,2026-07-14,P024,C0038,1,0,32,CASH
S0007332,2026-07-14,P015,,1,2,36,CARD
S0007333,2026-07-14,P009,C0059,1,0,25,UPI
S0007334,2026-07-14,P013,C0049,3,5,90,UPI
S0007335,2026-07-14,P018,C0058,2,10,170,CARD
S0007336,2026-07-14,P014,,4,0,180,CREDIT
S0007337,2026-07-14,P015,C0087,5,0,190,CREDIT
S0007338,2026-07-14,P008,C0071,1,0,95,UPI
S0007339,2026-07-14,P012,C0039,2,5,94,UPI
S0007340,2026-07-14,P017,,1,0,90,UPI
S0007341,2026-07-14,P002,C0058,1,0,255,CREDIT
S0007342,2026-07-14,P023,C0074,1,0,50,UPI
S0007343,2026-07-14,P001,C0067,1,10,300,CARD
S0007344,2026-07-14,P011,C0090,4,0,60,CREDIT
S0007345,2026-07-14,P021,,1,10,20,CREDIT
S0007346,2026-07-14,P001,C0031,2,0,620,CARD
S0007347,2026-07-14,P014,,2,10,70,CREDIT
S0007348,2026-07-14,P002,,2,0,510,UPI
S0007349,2026-07-14,P008,C0032,1,5,90,CREDIT
S0007350,2026-07-14,P009,C0076,4,0,100,CASH
S0007351,2026-07-14,P007,C0051,2,0,220,CREDIT
S0007352,2026-07-14,P021,C0086,2,0,60,CASH
S0007353,2026-07-14,P001,C0052,1,10,300,CREDIT
S0007354,2026-07-14,P023,,2,10,80,UPI
S0007355,2026-07-14,P018,C0024,3,0,285,CASH
S0007356,2026-07-14,P014,,2,0,90,CREDIT
S0007357,2026-07-14,P019,C0036,3,5,201,UPI
S0007358,2026-07-14,P020,C0099,2,0,100,CREDIT
S0007359,2026-07-14,P017,C0065,1,5,85,CREDIT
S0007360,2026-07-14,P011,C0065,1,0,15,CARD
S0007361,2026-07-14,P022,,1,2,103,UPI
S0007362,2026-07-14,P013,C0097,2,0,70,CASH
S0007363,2026-07-14,P019,C0027,3,0,216,CARD
S0007364,2026-07-14,P022,C0022,1,10,95,CREDIT
S0007365,2026-07-14,P013,C0095,2,0,70,CARD
S0007366,2026-07-14,P021,,2,0,60,UPI
S0007367,2026-07-14,P022,C0039,1,5,100,CASH
S0007368,2026-07-14,P005,C0016,1,10,42,CREDIT
S0007369,2026-07-14,P002,C0083,1,0,255,CREDIT
S0007370,2026-07-14,P023,C0010,1,10,40,CREDIT
S0007371,2026-07-15,P022,C0057,1,5,100,UPI
S0007372,2026-07-15,P014,C0027,2,0,90,CASH
S0007373,2026-07-15,P002,C0009,1,10,245,CREDIT
S0007374,2026-07-15,P006,,6,2,138,UPI
S0007375,2026-07-15,P016,,1,0,135,CASH
S0007376,2026-07-15,P017,C0079,1,10,80,UPI
S0007377,2026-07-15,P022,,1,2,103,CASH
S0007378,2026-07-15,P016,C0072,1,0,135,CASH
S0007379,2026-07-15,P014,C0042,3,5,120,CASH
S0007380,2026-07-15,P008,C0012,1,0,95,CREDIT
S0007381,2026-07-15,P024,C0069,5,0,160,CREDIT
S0007382,2026-07-15,P010,C0034,4,2,64,CASH
S0007383,2026-07-15,P013,C0038,2,2,66,CASH
S0007384,2026-07-15,P001,C0092,2,0,620,CASH
S0007385,2026-07-15,P003,C0099,2,5,300,CASH
S0007386,2026-07-15,P011,C0088,1,0,15,UPI
S0007387,2026-07-15,P004,C0046,2,0,290,CREDIT
S0007388,2026-07-15,P015,C0049,1,0,38,CASH
S0007389,2026-07-15,P003,C0044,1,2,153,CREDIT
S0007390,2026-07-15,P007,C0048,2,0,220,CARD
S0007391,2026-07-15,P020,C0021,2,2,96,CARD
S0007392,2026-07-15,P008,,4,2,372,CARD
S0007393,2026-07-15,P022,C0032,1,10,95,UPI
S0007394,2026-07-15,P023,,3,0,150,UPI
S0007395,2026-07-15,P015,C0069,1,5,33,UPI
S0007396,2026-07-15,P014,C0065,1,0,45,UPI
S0007397,2026-07-15,P013,C0049,1,5,30,CARD
S0007398,2026-07-15,P022,C0087,1,0,105,UPI
S0007399,2026-07-15,P011,C0068,1,5,10,UPI
S0007400,2026-07-16,P004,C0084,2,0,290,CARD
S0007401,2026-07-16,P019,C0085,2,5,134,CASH
S0007402,2026-07-16,P021,C0012,4,2,112,CARD
S0007403,2026-07-16,P001,C0058,3,0,930,UPI
S0007404,2026-07-16,P004,C0007,2,0,290,CASH
S0007405,2026-07-16,P014,C0039,1,5,40,UPI
S0007406,2026-07-16,P015,C0027,4,0,152,UPI
S0007407,2026-07-16,P017,C0070,2,5,170,UPI
S0007408,2026-07-16,P017,,1,5,85,UPI
S0007409,2026-07-16,P015,C0052,1,0,38,CASH
S0007410,2026-07-16,P017,C0077,3,0,270,CREDIT
S0007411,2026-07-16,P018,C0084,1,0,95,CARD
S0007412,2026-07-16,P010,C0068,6,10,48,CARD
S0007413,2026-07-16,P001,,1,5,305,UPI
S0007414,2026-07-16,P015,C0067,3,0,114,CARD
S0007415,2026-07-16,P019,C0083,1,0,72,CREDIT
S0007416,2026-07-16,P021,C0012,2,0,60,UPI
S0007417,2026-07-16,P014,C0001,4,2,172,CREDIT
S0007418,2026-07-16,P019,C0015,1,5,67,CREDIT
S0007419,2026-07-16,P004,,2,0,290,CREDIT
S0007420,2026-07-16,P013,C0017,1,0,35,UPI
S0007421,2026-07-16,P018,C0068,1,0,95,CASH
S0007422,2026-07-16,P001,C0080,1,0,310,UPI
S0007423,2026-07-16,P015,C0082,2,0,76,CASH
S0007424,2026-07-16,P014,C0087,1,0,45,CARD
S0007425,2026-07-16,P009,C0028,1,0,25,CARD
S0007426,2026-07-16,P020,C0081,1,0,50,CASH
S0007427,2026-07-16,P021,C0043,2,0,60,CREDIT
S0007428,2026-07-16,P001,C0023,3,0,930,UPI
S0007429,2026-07-16,P024,C0038,1,5,27,CASH
S0007430,2026-07-16,P010,C0085,1,0,18,CARD
S0007431,2026-07-16,P007,C0077,5,0,550,UPI
S0007432,2026-07-16,P019,,1,0,72,CASH
S0007433,2026-07-16,P008,C0047,4,0,380,CASH
S0007434,2026-07-16,P001,C0071,4,0,1240,CARD
S0007435,2026-07-16,P019,C0052,3,0,216,UPI
S0007436,2026-07-16,P008,C0049,1,2,93,CREDIT
S0007437,2026-07-16,P001,,3,0,930,CARD
S0007438,2026-07-16,P008,C0041,3,0,285,CASH
S0007439,2026-07-16,P023,C0006,2,0,100,CARD
S0007440,2026-07-16,P012,C0090,1,0,52,CREDIT
S0007441,2026-07-16,P009,C0097,1,2,23,UPI
S0007442,2026-07-16,P023,,1,2,48,CREDIT
S0007443,2026-07-16,P012,C0036,2,10,84,UPI
S0007444,2026-07-16,P008,C0052,2,10,170,CARD
S0007445,2026-07-16,P017,C0019,1,2,88,UPI
S0007446,2026-07-16,P012,C0092,2,10,84,CREDIT
S0007447,2026-07-17,P016,C0067,4,0,540,CARD
S0007448,2026-07-17,P009,C0052,1,5,20,CREDIT
S0007449,2026-07-17,P005,C0017,1,0,52,CASH
S0007450,2026-07-17,P014,C0049,1,0,45,CREDIT
S0007451,2026-07-17,P015,C0100,2,2,72,CREDIT
S0007452,2026-07-17,P010,C0010,3,2,48,CASH
S0007453,2026-07-17,P012,C0040,5,2,250,CREDIT
S0007454,2026-07-17,P022,C0018,1,0,105,UPI
S0007455,2026-07-17,P009,C0078,5,0,125,CREDIT
S0007456,2026-07-17,P006,C0053,1,0,25,CASH
S0007457,2026-07-17,P001,C0054,2,0,620,CREDIT
S0007458,2026-07-17,P003,,1,0,155,CREDIT
S0007459,2026-07-17,P006,,4,0,100,CARD
S0007460,2026-07-17,P013,C0076,2,2,66,CASH
S0007461,2026-07-17,P019,C0078,2,5,134,CASH
S0007462,2026-07-17,P007,C0097,3,0,330,CREDIT
S0007463,2026-07-17,P013,C0066,1,2,33,CREDIT
S0007464,2026-07-17,P023,C0058,1,0,50,CASH
S0007465,2026-07-17,P012,C0056,4,10,168,UPI
S0007466,2026-07-17,P010,C0032,1,0,18,CARD
S0007467,2026-07-17,P017,C0007,1,0,90,CARD
S0007468,2026-07-17,P020,C0032,2,10,80,UPI
S0007469,2026-07-17,P011,C0078,2,0,30,CASH
S0007470,2026-07-17,P020,C0020,1,0,50,CASH
S0007471,2026-07-17,P013,C0004,1,0,35,UPI
S0007472,2026-07-17,P003,C0039,1,0,155,UPI
S0007473,2026-07-17,P021,C0090,2,5,50,CREDIT
S0007474,2026-07-17,P013,,4,0,140,UPI
S0007475,2026-07-17,P010,C0084,6,5,78,CASH
S0007476,2026-07-17,P002,C0037,2,10,490,UPI
S0007477,2026-07-17,P007,C0016,1,0,110,UPI
S0007478,2026-07-17,P007,,4,2,432,CREDIT
S0007479,2026-07-17,P011,,2,0,30,CREDIT
S0007480,2026-07-18,P005,C0076,3,0,156,CREDIT
S0007481,2026-07-18,P021,,1,0,30,CREDIT
S0007482,2026-07-18,P010,C0096,1,0,18,CASH
S0007483,2026-07-18,P010,C0043,2,0,36,CASH
S0007484,2026-07-18,P002,C0024,1,2,253,CASH
S0007485,2026-07-18,P011,C0030,2,10,10,UPI
S0007486,2026-07-18,P019,C0055,3,0,216,CREDIT
S0007487,2026-07-18,P020,C0014,3,10,120,CARD
S0007488,2026-07-18,P018,C0052,2,2,186,CASH
S0007489,2026-07-18,P019,C0100,3,10,186,UPI
S0007490,2026-07-18,P021,C0048,3,10,60,CREDIT
S0007491,2026-07-18,P018,,2,0,190,UPI
S0007492,2026-07-18,P003,C0085,1,0,155,CARD
S0007493,2026-07-18,P008,,1,5,90,UPI
S0007494,2026-07-18,P015,C0053,1,2,36,CREDIT
S0007495,2026-07-18,P004,C0056,1,2,143,CARD
S0007496,2026-07-18,P016,C0097,1,0,135,CARD
S0007497,2026-07-18,P001,C0032,1,0,310,CARD
S0007498,2026-07-18,P016,C0016,2,0,270,CASH
S0007499,2026-07-18,P011,C0010,4,0,60,CASH
S0007500,2026-07-18,P016,C0080,1,5,130,CARD
S0007501,2026-07-18,P013,C0002,3,0,105,UPI
S0007502,2026-07-18,P016,C0064,2,0,270,CASH
S0007503,2026-07-18,P021,C0010,1,0,30,CREDIT
S0007504,2026-07-18,P012,C0029,5,0,260,CREDIT
S0007505,2026-07-18,P003,C0074,2,10,290,CASH
S0007506,2026-07-18,P002,C0089,1,0,255,CARD
S0007507,2026-07-18,P020,,3,5,135,UPI
S0007508,2026-07-18,P019,C0067,1,0,72,CREDIT
S0007509,2026-07-18,P007,C0059,2,0,220,UPI
S0007510,2026-07-18,P007,C0094,1,0,110,CASH
S0007511,2026-07-18,P010,C0040,3,10,24,CARD
S0007512,2026-07-18,P015,C0071,2,0,76,UPI
S0007513,2026-07-18,P009,C0056,2,0,50,UPI
S0007514,2026-07-18,P015,C0069,1,5,33,CREDIT
S0007515,2026-07-18,P005,C0029,2,10,84,CARD
S0007516,2026-07-18,P003,C0089,3,0,465,CREDIT
S0007517,2026-07-18,P014,C0010,2,0,90,UPI
S0007518,2026-07-18,P016,C0005,2,5,260,CARD
S0007519,2026-07-18,P003,C0089,2,0,310,CASH
S0007520,2026-07-18,P022,,4,0,420,CARD
S0007521,2026-07-18,P003,C0046,2,0,310,CREDIT
S0007522,2026-07-18,P007,C0005,4,0,440,UPI
S0007523,2026-07-18,P018,C0046,3,10,255,UPI
S0007524,2026-07-18,P012,C0070,1,0,52,UPI
S0007525,2026-07-18,P024,,1,5,27,UPI
S0007526,2026-07-19,P011,C0058,1,10,5,CARD
S0007527,2026-07-19,P009,,2,5,40,CREDIT
S0007528,2026-07-19,P022,C0032,3,0,315,UPI
S0007529,2026-07-19,P013,C0083,1,0,35,CREDIT
S0007530,2026-07-19,P016,C0007,2,0,270,CARD
S0007531,2026-07-19,P001,C0032,1,2,308,UPI
S0007532,2026-07-19,P023,C0041,1,0,50,CARD
S0007533,2026-07-19,P004,C0036,3,2,429,UPI
S0007534,2026-07-19,P008,,1,2,93,CASH
S0007535,2026-07-19,P006,,1,0,25,UPI
S0007536,2026-07-19,P022,C0076,4,0,420,CREDIT
S0007537,2026-07-19,P013,C0021,1,10,25,UPI
S0007538,2026-07-19,P008,C0048,6,2,558,CREDIT
S0007539,2026-07-19,P022,C0081,6,0,630,UPI
S0007540,2026-07-19,P022,C0069,1,0,105,UPI
S0007541,2026-07-19,P005,C0042,1,0,52,CASH
S0007542,2026-07-19,P020,C0044,3,5,135,UPI
S0007543,2026-07-19,P013,C0089,2,0,70,CREDIT
S0007544,2026-07-19,P023,C0027,1,2,48,CASH
S0007545,2026-07-19,P024,C0044,3,0,96,CREDIT
S0007546,2026-07-19,P005,C0008,1,0,52,CASH
S0007547,2026-07-19,P020,C0039,4,0,200,CARD
S0007548,2026-07-19,P001,,1,2,308,UPI
S0007549,2026-07-19,P014,C0006,1,0,45,CREDIT
S0007550,2026-07-19,P002,C0022,1,2,253,UPI
S0007551,2026-07-19,P022,C0016,5,5,500,UPI
S0007552,2026-07-19,P018,C0093,2,10,170,CARD
S0007553,2026-07-19,P008,C0012,3,0,285,CASH
S0007554,2026-07-19,P022,,1,10,95,CASH
S0007555,2026-07-19,P013,C0013,1,0,35,UPI
S0007556,2026-07-19,P011,C0036,1,2,13,CARD
S0007557,2026-07-19,P018,C0044,2,0,190,CASH
S0007558,2026-07-19,P013,C0024,2,0,70,UPI
S0007559,2026-07-19,P004,C0084,2,2,286,CREDIT
S0007560,2026-07-19,P002,C0059,1,0,255,CASH
S0007561,2026-07-19,P005,C0041,5,0,260,CASH
S0007562,2026-07-19,P020,C0087,1,0,50,UPI
S0007563,2026-07-20,P016,C0035,2,0,270,CARD
S0007564,2026-07-20,P023,C0038,1,0,50,CREDIT
S0007565,2026-07-20,P024,,2,5,54,UPI
S0007566,2026-07-20,P018,,2,5,180,CASH
S0007567,2026-07-20,P021,C0011,2,0,60,CREDIT
S0007568,2026-07-20,P003,C0050,1,0,155,UPI
S0007569,2026-07-20,P020,C0044,3,2,144,CASH
S0007570,2026-07-20,P019,C0054,2,0,144,CREDIT
S0007571,2026-07-20,P013,C0017,3,0,105,CREDIT
S0007572,2026-07-20,P006,C0042,1,0,25,CREDIT
S0007573,2026-07-20,P001,C0030,2,0,620,UPI
S0007574,2026-07-20,P005,C0050,2,5,94,UPI
S0007575,2026-07-20,P024,C0039,1,2,30,UPI
S0007576,2026-07-20,P005,C0063,2,0,104,CREDIT
S0007577,2026-07-20,P001,,1,0,310,CREDIT
S0007578,2026-07-20,P017,C0007,1,0,90,CARD
S0007579,2026-07-20,P002,C0031,1,0,255,UPI
S0007580,2026-07-20,P013,C0031,1,0,35,CREDIT
S0007581,2026-07-20,P001,C0006,2,0,620,CASH
S0007582,2026-07-20,P024,,2,2,60,UPI
S0007583,2026-07-20,P021,C0055,5,5,125,CARD
S0007584,2026-07-20,P001,C0070,3,2,924,UPI
S0007585,2026-07-20,P001,C0028,1,10,300,UPI
S0007586,2026-07-20,P019,C0022,4,0,288,UPI
S0007587,2026-07-20,P024,C0082,4,0,128,UPI
S0007588,2026-07-20,P005,C0018,2,0,104,UPI
S0007589,2026-07-20,P020,C0044,2,0,100,CASH
S0007590,2026-07-20,P023,C0099,6,0,300,CREDIT
S0007591,2026-07-20,P012,C0060,2,2,100,CARD
S0007592,2026-07-20,P008,C0015,4,10,340,CASH
S0007593,2026-07-20,P013,C0007,1,0,35,CREDIT
S0007594,2026-07-20,P002,,1,0,255,CREDIT
S0007595,2026-07-20,P012,C0064,2,10,84,CARD
S0007596,2026-07-20,P022,C0033,2,0,210,CARD
S0007597,2026-07-20,P021,C0018,3,2,84,UPI
S0007598,2026-07-20,P011,C0096,6,0,90,CARD
S0007599,2026-07-20,P023,,1,0,50,CARD
S0007600,2026-07-20,P008,C0012,1,2,93,UPI
S0007601,2026-07-20,P018,C0081,3,0,285,UPI
S0007602,2026-07-20,P023,C0077,2,2,96,CREDIT
S0007603,2026-07-20,P012,C0045,1,5,47,CASH
S0007604,2026-07-20,P010,,2,10,16,CARD
S0007605,2026-07-20,P011,C0052,3,0,45,CASH
S0007606,2026-07-20,P006,,3,2,69,CARD
S0007607,2026-07-20,P005,C0064,2,0,104,CREDIT
S0007608,2026-07-20,P002,C0090,1,0,255,CREDIT
S0007609,2026-07-20,P013,C0031,6,0,210,CREDIT
S0007610,2026-07-20,P004,C0054,2,10,270,CASH
S0007611,2026-07-20,P010,C0055,1,2,16,UPI
S0007612,2026-07-20,P015,C0038,1,0,38,CREDIT
S0007613,2026-07-20,P021,C0097,3,0,90,CREDIT
S0007614,2026-07-21,P013,C0017,2,0,70,CASH
S0007615,2026-07-21,P012,C0009,1,10,42,CARD
S0007616,2026-07-21,P017,C0004,2,0,180,UPI
S0007617,2026-07-21,P012,C0088,1,0,52,UPI
S0007618,2026-07-21,P003,C0030,2,0,310,UPI
S0007619,2026-07-21,P014,,1,0,45,UPI
S0007620,2026-07-21,P011,C0007,1,0,15,CARD
S0007621,2026-07-21,P017,C0074,1,0,90,UPI
S0007622,2026-07-21,P012,C0023,5,0,260,CARD
S0007623,2026-07-21,P010,C0027,4,0,72,CASH
S0007624,2026-07-21,P019,C0040,1,0,72,CREDIT
S0007625,2026-07-21,P019,C0008,3,0,216,CREDIT
S0007626,2026-07-21,P009,C0096,2,5,40,CARD
S0007627,2026-07-21,P007,C0088,6,0,660,CARD
S0007628,2026-07-21,P023,C0075,1,0,50,UPI
S0007629,2026-07-21,P011,C0059,2,5,20,UPI
S0007630,2026-07-21,P019,C0011,1,5,67,CREDIT
S0007631,2026-07-21,P014,,1,5,40,CARD
S0007632,2026-07-21,P023,C0075,5,0,250,CASH
S0007633,2026-07-21,P014,C0050,2,0,90,UPI
S0007634,2026-07-21,P018,C0025,1,0,95,CARD
S0007635,2026-07-21,P023,C0064,1,2,48,CARD
S0007636,2026-07-21,P021,C0072,3,5,75,CREDIT
S0007637,2026-07-21,P013,C0001,2,2,66,CARD
S0007638,2026-07-21,P022,C0007,1,0,105,CASH
S0007639,2026-07-21,P008,C0089,5,5,450,CREDIT
S0007640,2026-07-21,P016,C0094,1,10,125,UPI
S0007641,2026-07-21,P018,C0032,1,0,95,UPI
S0007642,2026-07-21,P021,C0073,5,0,150,CASH
S0007643,2026-07-21,P006,C0078,1,0,25,CARD
S0007644,2026-07-22,P014,C0031,3,0,135,CASH
S0007645,2026-07-22,P007,,1,10,100,CASH
S0007646,2026-07-22,P023,C0078,5,5,225,CREDIT
S0007647,2026-07-22,P007,C0088,3,10,300,CASH
S0007648,2026-07-22,P007,,1,2,108,CREDIT
S0007649,2026-07-22,P010,C0006,3,0,54,CASH
S0007650,2026-07-22,P018,C0042,1,0,95,CASH
S0007651,2026-07-22,P006,C0051,1,10,15,CREDIT
S0007652,2026-07-22,P013,,3,2,99,CASH
S0007653,2026-07-22,P009,C0057,5,0,125,CREDIT
S0007654,2026-07-22,P008,,1,2,93,CASH
S0007655,2026-07-22,P008,C0069,2,5,180,CARD
S0007656,2026-07-22,P021,C0006,2,0,60,CASH
S0007657,2026-07-22,P008,C0024,1,5,90,UPI
S0007658,2026-07-22,P019,C0033,1,0,72,UPI
S0007659,2026-07-22,P003,C0079,1,0,155,CASH
S0007660,2026-07-22,P008,,2,10,170,CASH
S0007661,2026-07-22,P017,C0038,2,0,180,CASH
S0007662,2026-07-22,P007,C0064,1,0,110,UPI
S0007663,2026-07-22,P020,C0068,3,2,144,CASH
S0007664,2026-07-22,P020,,3,0,150,CREDIT
S0007665,2026-07-22,P011,C0042,2,10,10,UPI
S0007666,2026-07-22,P011,C0035,1,10,5,CARD
S0007667,2026-07-22,P005,C0008,2,0,104,CREDIT
S0007668,2026-07-22,P011,C0073,1,0,15,UPI
S0007669,2026-07-22,P007,C0029,1,2,108,UPI
S0007670,2026-07-22,P001,C0092,3,0,930,CREDIT
S0007671,2026-07-22,P010,C0028,1,0,18,CASH
S0007672,2026-07-22,P006,C0098,1,10,15,CREDIT
S0007673,2026-07-22,P021,C0100,1,5,25,CASH
S0007674,2026-07-23,P005,C0058,6,0,312,CREDIT
S0007675,2026-07-23,P015,C0027,1,0,38,UPI
S0007676,2026-07-23,P014,C0065,1,5,40,UPI
S0007677,2026-07-23,P013,,1,0,35,CARD
S0007678,2026-07-23,P024,C0004,5,0,160,CREDIT
S0007679,2026-07-23,P001,C0072,2,0,620,CARD
S0007680,2026-07-23,P002,C0049,1,0,255,UPI
S0007681,2026-07-23,P011,C0041,4,2,52,CASH
S0007682,2026-07-23,P020,,1,2,48,CARD
S0007683,2026-07-23,P005,C0037,1,5,47,UPI
S0007684,2026-07-23,P024,C0005,1,10,22,CREDIT
S0007685,2026-07-23,P023,C0094,1,0,50,UPI
S0007686,2026-07-23,P005,C0035,1,0,52,UPI
S0007687,2026-07-23,P022,,2,5,200,CREDIT
S0007688,2026-07-23,P016,C0098,1,10,125,CARD
S0007689,2026-07-23,P017,C0055,2,0,180,CREDIT
S0007690,2026-07-23,P014,C0048,1,0,45,UPI
S0007691,2026-07-23,P014,C0021,1,10,35,UPI
S0007692,2026-07-23,P002,C0091,1,0,255,CREDIT
S0007693,2026-07-23,P007,C0066,5,10,500,CARD
S0007694,2026-07-23,P021,,1,10,20,CREDIT
S0007695,2026-07-23,P009,C0094,2,0,50,UPI
S0007696,2026-07-23,P010,C0058,1,2,16,CARD
S0007697,2026-07-23,P011,C0063,1,2,13,CASH
S0007698,2026-07-23,P004,,1,2,143,CASH
S0007699,2026-07-23,P019,C0099,1,5,67,CREDIT
S0007700,2026-07-23,P024,,1,2,30,CARD
S0007701,2026-07-23,P020,C0010,1,10,40,CARD
S0007702,2026-07-24,P020,C0065,2,5,90,CREDIT
S0007703,2026-07-24,P002,C0095,1,2,253,CARD
S0007704,2026-07-24,P011,,2,0,30,CARD
S0007705,2026-07-24,P020,,2,5,90,CASH
S0007706,2026-07-24,P005,C0054,1,10,42,CREDIT
S0007707,2026-07-24,P010,C0017,1,0,18,CASH
S0007708,2026-07-24,P024,C0076,3,0,96,CARD
S0007709,2026-07-24,P013,C0017,4,0,140,UPI
S0007710,2026-07-24,P006,C0071,1,5,20,UPI
S0007711,2026-07-24,P022,,1,10,95,UPI
S0007712,2026-07-24,P011,C0037,4,2,52,CARD
S0007713,2026-07-24,P008,C0003,1,0,95,UPI
S0007714,2026-07-24,P023,C0024,2,0,100,CREDIT
S0007715,2026-07-24,P014,C0090,1,5,40,CASH
S0007716,2026-07-24,P005,,1,0,52,CARD
S0007717,2026-07-24,P016,C0023,2,0,270,CASH
S0007718,2026-07-24,P011,C0092,2,0,30,CREDIT
S0007719,2026-07-24,P024,C0090,1,2,30,CREDIT
S0007720,2026-07-24,P003,C0066,2,10,290,CASH
S0007721,2026-07-24,P005,C0058,3,0,156,CREDIT
S0007722,2026-07-24,P002,C0085,2,0,510,CARD
S0007723,2026-07-24,P003,C0067,1,0,155,UPI
S0007724,2026-07-24,P013,C0010,2,5,60,CASH
S0007725,2026-07-24,P023,C0033,3,5,135,CARD
S0007726,2026-07-24,P013,C0060,3,0,105,CARD
S0007727,2026-07-24,P013,C0097,2,0,70,CARD
S0007728,2026-07-24,P017,C0088,1,0,90,CREDIT
S0007729,2026-07-24,P020,C0073,3,0,150,CREDIT
S0007730,2026-07-24,P007,C0070,2,5,210,CASH
S0007731,2026-07-24,P001,C0080,1,10,300,CREDIT
S0007732,2026-07-24,P005,C0051,1,0,52,UPI
S0007733,2026-07-24,P002,C0070,1,10,245,UPI
S0007734,2026-07-24,P019,C0054,2,0,144,UPI
S0007735,2026-07-24,P013,C0017,1,0,35,UPI
S0007736,2026-07-24,P004,C0042,2,0,290,CARD
S0007737,2026-07-24,P011,C0058,4,5,40,CREDIT
S0007738,2026-07-24,P009,C0064,3,0,75,CREDIT
S0007739,2026-07-24,P011,C0097,5,0,75,CARD
S0007740,2026-07-24,P016,C0013,6,0,810,CASH
S0007741,2026-07-24,P009,C0056,1,0,25,CARD
S0007742,2026-07-25,P001,C0007,4,0,1240,CREDIT
S0007743,2026-07-25,P017,C0044,1,0,90,CREDIT
S0007744,2026-07-25,P017,C0017,6,10,480,CARD
S0007745,2026-07-25,P022,C0046,2,0,210,UPI
S0007746,2026-07-25,P014,C0046,3,0,135,CARD
S0007747,2026-07-25,P011,C0020,1,0,15,CASH
S0007748,2026-07-25,P009,C0039,1,10,15,CARD
S0007749,2026-07-25,P003,C0066,3,10,435,CREDIT
S0007750,2026-07-25,P010,C0019,1,0,18,CASH
S0007751,2026-07-25,P007,C0053,3,2,324,CREDIT
S0007752,2026-07-25,P001,C0100,1,2,308,CASH
S0007753,2026-07-25,P011,C0061,2,10,10,UPI
S0007754,2026-07-25,P024,C0058,1,0,32,UPI
S0007755,2026-07-25,P008,C0025,2,0,190,UPI
S0007756,2026-07-25,P020,,2,0,100,CARD
S0007757,2026-07-25,P005,C0066,1,0,52,CREDIT
S0007758,2026-07-25,P002,C0006,1,0,255,CARD
S0007759,2026-07-25,P024,C0070,1,0,32,CASH
S0007760,2026-07-25,P001,C0100,2,2,616,CARD
S0007761,2026-07-25,P024,C0028,2,0,64,CARD
S0007762,2026-07-25,P022,C0002,3,2,309,CREDIT
S0007763,2026-07-25,P021,,2,0,60,CREDIT
S0007764,2026-07-25,P020,,2,0,100,CREDIT
S0007765,2026-07-25,P005,C0035,1,10,42,CARD
S0007766,2026-07-25,P005,C0035,1,2,50,UPI
S0007767,2026-07-25,P007,C0050,1,0,110,CARD
S0007768,2026-07-25,P017,C0039,6,0,540,CARD
S0007769,2026-07-25,P002,C0027,4,0,1020,CARD
S0007770,2026-07-25,P013,C0089,1,10,25,CREDIT
S0007771,2026-07-25,P010,C0002,2,2,32,CARD
S0007772,2026-07-25,P016,C0082,4,5,520,CASH
S0007773,2026-07-25,P019,C0087,2,0,144,UPI
S0007774,2026-07-25,P011,,1,2,13,UPI
S0007775,2026-07-25,P005,C0056,1,5,47,UPI
S0007776,2026-07-25,P006,C0079,2,5,40,CARD
S0007777,2026-07-25,P009,C0084,5,0,125,UPI
S0007778,2026-07-25,P008,C0046,2,0,190,CASH
S0007779,2026-07-25,P011,C0036,1,2,13,UPI
S0007780,2026-07-25,P015,,1,0,38,CARD
S0007781,2026-07-25,P005,C0030,3,0,156,UPI
S0007782,2026-07-25,P019,C0057,4,5,268,CREDIT
S0007783,2026-07-25,P016,C0069,2,0,270,CREDIT
S0007784,2026-07-26,P015,C0079,3,0,114,CARD
S0007785,2026-07-26,P004,C0040,3,5,420,UPI
S0007786,2026-07-26,P017,C0095,1,0,90,CARD
S0007787,2026-07-26,P022,C0093,3,2,309,CASH
S0007788,2026-07-26,P007,C0065,1,0,110,CASH
S0007789,2026-07-26,P020,,1,0,50,CREDIT
S0007790,2026-07-26,P023,,1,2,48,CARD
S0007791,2026-07-26,P004,C0054,1,2,143,CASH
S0007792,2026-07-26,P008,C0099,1,5,90,CASH
S0007793,2026-07-26,P006,C0004,1,0,25,CARD
S0007794,2026-07-26,P024,C0049,2,2,60,CARD
S0007795,2026-07-26,P006,C0054,2,0,50,CREDIT
S0007796,2026-07-26,P010,C0027,1,2,16,UPI
S0007797,2026-07-26,P015,C0090,1,0,38,UPI
S0007798,2026-07-26,P013,C0024,2,0,70,CASH
S0007799,2026-07-26,P022,,1,5,100,UPI
S0007800,2026-07-26,P012,,1,0,52,UPI
S0007801,2026-07-26,P015,C0065,4,2,144,CASH
S0007802,2026-07-26,P010,C0019,3,10,24,CREDIT
S0007803,2026-07-26,P012,C0044,4,10,168,CARD
S0007804,2026-07-26,P014,C0071,2,2,86,UPI
S0007805,2026-07-26,P014,C0031,1,0,45,CASH
S0007806,2026-07-26,P015,C0019,2,5,66,CASH
S0007807,2026-07-26,P021,C0016,1,0,30,CREDIT
S0007808,2026-07-26,P020,C0075,2,2,96,UPI
S0007809,2026-07-26,P005,C0030,1,0,52,CREDIT
S0007810,2026-07-26,P022,C0074,3,10,285,UPI
S0007811,2026-07-26,P002,,1,5,250,CREDIT
S0007812,2026-07-26,P011,C0035,4,10,20,CREDIT
S0007813,2026-07-26,P002,,4,5,1000,CARD
S0007814,2026-07-26,P015,C0075,2,0,76,CARD
S0007815,2026-07-26,P023,C0010,3,0,150,CREDIT
S0007816,2026-07-26,P014,C0041,2,0,90,CARD
S0007817,2026-07-26,P007,C0068,3,2,324,UPI
S0007818,2026-07-26,P018,C0080,2,2,186,UPI
S0007819,2026-07-26,P015,C0027,3,5,99,CREDIT
S0007820,2026-07-26,P017,C0046,2,0,180,UPI
S0007821,2026-07-26,P011,C0078,5,0,75,UPI
S0007822,2026-07-26,P018,C0039,2,2,186,CARD
S0007823,2026-07-26,P017,C0098,2,2,176,CREDIT
S0007824,2026-07-26,P006,,3,0,75,CASH
S0007825,2026-07-26,P017,C0071,3,0,270,CREDIT
S0007826,2026-07-27,P014,C0068,2,0,90,UPI
S0007827,2026-07-27,P005,C0088,5,0,260,CREDIT
S0007828,2026-07-27,P013,C0020,3,0,105,CASH
S0007829,2026-07-27,P019,C0088,3,0,216,UPI
S0007830,2026-07-27,P006,,1,0,25,UPI
S0007831,2026-07-27,P021,C0043,2,10,40,UPI
S0007832,2026-07-27,P018,C0070,2,10,170,UPI
S0007833,2026-07-27,P005,C0083,3,2,150,CREDIT
S0007834,2026-07-27,P021,C0098,1,10,20,UPI
S0007835,2026-07-27,P017,C0018,4,10,320,UPI
S0007836,2026-07-27,P021,C0063,2,10,40,UPI
S0007837,2026-07-27,P013,C0092,1,0,35,UPI
S0007838,2026-07-27,P004,C0059,1,0,145,CASH
S0007839,2026-07-27,P008,C0100,1,0,95,CASH
S0007840,2026-07-27,P019,C0019,2,2,140,CREDIT
S0007841,2026-07-27,P018,,1,2,93,CASH
S0007842,2026-07-27,P008,,1,0,95,CREDIT
S0007843,2026-07-27,P022,C0078,3,0,315,CREDIT
S0007844,2026-07-27,P002,C0092,1,0,255,CARD
S0007845,2026-07-27,P002,C0063,1,0,255,CARD
S0007846,2026-07-27,P015,C0079,2,2,72,CREDIT
S0007847,2026-07-27,P017,C0094,2,10,160,CASH
S0007848,2026-07-27,P007,C0046,3,0,330,CREDIT
S0007849,2026-07-27,P001,C0063,2,10,600,CREDIT
S0007850,2026-07-27,P008,C0013,3,5,270,CASH
S0007851,2026-07-27,P022,C0013,2,0,210,CARD
S0007852,2026-07-27,P011,C0081,1,0,15,UPI
S0007853,2026-07-27,P022,C0099,1,10,95,CARD
S0007854,2026-07-27,P015,,2,5,66,UPI
S0007855,2026-07-27,P012,C0083,1,0,52,UPI
S0007856,2026-07-27,P017,C0080,3,0,270,CASH
S0007857,2026-07-27,P017,C0091,2,0,180,CARD
S0007858,2026-07-27,P009,C0040,1,0,25,CARD
S0007859,2026-07-27,P017,C0027,1,2,88,UPI
S0007860,2026-07-27,P003,C0009,1,0,155,CARD
S0007861,2026-07-27,P016,C0084,2,0,270,UPI
S0007862,2026-07-28,P005,C0083,1,0,52,CARD
S0007863,2026-07-28,P002,C0052,2,0,510,CREDIT
S0007864,2026-07-28,P004,C0081,4,0,580,CREDIT
S0007865,2026-07-28,P018,C0010,1,2,93,UPI
S0007866,2026-07-28,P019,C0057,2,5,134,CREDIT
S0007867,2026-07-28,P020,C0069,6,0,300,UPI
S0007868,2026-07-28,P005,C0082,1,0,52,CARD
S0007869,2026-07-28,P021,C0046,2,0,60,CREDIT
S0007870,2026-07-28,P017,C0034,1,0,90,CREDIT
S0007871,2026-07-28,P016,,2,2,266,CARD
S0007872,2026-07-28,P001,C0030,1,10,300,CREDIT
S0007873,2026-07-28,P024,C0055,5,10,110,CARD
S0007874,2026-07-28,P001,C0056,3,0,930,CASH
S0007875,2026-07-28,P005,C0041,3,2,150,CREDIT
S0007876,2026-07-28,P007,C0064,3,10,300,CASH
S0007877,2026-07-28,P004,C0075,2,0,290,CREDIT
S0007878,2026-07-28,P012,C0091,2,0,104,CASH
S0007879,2026-07-28,P020,C0086,4,5,180,CASH
S0007880,2026-07-28,P022,C0030,5,0,525,UPI
S0007881,2026-07-28,P017,C0072,2,0,180,CASH
S0007882,2026-07-28,P023,C0018,5,0,250,UPI
S0007883,2026-07-28,P011,C0048,2,2,26,CARD
S0007884,2026-07-28,P021,,2,0,60,CASH
S0007885,2026-07-28,P008,C0039,2,0,190,UPI
S0007886,2026-07-28,P013,C0095,1,10,25,CARD
S0007887,2026-07-28,P003,C0045,1,2,153,CARD
S0007888,2026-07-28,P018,C0075,1,0,95,CREDIT
S0007889,2026-07-28,P013,C0060,2,0,70,CASH
S0007890,2026-07-28,P010,,1,0,18,CREDIT
S0007891,2026-07-28,P016,C0033,2,5,260,CREDIT
S0007892,2026-07-28,P006,C0016,6,5,120,CARD
S0007893,2026-07-28,P024,C0074,1,5,27,CARD
S0007894,2026-07-28,P018,C0084,2,0,190,UPI
S0007895,2026-07-28,P021,C0035,1,0,30,UPI
S0007896,2026-07-29,P014,C0057,1,0,45,UPI
S0007897,2026-07-29,P011,C0021,2,0,30,CASH
S0007898,2026-07-29,P003,C0086,1,2,153,UPI
S0007899,2026-07-29,P013,C0071,1,2,33,UPI
S0007900,2026-07-29,P021,C0037,1,10,20,UPI
S0007901,2026-07-29,P008,C0098,1,10,85,CARD
S0007902,2026-07-29,P009,C0062,1,5,20,CREDIT
S0007903,2026-07-29,P023,C0091,1,0,50,CARD
S0007904,2026-07-29,P018,C0089,6,0,570,CREDIT
S0007905,2026-07-29,P015,C0004,1,0,38,CASH
S0007906,2026-07-29,P019,C0093,1,10,62,CASH
S0007907,2026-07-29,P018,C0037,1,0,95,CASH
S0007908,2026-07-29,P007,,2,10,200,UPI
S0007909,2026-07-29,P005,,1,0,52,CARD
S0007910,2026-07-29,P024,C0074,4,0,128,CREDIT
S0007911,2026-07-29,P023,C0024,5,10,200,UPI
S0007912,2026-07-29,P018,C0054,1,0,95,CREDIT
S0007913,2026-07-29,P015,C0016,2,0,76,CREDIT
S0007914,2026-07-29,P014,C0056,1,0,45,UPI
S0007915,2026-07-29,P001,C0041,2,0,620,CREDIT
S0007916,2026-07-29,P008,C0023,1,0,95,UPI
S0007917,2026-07-29,P005,,1,10,42,CASH
S0007918,2026-07-29,P005,C0090,1,5,47,CASH
S0007919,2026-07-29,P009,C0076,2,2,46,UPI
S0007920,2026-07-29,P003,C0093,1,0,155,CREDIT
S0007921,2026-07-29,P014,C0029,1,2,43,CREDIT
S0007922,2026-07-29,P016,C0080,2,0,270,UPI
S0007923,2026-07-29,P004,,2,0,290,CREDIT
S0007924,2026-07-29,P020,C0042,4,0,200,CASH
S0007925,2026-07-29,P021,C0036,1,0,30,CREDIT
S0007926,2026-07-29,P004,C0038,3,0,435,UPI
S0007927,2026-07-29,P020,C0028,2,0,100,CASH
S0007928,2026-07-29,P012,C0059,1,0,52,CARD
S0007929,2026-07-29,P013,C0056,2,0,70,CARD
S0007930,2026-07-29,P005,,2,10,84,CREDIT
S0007931,2026-07-29,P002,C0071,5,0,1275,CREDIT
S0007932,2026-07-30,P008,C0097,1,0,95,CASH
S0007933,2026-07-30,P013,C0009,5,0,175,CARD
S0007934,2026-07-30,P024,C0049,1,5,27,CARD
S0007935,2026-07-30,P012,C0098,5,2,250,CASH
S0007936,2026-07-30,P021,C0063,4,0,120,CREDIT
S0007937,2026-07-30,P013,,1,10,25,CARD
S0007938,2026-07-30,P003,C0078,3,0,465,UPI
S0007939,2026-07-30,P001,,6,0,1860,CARD
S0007940,2026-07-30,P001,C0096,1,0,310,CARD
S0007941,2026-07-30,P011,C0094,2,0,30,CASH
S0007942,2026-07-30,P009,C0037,2,10,30,CARD
S0007943,2026-07-30,P018,C0062,1,0,95,CASH
S0007944,2026-07-30,P006,,1,2,23,CASH
S0007945,2026-07-30,P019,C0039,1,0,72,CREDIT
S0007946,2026-07-30,P008,C0009,1,0,95,CARD
S0007947,2026-07-30,P012,C0049,2,0,104,UPI
S0007948,2026-07-30,P012,C0062,1,5,47,CARD
S0007949,2026-07-30,P019,C0026,4,10,248,CASH
S0007950,2026-07-30,P012,C0015,3,0,156,CARD
S0007951,2026-07-30,P023,C0076,1,10,40,CREDIT
S0007952,2026-07-30,P017,C0060,2,2,176,CARD
S0007953,2026-07-30,P007,C0018,2,0,220,UPI
S0007954,2026-07-30,P010,C0075,5,0,90,CARD
S0007955,2026-07-30,P010,C0057,1,0,18,CREDIT
S0007956,2026-07-30,P021,C0055,1,0,30,UPI
S0007957,2026-07-30,P017,C0007,5,0,450,CARD
S0007958,2026-07-30,P017,C0008,5,0,450,UPI
S0007959,2026-07-30,P024,C0069,3,5,81,CREDIT
S0007960,2026-07-31,P008,C0040,2,0,190,CASH
S0007961,2026-07-31,P019,C0042,1,0,72,UPI
S0007962,2026-07-31,P003,C0030,1,0,155,CREDIT
S0007963,2026-07-31,P016,C0053,3,2,399,CASH
S0007964,2026-07-31,P021,,1,0,30,UPI
S0007965,2026-07-31,P016,C0071,2,10,250,UPI
S0007966,2026-07-31,P018,C0013,5,0,475,UPI
S0007967,2026-07-31,P020,C0052,1,5,45,CARD
S0007968,2026-07-31,P014,C0017,6,0,270,CARD
S0007969,2026-07-31,P015,C0007,6,10,168,CREDIT
S0007970,2026-07-31,P021,C0084,2,2,56,UPI
S0007971,2026-07-31,P005,C0055,1,10,42,CASH
S0007972,2026-07-31,P008,C0093,1,10,85,UPI
S0007973,2026-07-31,P012,C0023,2,0,104,CASH
S0007974,2026-07-31,P001,C0005,1,0,310,UPI
S0007975,2026-07-31,P006,C0007,1,0,25,CASH
S0007976,2026-07-31,P017,,6,0,540,CARD
S0007977,2026-07-31,P021,C0043,1,5,25,UPI
S0007978,2026-07-31,P022,,3,0,315,CASH
S0007979,2026-07-31,P006,C0095,1,0,25,UPI
S0007980,2026-07-31,P004,,2,0,290,CASH
S0007981,2026-07-31,P001,C0053,4,0,1240,CREDIT
S0007982,2026-07-31,P002,C0041,1,0,255,UPI
S0007983,2026-07-31,P009,C0095,1,0,25,CASH
S0007984,2026-07-31,P001,,2,0,620,CREDIT
S0007985,2026-07-31,P014,C0027,3,0,135,CASH
S0007986,2026-07-31,P005,,2,0,104,CASH
S0007987,2026-07-31,P009,C0005,1,0,25,CARD
S0007988,2026-07-31,P008,C0076,1,10,85,CASH
S0007989,2026-07-31,P006,C0023,5,5,100,UPI
S0007990,2026-07-31,P012,C0018,5,0,260,UPI
S0007991,2026-07-31,P004,C0095,2,5,280,UPI
S0007992,2026-07-31,P003,C0098,4,0,620,CASH
S0007993,2026-07-31,P009,C0040,2,2,46,CASH
S0007994,2026-07-31,P008,C0013,2,2,186,CASH
S0007995,2026-07-31,P008,C0023,1,5,90,CARD
S0007996,2026-07-31,P006,C0049,2,2,46,UPI
S0007997,2026-07-31,P007,C0032,2,0,220,CARD
S0007998,2026-07-31,P011,,1,10,5,CREDIT
S0007999,2026-07-31,P022,C0043,2,0,210,CASH
S0008000,2026-08-01,P007,C0024,2,0,220,CREDIT
S0008001,2026-08-01,P010,,4,10,32,CARD
S0008002,2026-08-01,P020,C0055,1,0,50,UPI
S0008003,2026-08-01,P006,C0075,2,0,50,CREDIT
S0008004,2026-08-01,P014,C0035,3,0,135,CASH
S0008005,2026-08-01,P024,C0094,2,0,64,CARD
S0008006,2026-08-01,P008,C0097,1,0,95,CREDIT
S0008007,2026-08-01,P021,C0061,1,5,25,CASH
S0008008,2026-08-01,P009,C0074,4,5,80,CARD
S0008009,2026-08-01,P006,C0061,2,2,46,CASH
S0008010,2026-08-01,P012,,4,0,208,UPI
S0008011,2026-08-01,P011,C0023,2,5,20,CREDIT
S0008012,2026-08-01,P013,,2,0,70,CARD
S0008013,2026-08-01,P019,C0009,3,10,186,CARD
S0008014,2026-08-01,P016,,2,10,250,CREDIT
S0008015,2026-08-01,P006,,1,0,25,CASH
S0008016,2026-08-01,P021,C0008,2,2,56,CREDIT
S0008017,2026-08-01,P014,C0014,3,0,135,CARD
S0008018,2026-08-01,P016,C0048,1,10,125,CASH
S0008019,2026-08-01,P008,,1,0,95,CARD
S0008020,2026-08-01,P006,,1,0,25,CREDIT
S0008021,2026-08-01,P009,C0051,4,10,60,CREDIT
S0008022,2026-08-01,P024,C0086,1,0,32,CASH
S0008023,2026-08-01,P011,C0072,2,0,30,CREDIT
S0008024,2026-08-01,P005,C0082,1,10,42,CARD
S0008025,2026-08-01,P024,C0020,1,0,32,CARD
S0008026,2026-08-01,P007,C0097,2,5,210,CREDIT
S0008027,2026-08-01,P016,C0020,1,2,133,CARD
S0008028,2026-08-01,P004,C0061,2,0,290,UPI
S0008029,2026-08-01,P006,C0059,3,5,60,CREDIT
S0008030,2026-08-01,P007,C0081,3,5,315,CASH
S0008031,2026-08-01,P011,C0028,1,0,15,CARD
S0008032,2026-08-01,P014,C0043,4,2,172,CREDIT
S0008033,2026-08-01,P008,C0074,2,5,180,UPI
S0008034,2026-08-01,P014,C0013,4,10,140,CREDIT
S0008035,2026-08-01,P024,C0019,2,2,60,CARD
S0008036,2026-08-01,P019,C0076,2,0,144,CASH
S0008037,2026-08-01,P020,C0097,4,2,192,UPI
S0008038,2026-08-01,P014,C0046,4,0,180,CASH
S0008039,2026-08-01,P022,C0011,2,2,206,UPI
S0008040,2026-08-01,P013,C0066,1,10,25,CASH
S0008041,2026-08-01,P023,C0012,1,0,50,UPI
S0008042,2026-08-01,P008,C0064,1,0,95,CASH
S0008043,2026-08-01,P016,C0049,1,0,135,UPI
S0008044,2026-08-01,P016,C0022,1,5,130,UPI
S0008045,2026-08-01,P004,C0069,4,0,580,CREDIT
S0008046,2026-08-02,P016,,1,2,133,UPI
S0008047,2026-08-02,P018,C0050,1,0,95,CARD
S0008048,2026-08-02,P019,C0016,1,0,72,CASH
S0008049,2026-08-02,P004,C0051,1,0,145,CASH
S0008050,2026-08-02,P019,C0039,3,10,186,CREDIT
S0008051,2026-08-02,P013,C0042,4,0,140,CARD
S0008052,2026-08-02,P005,C0075,1,5,47,CASH
S0008053,2026-08-02,P013,C0090,2,10,50,CARD
S0008054,2026-08-02,P012,C0052,2,10,84,CASH
S0008055,2026-08-02,P007,C0014,4,2,432,CREDIT
S0008056,2026-08-02,P005,,3,5,141,CARD
S0008057,2026-08-02,P001,C0051,2,0,620,CARD
S0008058,2026-08-02,P017,C0086,2,10,160,UPI
S0008059,2026-08-02,P022,C0024,4,0,420,CREDIT
S0008060,2026-08-02,P023,C0092,1,0,50,CARD
S0008061,2026-08-02,P019,C0012,1,0,72,CREDIT
S0008062,2026-08-02,P015,C0004,4,5,132,CREDIT
S0008063,2026-08-02,P022,C0029,3,2,309,CASH
S0008064,2026-08-02,P011,C0077,2,0,30,UPI
S0008065,2026-08-02,P002,C0050,2,0,510,UPI
S0008066,2026-08-02,P006,,1,0,25,UPI
S0008067,2026-08-02,P004,C0100,2,0,290,CASH
S0008068,2026-08-02,P019,C0035,2,2,140,UPI
S0008069,2026-08-02,P003,C0029,1,0,155,CASH
S0008070,2026-08-02,P009,C0028,3,0,75,CREDIT
S0008071,2026-08-02,P022,,4,0,420,CREDIT
S0008072,2026-08-02,P022,C0027,1,10,95,CARD
S0008073,2026-08-03,P018,C0013,2,10,170,CARD
S0008074,2026-08-03,P002,C0073,1,10,245,CARD
S0008075,2026-08-03,P003,C0008,2,5,300,UPI
S0008076,2026-08-03,P014,C0077,4,0,180,CASH
S0008077,2026-08-03,P002,C0033,1,0,255,UPI
S0008078,2026-08-03,P004,C0002,4,0,580,CARD
S0008079,2026-08-03,P019,C0091,6,5,402,UPI
S0008080,2026-08-03,P001,,1,0,310,CARD
S0008081,2026-08-03,P021,,1,0,30,UPI
S0008082,2026-08-03,P005,C0072,5,2,250,CREDIT
S0008083,2026-08-03,P014,C0052,5,0,225,UPI
S0008084,2026-08-03,P024,,1,0,32,UPI
S0008085,2026-08-03,P008,C0019,1,0,95,UPI
S0008086,2026-08-03,P007,C0065,1,0,110,CARD
S0008087,2026-08-03,P010,C0034,6,2,96,CASH
S0008088,2026-08-03,P002,C0041,1,0,255,CASH
S0008089,2026-08-03,P003,C0008,2,0,310,CREDIT
S0008090,2026-08-03,P019,C0013,4,5,268,CREDIT
S0008091,2026-08-03,P019,C0027,1,0,72,CREDIT
S0008092,2026-08-03,P002,C0042,2,0,510,CREDIT
S0008093,2026-08-03,P004,C0090,1,10,135,UPI
S0008094,2026-08-03,P016,C0027,4,0,540,CASH
S0008095,2026-08-03,P023,C0075,1,0,50,CARD
S0008096,2026-08-03,P001,C0039,2,0,620,CREDIT
S0008097,2026-08-03,P022,C0001,2,10,190,CASH
S0008098,2026-08-03,P017,,1,2,88,UPI
S0008099,2026-08-03,P010,C0016,1,0,18,CASH
S0008100,2026-08-03,P018,,1,0,95,CARD
S0008101,2026-08-03,P011,,1,0,15,CREDIT
S0008102,2026-08-03,P023,C0099,3,0,150,CASH
S0008103,2026-08-03,P014,,3,0,135,CARD
S0008104,2026-08-03,P016,C0038,2,0,270,CREDIT
S0008105,2026-08-03,P007,C0010,2,2,216,CASH
S0008106,2026-08-03,P018,C0011,2,10,170,UPI
S0008107,2026-08-04,P021,C0039,1,0,30,UPI
S0008108,2026-08-04,P022,C0016,1,0,105,CARD
S0008109,2026-08-04,P006,C0083,2,0,50,CASH
S0008110,2026-08-04,P004,C0037,2,0,290,UPI
S0008111,2026-08-04,P003,C0031,2,5,300,UPI
S0008112,2026-08-04,P011,C0043,1,0,15,UPI
S0008113,2026-08-04,P014,C0085,3,2,129,CREDIT
S0008114,2026-08-04,P022,C0050,1,0,105,UPI
S0008115,2026-08-04,P014,C0033,1,2,43,CARD
S0008116,2026-08-04,P011,C0042,1,0,15,CASH
S0008117,2026-08-04,P021,C0095,1,0,30,CARD
S0008118,2026-08-04,P003,C0018,2,0,310,CARD
S0008119,2026-08-04,P010,C0093,1,0,18,UPI
S0008120,2026-08-04,P023,C0075,2,0,100,CARD
S0008121,2026-08-04,P017,,2,2,176,CARD
S0008122,2026-08-04,P014,C0078,1,0,45,CARD
S0008123,2026-08-04,P017,C0077,1,2,88,CASH
S0008124,2026-08-04,P002,C0048,4,0,1020,UPI
S0008125,2026-08-04,P019,C0090,2,5,134,CARD
S0008126,2026-08-04,P014,C0045,1,0,45,CREDIT
S0008127,2026-08-04,P007,C0047,1,0,110,CARD
S0008128,2026-08-04,P005,C0024,2,10,84,CREDIT
S0008129,2026-08-04,P021,C0012,2,5,50,CREDIT
S0008130,2026-08-04,P005,C0052,2,0,104,CASH
S0008131,2026-08-04,P021,C0052,3,0,90,CARD
S0008132,2026-08-04,P001,C0049,1,0,310,UPI
S0008133,2026-08-04,P016,C0085,1,0,135,UPI
S0008134,2026-08-04,P003,,3,0,465,CARD
S0008135,2026-08-04,P004,C0029,5,10,675,UPI
S0008136,2026-08-04,P013,C0083,1,2,33,CREDIT
S0008137,2026-08-04,P006,C0006,2,0,50,CREDIT
S0008138,2026-08-04,P004,C0001,1,0,145,CREDIT
S0008139,2026-08-04,P014,C0077,1,2,43,UPI
S0008140,2026-08-04,P022,,1,0,105,UPI
S0008141,2026-08-04,P016,C0069,1,0,135,CASH
S0008142,2026-08-04,P001,C0053,3,0,930,CASH
S0008143,2026-08-04,P007,C0093,2,2,216,UPI
S0008144,2026-08-04,P004,,1,0,145,CASH
S0008145,2026-08-04,P005,C0019,1,0,52,CASH
S0008146,2026-08-04,P006,C0072,3,0,75,CASH
S0008147,2026-08-04,P010,C0069,1,0,18,CARD
S0008148,2026-08-05,P016,,2,0,270,CASH
S0008149,2026-08-05,P017,C0046,1,0,90,CARD
S0008150,2026-08-05,P002,C0035,1,0,255,UPI
S0008151,2026-08-05,P002,C0097,1,5,250,CARD
S0008152,2026-08-05,P015,,1,2,36,UPI
S0008153,2026-08-05,P008,,2,0,190,UPI
S0008154,2026-08-05,P023,,2,0,100,CASH
S0008155,2026-08-05,P012,C0004,1,5,47,CARD
S0008156,2026-08-05,P007,C0100,1,0,110,CREDIT
S0008157,2026-08-05,P005,C0099,2,0,104,CASH
S0008158,2026-08-05,P001,,2,10,600,CREDIT
S0008159,2026-08-05,P010,C0082,5,0,90,CARD
S0008160,2026-08-05,P016,C0006,2,2,266,CREDIT
S0008161,2026-08-05,P017,C0004,2,0,180,CASH
S0008162,2026-08-05,P018,,2,0,190,UPI
S0008163,2026-08-05,P001,C0014,5,0,1550,CARD
S0008164,2026-08-05,P023,C0032,3,0,150,CARD
S0008165,2026-08-05,P003,C0043,1,2,153,CASH
S0008166,2026-08-05,P017,,1,10,80,UPI
S0008167,2026-08-05,P021,C0037,1,0,30,CREDIT
S0008168,2026-08-05,P018,,2,0,190,CREDIT
S0008169,2026-08-05,P010,,3,5,39,CASH
S0008170,2026-08-05,P018,C0023,2,0,190,UPI
S0008171,2026-08-05,P021,C0087,1,2,28,CASH
S0008172,2026-08-05,P001,C0029,3,0,930,CARD
S0008173,2026-08-05,P016,C0083,3,2,399,UPI
S0008174,2026-08-05,P022,C0060,1,0,105,UPI
S0008175,2026-08-05,P022,C0013,2,0,210,CASH
S0008176,2026-08-05,P022,C0093,2,2,206,CREDIT
S0008177,2026-08-05,P009,,4,0,100,CREDIT
S0008178,2026-08-05,P020,C0002,4,2,192,CARD
S0008179,2026-08-05,P011,C0042,2,2,26,CARD
S0008180,2026-08-05,P016,C0048,2,10,250,CARD
S0008181,2026-08-05,P023,C0003,4,10,160,CARD
S0008182,2026-08-05,P006,,2,2,46,UPI
S0008183,2026-08-05,P014,C0056,1,2,43,UPI
S0008184,2026-08-05,P023,C0046,3,0,150,CASH
S0008185,2026-08-06,P017,,4,2,352,CREDIT
S0008186,2026-08-06,P001,C0009,3,0,930,UPI
S0008187,2026-08-06,P013,C0054,1,0,35,CREDIT
S0008188,2026-08-06,P008,C0058,1,0,95,CARD
S0008189,2026-08-06,P012,,1,0,52,UPI
S0008190,2026-08-06,P003,C0041,1,0,155,CASH
S0008191,2026-08-06,P015,C0012,1,0,38,CASH
S0008192,2026-08-06,P014,C0072,3,5,120,UPI
S0008193,2026-08-06,P010,,1,2,16,UPI
S0008194,2026-08-06,P005,C0029,2,0,104,UPI
S0008195,2026-08-06,P017,C0025,1,0,90,CREDIT
S0008196,2026-08-06,P024,C0079,6,0,192,CASH
S0008197,2026-08-06,P021,,1,2,28,CREDIT
S0008198,2026-08-06,P010,C0039,1,0,18,CREDIT
S0008199,2026-08-06,P016,,1,10,125,CASH
S0008200,2026-08-06,P011,,2,10,10,UPI
S0008201,2026-08-06,P018,C0087,2,0,190,CASH
S0008202,2026-08-06,P008,C0019,1,5,90,CARD
S0008203,2026-08-06,P006,C0039,2,0,50,UPI
S0008204,2026-08-06,P002,C0011,1,0,255,CREDIT
S0008205,2026-08-06,P023,C0040,2,0,100,UPI
S0008206,2026-08-06,P024,C0044,2,0,64,CASH
S0008207,2026-08-06,P013,C0014,1,2,33,CARD
S0008208,2026-08-06,P018,C0041,1,0,95,CREDIT
S0008209,2026-08-06,P010,C0075,1,10,8,UPI
S0008210,2026-08-06,P013,,1,0,35,CREDIT
S0008211,2026-08-06,P019,C0049,2,10,124,UPI
S0008212,2026-08-06,P006,C0022,1,0,25,CARD
S0008213,2026-08-06,P015,C0031,1,0,38,CASH
S0008214,2026-08-06,P008,C0019,1,5,90,CARD
S0008215,2026-08-07,P022,C0038,1,2,103,CARD
S0008216,2026-08-07,P006,,2,0,50,UPI
S0008217,2026-08-07,P011,C0069,1,5,10,CASH
S0008218,2026-08-07,P017,C0029,2,0,180,UPI
S0008219,2026-08-07,P009,,2,0,50,CASH
S0008220,2026-08-07,P020,C0051,4,0,200,CASH
S0008221,2026-08-07,P023,C0077,1,2,48,UPI
S0008222,2026-08-07,P015,C0013,3,0,114,CREDIT
S0008223,2026-08-07,P010,C0077,3,0,54,CASH
S0008224,2026-08-07,P005,C0039,1,0,52,UPI
S0008225,2026-08-07,P014,C0070,1,0,45,CASH
S0008226,2026-08-07,P004,C0088,1,0,145,CASH
S0008227,2026-08-07,P019,,1,0,72,CREDIT
S0008228,2026-08-07,P013,C0027,1,2,33,CREDIT
S0008229,2026-08-07,P001,C0029,2,0,620,CASH
S0008230,2026-08-07,P012,C0005,1,10,42,CASH
S0008231,2026-08-07,P004,C0030,5,10,675,CASH
S0008232,2026-08-07,P017,C0039,1,0,90,CARD
S0008233,2026-08-07,P001,C0020,6,0,1860,UPI
S0008234,2026-08-07,P014,C0086,1,0,45,UPI
S0008235,2026-08-07,P004,C0031,3,2,429,CASH
S0008236,2026-08-07,P007,C0080,1,0,110,CASH
S0008237,2026-08-07,P016,C0063,1,2,133,UPI
S0008238,2026-08-07,P020,C0001,4,0,200,UPI
S0008239,2026-08-07,P021,C0024,1,0,30,CARD
S0008240,2026-08-07,P014,C0049,2,0,90,CASH
S0008241,2026-08-07,P006,C0044,2,10,30,CREDIT
S0008242,2026-08-07,P023,C0087,2,5,90,CARD
S0008243,2026-08-07,P023,C0009,2,0,100,CARD
S0008244,2026-08-07,P012,C0040,3,2,150,UPI
S0008245,2026-08-08,P024,C0075,4,0,128,CASH
S0008246,2026-08-08,P008,C0037,1,0,95,CARD
S0008247,2026-08-08,P024,C0028,1,10,22,CASH
S0008248,2026-08-08,P024,C0011,3,0,96,CREDIT
S0008249,2026-08-08,P021,C0060,2,5,50,CREDIT
S0008250,2026-08-08,P018,C0010,1,10,85,CARD
S0008251,2026-08-08,P011,C0038,1,0,15,CREDIT
S0008252,2026-08-08,P024,,2,0,64,CASH
S0008253,2026-08-08,P015,,1,0,38,UPI
S0008254,2026-08-08,P020,C0097,2,0,100,CARD
S0008255,2026-08-08,P007,C0079,3,5,315,UPI
S0008256,2026-08-08,P003,C0058,1,5,150,CREDIT
S0008257,2026-08-08,P014,C0092,2,0,90,CREDIT
S0008258,2026-08-08,P011,C0045,6,0,90,CASH
S0008259,2026-08-08,P022,C0083,2,0,210,CREDIT
S0008260,2026-08-08,P003,C0004,4,0,620,CASH
S0008261,2026-08-08,P018,,1,0,95,CARD
S0008262,2026-08-08,P016,C0008,3,2,399,CREDIT
S0008263,2026-08-08,P022,,1,0,105,UPI
S0008264,2026-08-08,P005,C0032,1,0,52,UPI
S0008265,2026-08-08,P022,C0051,1,0,105,CREDIT
S0008266,2026-08-08,P021,C0088,1,2,28,CREDIT
S0008267,2026-08-08,P001,C0081,4,0,1240,CREDIT
S0008268,2026-08-08,P021,C0027,1,0,30,CARD
S0008269,2026-08-08,P008,C0020,2,0,190,CASH
S0008270,2026-08-08,P022,C0016,3,0,315,CARD
S0008271,2026-08-08,P019,C0010,2,0,144,CASH
S0008272,2026-08-08,P013,C0082,1,10,25,CARD
S0008273,2026-08-09,P021,C0048,1,2,28,CREDIT
S0008274,2026-08-09,P008,C0011,6,0,570,UPI
S0008275,2026-08-09,P010,C0020,1,10,8,CARD
S0008276,2026-08-09,P007,C0006,1,0,110,UPI
S0008277,2026-08-09,P024,C0059,4,0,128,CARD
S0008278,2026-08-09,P008,C0097,1,2,93,CASH
S0008279,2026-08-09,P008,C0090,2,5,180,UPI
S0008280,2026-08-09,P007,C0034,1,0,110,CREDIT
S0008281,2026-08-09,P012,C0085,1,2,50,CREDIT
S0008282,2026-08-09,P013,C0027,1,2,33,CASH
S0008283,2026-08-09,P016,C0069,1,10,125,CARD
S0008284,2026-08-09,P004,C0085,1,0,145,CASH
S0008285,2026-08-09,P022,C0053,3,0,315,CARD
S0008286,2026-08-09,P019,,2,0,144,CARD
S0008287,2026-08-09,P007,C0018,5,2,540,UPI
S0008288,2026-08-09,P004,C0100,1,0,145,CARD
S0008289,2026-08-09,P022,C0004,2,10,190,CREDIT
S0008290,2026-08-09,P012,C0090,2,0,104,CREDIT
S0008291,2026-08-09,P013,C0024,5,0,175,CREDIT
S0008292,2026-08-09,P015,,1,10,28,CASH
S0008293,2026-08-09,P012,,2,0,104,CASH
S0008294,2026-08-09,P016,C0036,4,0,540,CARD
S0008295,2026-08-09,P012,,1,0,52,CASH
S0008296,2026-08-09,P016,C0047,4,10,500,CREDIT
S0008297,2026-08-09,P011,C0050,1,10,5,CREDIT
S0008298,2026-08-09,P014,C0068,3,0,135,CREDIT
S0008299,2026-08-09,P017,C0076,5,0,450,CREDIT
S0008300,2026-08-09,P006,C0036,2,0,50,CARD
S0008301,2026-08-09,P023,,2,0,100,UPI
S0008302,2026-08-09,P001,C0053,1,0,310,CASH
S0008303,2026-08-09,P011,C0053,5,0,75,CASH
S0008304,2026-08-09,P019,C0042,2,0,144,CREDIT
S0008305,2026-08-09,P018,,1,0,95,UPI
S0008306,2026-08-09,P005,C0087,2,10,84,UPI
S0008307,2026-08-09,P014,C0017,2,10,70,CREDIT
S0008308,2026-08-09,P014,C0064,1,5,40,CASH
S0008309,2026-08-09,P020,C0095,1,0,50,CARD
S0008310,2026-08-09,P023,C0079,1,0,50,CREDIT
S0008311,2026-08-09,P019,C0028,2,10,124,CARD
S0008312,2026-08-09,P022,,2,0,210,CASH
S0008313,2026-08-09,P003,C0074,2,0,310,UPI
S0008314,2026-08-10,P010,,2,0,36,CARD
S0008315,2026-08-10,P001,C0019,1,0,310,CASH
S0008316,2026-08-10,P010,C0060,2,0,36,UPI
S0008317,2026-08-10,P010,C0064,2,0,36,CREDIT
S0008318,2026-08-10,P005,C0015,1,0,52,CARD
S0008319,2026-08-10,P023,C0007,4,5,180,CREDIT
S0008320,2026-08-10,P001,C0030,1,0,310,CASH
S0008321,2026-08-10,P003,C0058,2,0,310,CASH
S0008322,2026-08-10,P008,C0057,1,0,95,CASH
S0008323,2026-08-10,P023,,5,0,250,CARD
S0008324,2026-08-10,P011,C0092,1,0,15,CREDIT
S0008325,2026-08-10,P016,C0099,1,0,135,CREDIT
S0008326,2026-08-10,P001,C0026,1,0,310,CREDIT
S0008327,2026-08-10,P021,C0086,1,0,30,CASH
S0008328,2026-08-10,P017,C0026,1,0,90,UPI
S0008329,2026-08-10,P004,C0018,2,0,290,CASH
S0008330,2026-08-10,P001,,2,10,600,UPI
S0008331,2026-08-10,P024,C0067,1,5,27,CARD
S0008332,2026-08-10,P017,C0017,1,0,90,CREDIT
S0008333,2026-08-10,P009,,3,10,45,CASH
S0008334,2026-08-10,P007,C0028,2,10,200,CREDIT
S0008335,2026-08-10,P015,C0074,3,5,99,CREDIT
S0008336,2026-08-10,P001,C0066,2,10,600,CASH
S0008337,2026-08-10,P023,C0078,1,2,48,CREDIT
S0008338,2026-08-10,P016,C0095,1,5,130,UPI
S0008339,2026-08-10,P023,C0049,1,0,50,UPI
S0008340,2026-08-10,P011,C0087,3,5,30,CARD
S0008341,2026-08-10,P020,,6,0,300,CREDIT
S0008342,2026-08-10,P020,C0004,2,0,100,CARD
S0008343,2026-08-10,P014,C0073,1,0,45,UPI
S0008344,2026-08-10,P004,C0025,1,10,135,CASH
S0008345,2026-08-10,P009,C0048,1,2,23,UPI
S0008346,2026-08-10,P019,C0048,2,0,144,UPI
S0008347,2026-08-10,P021,C0001,1,10,20,UPI
S0008348,2026-08-10,P004,C0038,5,0,725,CREDIT
S0008349,2026-08-10,P004,C0045,1,0,145,UPI
S0008350,2026-08-10,P018,C0028,4,0,380,UPI
S0008351,2026-08-11,P010,C0082,2,0,36,UPI
S0008352,2026-08-11,P002,C0008,2,0,510,CARD
S0008353,2026-08-11,P008,C0045,2,0,190,CREDIT
S0008354,2026-08-11,P013,C0044,2,2,66,UPI
S0008355,2026-08-11,P022,,2,0,210,CARD
S0008356,2026-08-11,P007,C0082,6,2,648,UPI
S0008357,2026-08-11,P009,C0083,3,2,69,CASH
S0008358,2026-08-11,P016,C0059,3,0,405,CARD
S0008359,2026-08-11,P012,C0007,4,2,200,CASH
S0008360,2026-08-11,P002,C0082,1,2,253,UPI
S0008361,2026-08-11,P004,C0067,1,0,145,CARD
S0008362,2026-08-11,P013,C0058,2,0,70,UPI
S0008363,2026-08-11,P016,,2,10,250,CREDIT
S0008364,2026-08-11,P018,C0005,3,0,285,UPI
S0008365,2026-08-11,P020,C0020,2,0,100,CREDIT
S0008366,2026-08-11,P022,C0052,2,0,210,CASH
S0008367,2026-08-11,P016,C0014,2,5,260,CREDIT
S0008368,2026-08-11,P003,C0047,1,0,155,CREDIT
S0008369,2026-08-11,P014,C0067,2,10,70,CREDIT
S0008370,2026-08-11,P004,C0073,3,0,435,CREDIT
S0008371,2026-08-11,P013,C0046,1,0,35,CASH
S0008372,2026-08-11,P022,C0021,2,0,210,CREDIT
S0008373,2026-08-11,P003,,2,0,310,UPI
S0008374,2026-08-11,P024,,1,0,32,UPI
S0008375,2026-08-11,P011,C0027,1,2,13,CARD
S0008376,2026-08-11,P007,C0046,6,0,660,UPI
S0008377,2026-08-11,P019,C0055,1,0,72,CARD
S0008378,2026-08-11,P015,C0020,1,5,33,CARD
S0008379,2026-08-11,P008,C0031,1,0,95,CASH
S0008380,2026-08-11,P019,C0076,2,5,134,CASH
S0008381,2026-08-11,P010,C0050,2,0,36,CREDIT
S0008382,2026-08-11,P022,C0013,2,0,210,CREDIT
S0008383,2026-08-11,P023,C0043,1,0,50,UPI
S0008384,2026-08-11,P003,C0043,4,5,600,CARD
S0008385,2026-08-11,P014,C0071,1,0,45,CREDIT
S0008386,2026-08-11,P020,C0027,1,10,40,UPI
S0008387,2026-08-11,P007,C0020,2,0,220,CARD
S0008388,2026-08-11,P007,,1,0,110,CREDIT
S0008389,2026-08-11,P006,C0097,4,0,100,CREDIT
S0008390,2026-08-11,P014,C0072,5,2,215,CASH
S0008391,2026-08-12,P009,C0009,3,0,75,CARD
S0008392,2026-08-12,P024,C0008,5,5,135,CASH
S0008393,2026-08-12,P011,,1,0,15,CARD
S0008394,2026-08-12,P010,C0014,2,0,36,CASH
S0008395,2026-08-12,P001,C0070,1,10,300,CREDIT
S0008396,2026-08-12,P007,C0069,3,0,330,CREDIT
S0008397,2026-08-12,P005,,1,5,47,UPI
S0008398,2026-08-12,P021,C0098,2,0,60,CASH
S0008399,2026-08-12,P018,C0092,1,10,85,CASH
S0008400,2026-08-12,P016,C0061,1,10,125,CREDIT
S0008401,2026-08-12,P015,C0097,2,5,66,UPI
S0008402,2026-08-12,P004,C0065,4,10,540,CARD
S0008403,2026-08-12,P005,C0017,2,0,104,CREDIT
S0008404,2026-08-12,P021,,4,2,112,CREDIT
S0008405,2026-08-12,P007,C0100,1,0,110,UPI
S0008406,2026-08-12,P001,,2,0,620,UPI
S0008407,2026-08-12,P005,C0007,2,0,104,CASH
S0008408,2026-08-12,P023,C0036,1,10,40,CASH
S0008409,2026-08-12,P007,C0087,2,0,220,CARD
S0008410,2026-08-12,P016,,2,0,270,UPI
S0008411,2026-08-12,P012,C0085,2,5,94,CREDIT
S0008412,2026-08-12,P023,C0058,3,5,135,CREDIT
S0008413,2026-08-12,P004,C0080,2,10,270,CREDIT
S0008414,2026-08-12,P004,C0075,1,5,140,CREDIT
S0008415,2026-08-12,P004,C0047,1,0,145,CREDIT
S0008416,2026-08-12,P012,C0052,2,10,84,CREDIT
S0008417,2026-08-12,P015,C0038,1,0,38,UPI
S0008418,2026-08-12,P020,C0093,1,2,48,CREDIT
S0008419,2026-08-12,P017,C0031,2,10,160,CASH
S0008420,2026-08-12,P010,C0035,2,10,16,UPI
S0008421,2026-08-12,P001,C0092,1,2,308,CARD
S0008422,2026-08-13,P005,,1,0,52,CARD
S0008423,2026-08-13,P005,C0049,3,5,141,CARD
S0008424,2026-08-13,P007,C0059,2,10,200,CASH
S0008425,2026-08-13,P023,C0017,2,0,100,UPI
S0008426,2026-08-13,P019,C0098,2,0,144,CARD
S0008427,2026-08-13,P008,C0091,1,2,93,UPI
S0008428,2026-08-13,P015,C0047,2,0,76,CARD
S0008429,2026-08-13,P016,C0032,1,5,130,CREDIT
S0008430,2026-08-13,P002,C0015,5,10,1225,CARD
S0008431,2026-08-13,P016,C0082,3,10,375,UPI
S0008432,2026-08-13,P003,C0005,2,0,310,UPI
S0008433,2026-08-13,P002,C0051,1,0,255,CASH
S0008434,2026-08-13,P014,C0004,1,0,45,UPI
S0008435,2026-08-13,P005,C0045,1,0,52,CASH
S0008436,2026-08-13,P022,,2,0,210,CREDIT
S0008437,2026-08-13,P011,C0059,1,2,13,CASH
S0008438,2026-08-13,P008,C0037,2,0,190,CASH
S0008439,2026-08-13,P012,,1,0,52,UPI
S0008440,2026-08-13,P020,C0014,6,0,300,CARD
S0008441,2026-08-13,P019,C0061,1,0,72,UPI
S0008442,2026-08-13,P009,C0032,5,0,125,CREDIT
S0008443,2026-08-13,P021,,4,0,120,CARD
S0008444,2026-08-13,P022,C0031,2,10,190,CASH
S0008445,2026-08-13,P001,C0012,3,0,930,CREDIT
S0008446,2026-08-13,P023,,2,0,100,CREDIT
S0008447,2026-08-13,P014,C0019,2,0,90,CASH
S0008448,2026-08-13,P010,C0069,1,0,18,CARD
S0008449,2026-08-13,P009,,1,10,15,CASH
S0008450,2026-08-13,P024,C0086,2,0,64,CASH
S0008451,2026-08-13,P010,C0006,2,0,36,UPI
S0008452,2026-08-13,P023,C0087,2,5,90,CASH
S0008453,2026-08-13,P001,C0051,1,2,308,UPI
S0008454,2026-08-13,P003,C0086,1,0,155,CREDIT
S0008455,2026-08-13,P001,C0012,1,0,310,UPI
S0008456,2026-08-13,P018,C0044,1,10,85,CARD
S0008457,2026-08-13,P007,C0019,1,10,100,CREDIT
S0008458,2026-08-13,P004,C0084,1,0,145,CASH
S0008459,2026-08-13,P024,,1,0,32,CASH
S0008460,2026-08-13,P008,,3,0,285,CREDIT
S0008461,2026-08-14,P021,C0049,2,0,60,CASH
S0008462,2026-08-14,P001,,1,0,310,UPI
S0008463,2026-08-14,P002,C0005,2,5,500,UPI
S0008464,2026-08-14,P017,C0077,1,10,80,CASH
S0008465,2026-08-14,P003,C0057,2,2,306,UPI
S0008466,2026-08-14,P024,,1,0,32,CARD
S0008467,2026-08-14,P018,C0023,6,0,570,CASH
S0008468,2026-08-14,P011,C0036,2,5,20,UPI
S0008469,2026-08-14,P011,,1,2,13,CASH
S0008470,2026-08-14,P020,C0007,3,5,135,CASH
S0008471,2026-08-14,P002,C0091,1,0,255,CASH
S0008472,2026-08-14,P021,C0054,3,0,90,CREDIT
S0008473,2026-08-14,P003,C0099,2,0,310,CREDIT
S0008474,2026-08-14,P013,C0069,3,0,105,UPI
S0008475,2026-08-14,P017,,1,10,80,UPI
S0008476,2026-08-14,P005,C0087,4,0,208,CREDIT
S0008477,2026-08-14,P017,C0045,3,0,270,CARD
S0008478,2026-08-14,P015,C0033,1,5,33,CREDIT
S0008479,2026-08-14,P001,C0045,1,10,300,CASH
S0008480,2026-08-14,P003,,1,10,145,UPI
S0008481,2026-08-14,P002,C0088,6,0,1530,CASH
S0008482,2026-08-14,P022,C0095,1,10,95,CASH
S0008483,2026-08-14,P001,C0079,2,10,600,CREDIT
S0008484,2026-08-14,P016,C0078,1,0,135,CREDIT
S0008485,2026-08-14,P020,C0038,1,2,48,CASH
S0008486,2026-08-14,P004,C0075,2,2,286,UPI
S0008487,2026-08-14,P024,C0018,5,0,160,CREDIT
S0008488,2026-08-14,P020,C0061,2,0,100,CREDIT
S0008489,2026-08-14,P024,C0046,3,10,66,UPI
S0008490,2026-08-14,P024,C0052,2,0,64,CREDIT
S0008491,2026-08-14,P014,C0089,1,0,45,UPI
S0008492,2026-08-15,P017,C0062,5,0,450,CREDIT
S0008493,2026-08-15,P005,C0068,4,5,188,CASH
S0008494,2026-08-15,P014,C0056,1,0,45,CARD
S0008495,2026-08-15,P001,C0094,1,0,310,CREDIT
S0008496,2026-08-15,P021,C0059,1,0,30,CREDIT
S0008497,2026-08-15,P006,C0021,5,2,115,CASH
S0008498,2026-08-15,P014,C0056,4,0,180,CREDIT
S0008499,2026-08-15,P017,C0089,3,10,240,UPI
S0008500,2026-08-15,P019,C0089,1,5,67,CASH
S0008501,2026-08-15,P015,C0051,2,5,66,UPI
S0008502,2026-08-15,P013,C0042,2,10,50,CASH
S0008503,2026-08-15,P006,,1,2,23,UPI
S0008504,2026-08-15,P015,C0075,2,0,76,CASH
S0008505,2026-08-15,P011,C0069,1,2,13,UPI
S0008506,2026-08-15,P005,C0044,1,0,52,CREDIT
S0008507,2026-08-15,P016,C0020,4,0,540,CREDIT
S0008508,2026-08-15,P011,,3,2,39,CREDIT
S0008509,2026-08-15,P013,C0004,2,0,70,CASH
S0008510,2026-08-15,P018,C0095,2,0,190,UPI
S0008511,2026-08-15,P011,,1,0,15,UPI
S0008512,2026-08-15,P023,C0016,3,0,150,CREDIT
S0008513,2026-08-15,P004,C0050,3,10,405,CARD
S0008514,2026-08-15,P016,C0075,3,2,399,CASH
S0008515,2026-08-15,P019,,3,0,216,CASH
S0008516,2026-08-15,P019,C0046,1,10,62,CREDIT
S0008517,2026-08-15,P012,C0012,1,10,42,CREDIT
S0008518,2026-08-15,P003,C0015,2,5,300,CARD
S0008519,2026-08-15,P017,C0006,1,0,90,UPI
S0008520,2026-08-15,P021,C0100,3,0,90,UPI
S0008521,2026-08-15,P001,C0078,1,5,305,CASH
S0008522,2026-08-15,P009,C0077,1,0,25,CASH
S0008523,2026-08-15,P017,C0072,1,0,90,CREDIT
S0008524,2026-08-15,P012,C0060,6,5,282,UPI
S0008525,2026-08-15,P021,C0083,1,0,30,UPI
S0008526,2026-08-15,P005,C0026,2,2,100,UPI
S0008527,2026-08-15,P004,C0094,2,0,290,CASH
S0008528,2026-08-16,P011,C0002,3,5,30,UPI
S0008529,2026-08-16,P021,C0051,2,2,56,UPI
S0008530,2026-08-16,P016,C0022,4,0,540,UPI
S0008531,2026-08-16,P013,C0083,1,5,30,CARD
S0008532,2026-08-16,P005,C0021,1,0,52,CASH
S0008533,2026-08-16,P007,C0078,5,0,550,CASH
S0008534,2026-08-16,P004,C0072,1,5,140,UPI
S0008535,2026-08-16,P013,,2,0,70,UPI
S0008536,2026-08-16,P001,C0064,3,10,900,CASH
S0008537,2026-08-16,P001,,1,0,310,CARD
S0008538,2026-08-16,P006,C0084,3,0,75,CREDIT
S0008539,2026-08-16,P005,C0090,1,0,52,CREDIT
S0008540,2026-08-16,P012,C0061,1,0,52,CARD
S0008541,2026-08-16,P001,,1,5,305,CARD
S0008542,2026-08-16,P016,C0089,3,10,375,UPI
S0008543,2026-08-16,P021,C0036,1,10,20,CARD
S0008544,2026-08-16,P013,C0077,3,5,90,CARD
S0008545,2026-08-16,P014,C0100,5,5,200,CREDIT
S0008546,2026-08-16,P009,C0093,2,0,50,CREDIT
S0008547,2026-08-16,P018,,2,0,190,CASH
S0008548,2026-08-16,P012,C0039,2,5,94,CARD
S0008549,2026-08-16,P012,C0033,1,0,52,CARD
S0008550,2026-08-16,P024,C0036,2,0,64,CREDIT
S0008551,2026-08-16,P021,,2,0,60,CREDIT
S0008552,2026-08-16,P012,C0066,6,10,252,CASH
S0008553,2026-08-16,P022,,5,5,500,CARD
S0008554,2026-08-16,P017,,4,0,360,CARD
S0008555,2026-08-17,P018,,2,5,180,CASH
S0008556,2026-08-17,P022,C0084,4,0,420,CREDIT
S0008557,2026-08-17,P021,,1,0,30,CREDIT
S0008558,2026-08-17,P016,C0056,5,0,675,CREDIT
S0008559,2026-08-17,P010,C0041,1,2,16,CASH
S0008560,2026-08-17,P005,,2,0,104,CREDIT
S0008561,2026-08-17,P016,C0068,3,0,405,CREDIT
S0008562,2026-08-17,P001,,5,2,1540,CARD
S0008563,2026-08-17,P008,C0099,1,0,95,CREDIT
S0008564,2026-08-17,P020,C0028,3,2,144,CARD
S0008565,2026-08-17,P010,,2,0,36,CREDIT
S0008566,2026-08-17,P020,C0044,1,5,45,UPI
S0008567,2026-08-17,P012,C0098,3,0,156,CARD
S0008568,2026-08-17,P011,C0008,2,10,10,CARD
S0008569,2026-08-17,P024,C0077,2,0,64,CASH
S0008570,2026-08-17,P018,C0052,1,0,95,CREDIT
S0008571,2026-08-17,P006,,2,5,40,UPI
S0008572,2026-08-17,P002,C0026,2,0,510,CARD
S0008573,2026-08-17,P006,C0078,1,10,15,CASH
S0008574,2026-08-17,P019,C0090,1,0,72,CREDIT
S0008575,2026-08-17,P015,,5,0,190,CREDIT
S0008576,2026-08-17,P005,C0076,2,10,84,CARD
S0008577,2026-08-17,P009,,3,5,60,CARD
S0008578,2026-08-17,P022,C0088,1,5,100,UPI
S0008579,2026-08-17,P008,,1,2,93,UPI
S0008580,2026-08-17,P003,C0018,1,0,155,CARD
S0008581,2026-08-17,P018,C0015,1,0,95,CARD
S0008582,2026-08-17,P002,C0017,2,5,500,UPI
S0008583,2026-08-17,P010,C0003,2,0,36,CASH
S0008584,2026-08-17,P018,C0040,2,0,190,CASH
S0008585,2026-08-17,P011,,1,0,15,UPI
S0008586,2026-08-17,P005,C0077,2,0,104,CARD
S0008587,2026-08-17,P022,C0087,1,5,100,CASH
S0008588,2026-08-17,P008,C0063,1,10,85,CARD
S0008589,2026-08-17,P007,,5,0,550,UPI
S0008590,2026-08-17,P004,C0031,2,0,290,CARD
S0008591,2026-08-17,P019,C0036,2,0,144,CASH
S0008592,2026-08-17,P013,C0024,1,0,35,CREDIT
S0008593,2026-08-17,P009,C0071,4,0,100,CREDIT
S0008594,2026-08-17,P022,,2,0,210,CASH
S0008595,2026-08-17,P022,C0015,3,0,315,UPI
S0008596,2026-08-17,P017,C0064,1,0,90,CASH
S0008597,2026-08-17,P017,C0071,5,0,450,CARD
S0008598,2026-08-18,P012,C0044,1,0,52,UPI
S0008599,2026-08-18,P009,C0097,1,5,20,CREDIT
S0008600,2026-08-18,P002,C0078,4,10,980,UPI
S0008601,2026-08-18,P019,C0042,1,0,72,UPI
S0008602,2026-08-18,P003,C0086,1,0,155,CARD
S0008603,2026-08-18,P012,C0046,1,10,42,CARD
S0008604,2026-08-18,P022,C0089,1,0,105,CREDIT
S0008605,2026-08-18,P023,,1,0,50,CREDIT
S0008606,2026-08-18,P005,C0024,3,0,156,UPI
S0008607,2026-08-18,P014,C0026,2,0,90,CASH
S0008608,2026-08-18,P015,C0050,1,0,38,UPI
S0008609,2026-08-18,P005,C0012,2,10,84,CARD
S0008610,2026-08-18,P016,C0055,1,0,135,CASH
S0008611,2026-08-18,P014,,1,0,45,UPI
S0008612,2026-08-18,P006,C0055,2,10,30,UPI
S0008613,2026-08-18,P017,C0068,3,0,270,UPI
S0008614,2026-08-18,P017,C0084,3,10,240,CREDIT
S0008615,2026-08-18,P013,C0002,3,0,105,UPI
S0008616,2026-08-18,P014,C0030,1,2,43,UPI
S0008617,2026-08-18,P020,C0056,5,10,200,CASH
S0008618,2026-08-18,P001,,3,10,900,CASH
S0008619,2026-08-18,P020,C0044,4,2,192,UPI
S0008620,2026-08-18,P014,C0064,1,5,40,UPI
S0008621,2026-08-18,P010,C0005,5,0,90,CARD
S0008622,2026-08-18,P024,,3,2,90,CASH
S0008623,2026-08-18,P005,C0091,3,5,141,CREDIT
S0008624,2026-08-18,P015,C0087,1,0,38,UPI
S0008625,2026-08-18,P006,C0028,3,10,45,CARD
S0008626,2026-08-19,P008,C0100,2,10,170,UPI
S0008627,2026-08-19,P010,C0045,2,2,32,UPI
S0008628,2026-08-19,P022,C0084,2,0,210,CASH
S0008629,2026-08-19,P002,C0048,5,0,1275,CASH
S0008630,2026-08-19,P013,C0047,1,0,35,UPI
S0008631,2026-08-19,P022,C0071,2,0,210,CASH
S0008632,2026-08-19,P024,C0014,2,0,64,CASH
S0008633,2026-08-19,P009,C0061,3,0,75,CARD
S0008634,2026-08-19,P012,C0049,2,0,104,CREDIT
S0008635,2026-08-19,P006,C0079,4,2,92,UPI
S0008636,2026-08-19,P004,C0043,5,5,700,CARD
S0008637,2026-08-19,P019,C0096,1,0,72,CARD
S0008638,2026-08-19,P021,C0025,1,0,30,UPI
S0008639,2026-08-19,P017,C0091,1,10,80,CASH
S0008640,2026-08-19,P021,C0032,1,0,30,CREDIT
S0008641,2026-08-19,P020,C0029,2,0,100,UPI
S0008642,2026-08-19,P002,C0084,4,5,1000,CASH
S0008643,2026-08-19,P022,C0062,4,2,412,CREDIT
S0008644,2026-08-19,P004,C0083,1,5,140,UPI
S0008645,2026-08-19,P011,C0053,1,0,15,CASH
S0008646,2026-08-19,P022,C0015,2,2,206,CREDIT
S0008647,2026-08-19,P020,C0050,2,0,100,CARD
S0008648,2026-08-19,P003,C0028,1,0,155,CASH
S0008649,2026-08-19,P017,,4,0,360,CREDIT
S0008650,2026-08-19,P005,C0079,5,5,235,UPI
S0008651,2026-08-19,P024,C0094,1,0,32,CREDIT
S0008652,2026-08-19,P008,C0080,4,10,340,CASH
S0008653,2026-08-19,P006,C0076,1,0,25,CASH
S0008654,2026-08-19,P013,,3,2,99,UPI
S0008655,2026-08-19,P011,C0028,2,0,30,CREDIT
S0008656,2026-08-19,P014,C0062,1,10,35,UPI
S0008657,2026-08-19,P001,C0018,5,0,1550,CREDIT
S0008658,2026-08-19,P016,C0057,2,0,270,CARD
S0008659,2026-08-19,P012,C0077,3,10,126,UPI
S0008660,2026-08-19,P012,C0026,1,10,42,UPI
S0008661,2026-08-19,P009,C0041,1,0,25,UPI
S0008662,2026-08-20,P001,C0023,2,10,600,UPI
S0008663,2026-08-20,P005,C0083,1,10,42,CREDIT
S0008664,2026-08-20,P024,C0067,2,10,44,CASH
S0008665,2026-08-20,P018,C0072,2,0,190,UPI
S0008666,2026-08-20,P007,C0040,3,5,315,CARD
S0008667,2026-08-20,P002,C0077,2,0,510,CARD
S0008668,2026-08-20,P017,C0058,4,0,360,CREDIT
S0008669,2026-08-20,P002,C0084,2,0,510,UPI
S0008670,2026-08-20,P009,C0078,2,0,50,CASH
S0008671,2026-08-20,P009,C0088,1,0,25,CREDIT
S0008672,2026-08-20,P022,C0039,1,0,105,UPI
S0008673,2026-08-20,P018,C0093,1,5,90,CASH
S0008674,2026-08-20,P008,C0055,2,10,170,UPI
S0008675,2026-08-20,P002,,1,0,255,CASH
S0008676,2026-08-20,P018,C0017,1,5,90,CREDIT
S0008677,2026-08-20,P006,C0007,3,0,75,CARD
S0008678,2026-08-20,P004,C0032,1,0,145,CARD
S0008679,2026-08-20,P013,C0013,1,0,35,CARD
S0008680,2026-08-20,P006,C0001,1,0,25,UPI
S0008681,2026-08-20,P008,C0085,3,2,279,CASH
S0008682,2026-08-20,P012,C0031,1,10,42,CASH
S0008683,2026-08-20,P002,C0071,2,10,490,CASH
S0008684,2026-08-20,P022,C0010,2,5,200,CREDIT
S0008685,2026-08-20,P017,C0093,2,0,180,CREDIT
S0008686,2026-08-20,P008,,2,0,190,UPI
S0008687,2026-08-20,P008,C0073,3,2,279,UPI
S0008688,2026-08-21,P021,C0062,1,5,25,CASH
S0008689,2026-08-21,P024,C0077,1,0,32,UPI
S0008690,2026-08-21,P015,C0066,1,5,33,CARD
S0008691,2026-08-21,P021,C0055,1,0,30,CREDIT
S0008692,2026-08-21,P006,C0006,2,0,50,UPI
S0008693,2026-08-21,P012,C0011,2,0,104,CARD
S0008694,2026-08-21,P023,C0013,1,5,45,UPI
S0008695,2026-08-21,P016,C0059,3,0,405,UPI
S0008696,2026-08-21,P014,C0035,1,0,45,CARD
S0008697,2026-08-21,P001,C0084,1,10,300,CARD
S0008698,2026-08-21,P004,C0028,2,0,290,CREDIT
S0008699,2026-08-21,P001,C0048,1,2,308,UPI
S0008700,2026-08-21,P004,C0075,1,10,135,UPI
S0008701,2026-08-21,P020,,1,0,50,CARD
S0008702,2026-08-21,P012,,5,0,260,CARD
S0008703,2026-08-21,P014,C0061,3,2,129,CASH
S0008704,2026-08-21,P020,C0045,1,0,50,CARD
S0008705,2026-08-21,P013,C0015,4,10,100,CASH
S0008706,2026-08-21,P015,C0064,3,0,114,UPI
S0008707,2026-08-21,P008,C0058,2,0,190,UPI
S0008708,2026-08-21,P023,C0087,3,10,120,CREDIT
S0008709,2026-08-21,P005,C0055,1,10,42,CASH
S0008710,2026-08-21,P019,C0052,1,0,72,UPI
S0008711,2026-08-21,P005,C0052,2,5,94,CREDIT
S0008712,2026-08-21,P015,C0029,2,2,72,UPI
S0008713,2026-08-21,P012,C0064,2,0,104,CASH
S0008714,2026-08-21,P015,C0026,2,0,76,CREDIT
S0008715,2026-08-21,P024,,5,0,160,UPI
S0008716,2026-08-22,P006,C0018,2,5,40,CASH
S0008717,2026-08-22,P022,,4,5,400,CARD
S0008718,2026-08-22,P022,C0009,2,0,210,CARD
S0008719,2026-08-22,P010,C0051,3,10,24,CREDIT
S0008720,2026-08-22,P006,C0055,1,0,25,CASH
S0008721,2026-08-22,P024,C0001,1,0,32,CARD
S0008722,2026-08-22,P022,C0010,3,0,315,CREDIT
S0008723,2026-08-22,P014,C0013,1,10,35,CARD
S0008724,2026-08-22,P006,C0086,1,5,20,UPI
S0008725,2026-08-22,P012,C0038,1,0,52,CASH
S0008726,2026-08-22,P004,C0051,1,2,143,CREDIT
S0008727,2026-08-22,P007,C0034,3,0,330,CREDIT
S0008728,2026-08-22,P001,C0033,1,10,300,CREDIT
S0008729,2026-08-22,P011,C0069,2,0,30,CREDIT
S0008730,2026-08-22,P019,,1,2,70,CREDIT
S0008731,2026-08-22,P001,C0049,3,0,930,CASH
S0008732,2026-08-22,P001,C0036,1,0,310,CASH
S0008733,2026-08-22,P016,C0078,2,5,260,CASH
S0008734,2026-08-22,P013,C0030,3,5,90,UPI
S0008735,2026-08-22,P012,C0024,1,2,50,CASH
S0008736,2026-08-22,P023,C0015,4,2,192,CASH
S0008737,2026-08-22,P016,C0050,2,0,270,CARD
S0008738,2026-08-22,P020,C0036,2,0,100,UPI
S0008739,2026-08-22,P002,C0007,1,0,255,CREDIT
S0008740,2026-08-22,P024,C0019,5,5,135,UPI
S0008741,2026-08-22,P003,C0058,3,2,459,CASH
S0008742,2026-08-22,P005,C0021,1,2,50,CARD
S0008743,2026-08-22,P016,C0067,1,0,135,CASH
S0008744,2026-08-22,P001,C0069,3,0,930,UPI
S0008745,2026-08-22,P015,C0075,2,5,66,CREDIT
S0008746,2026-08-22,P021,,3,0,90,CREDIT
S0008747,2026-08-22,P011,C0058,2,5,20,CARD
S0008748,2026-08-22,P019,,3,0,216,CARD
S0008749,2026-08-22,P019,C0058,1,2,70,UPI
S0008750,2026-08-22,P011,,1,0,15,CASH
S0008751,2026-08-22,P004,C0016,2,0,290,UPI
S0008752,2026-08-22,P009,,6,2,138,CREDIT
S0008753,2026-08-22,P011,C0046,1,0,15,UPI
S0008754,2026-08-22,P018,C0069,2,2,186,UPI
S0008755,2026-08-22,P001,C0010,2,0,620,CREDIT
S0008756,2026-08-23,P007,,3,5,315,CARD
S0008757,2026-08-23,P014,C0032,1,10,35,UPI
S0008758,2026-08-23,P014,,6,0,270,UPI
S0008759,2026-08-23,P006,C0060,3,2,69,CARD
S0008760,2026-08-23,P012,,4,0,208,CASH
S0008761,2026-08-23,P024,C0097,2,10,44,CREDIT
S0008762,2026-08-23,P004,C0077,4,0,580,CARD
S0008763,2026-08-23,P020,C0028,1,0,50,CREDIT
S0008764,2026-08-23,P018,C0010,1,2,93,UPI
S0008765,2026-08-23,P019,,4,10,248,CASH
S0008766,2026-08-23,P017,C0089,1,10,80,UPI
S0008767,2026-08-23,P013,C0022,1,2,33,UPI
S0008768,2026-08-23,P004,C0027,3,10,405,UPI
S0008769,2026-08-23,P016,C0055,3,0,405,CREDIT
S0008770,2026-08-23,P012,,1,0,52,CASH
S0008771,2026-08-23,P004,C0029,4,0,580,CASH
S0008772,2026-08-23,P014,,2,0,90,CASH
S0008773,2026-08-23,P003,C0079,2,0,310,CARD
S0008774,2026-08-23,P009,C0005,3,2,69,UPI
S0008775,2026-08-23,P010,C0078,1,5,13,UPI
S0008776,2026-08-23,P008,C0087,1,0,95,CASH
S0008777,2026-08-23,P020,C0096,1,0,50,CARD
S0008778,2026-08-23,P012,C0100,2,2,100,CARD
S0008779,2026-08-23,P017,C0044,2,0,180,CREDIT
S0008780,2026-08-23,P008,C0077,3,5,270,UPI
S0008781,2026-08-23,P005,,3,0,156,CARD
S0008782,2026-08-23,P024,C0078,2,0,64,CASH
S0008783,2026-08-23,P005,C0100,3,0,156,CARD
S0008784,2026-08-23,P004,,1,0,145,CARD
S0008785,2026-08-23,P003,C0077,1,10,145,CASH
S0008786,2026-08-23,P011,,4,2,52,UPI
S0008787,2026-08-23,P021,,1,5,25,CARD
S0008788,2026-08-23,P016,C0054,1,10,125,CASH
S0008789,2026-08-23,P004,C0091,2,10,270,CASH
S0008790,2026-08-23,P023,C0052,1,0,50,UPI
S0008791,2026-08-23,P004,C0070,4,5,560,CREDIT
S0008792,2026-08-23,P008,C0077,1,2,93,CARD
S0008793,2026-08-23,P012,C0013,1,0,52,CASH
S0008794,2026-08-23,P024,C0072,1,10,22,CARD
S0008795,2026-08-23,P011,C0013,2,0,30,CARD
S0008796,2026-08-23,P013,C0100,1,0,35,UPI
S0008797,2026-08-23,P020,C0002,2,0,100,CREDIT
S0008798,2026-08-23,P020,C0067,4,0,200,CARD
S0008799,2026-08-23,P020,C0084,4,0,200,CREDIT
S0008800,2026-08-23,P023,C0040,1,5,45,CARD
S0008801,2026-08-23,P019,C0060,2,2,140,CASH
S0008802,2026-08-23,P021,,2,0,60,UPI
S0008803,2026-08-23,P018,C0079,5,5,450,CASH
S0008804,2026-08-23,P023,C0059,6,0,300,CREDIT
S0008805,2026-08-23,P021,,1,10,20,CASH
S0008806,2026-08-23,P011,C0098,3,5,30,UPI
S0008807,2026-08-23,P014,C0066,1,0,45,UPI
S0008808,2026-08-23,P003,C0028,1,0,155,CREDIT
S0008809,2026-08-23,P007,C0058,1,0,110,UPI
S0008810,2026-08-23,P016,C0018,2,5,260,UPI
S0008811,2026-08-24,P016,C0029,2,5,260,CARD
S0008812,2026-08-24,P001,,1,5,305,CASH
S0008813,2026-08-24,P010,C0084,2,0,36,CASH
S0008814,2026-08-24,P021,C0095,1,0,30,CARD
S0008815,2026-08-24,P004,C0079,1,5,140,CASH
S0008816,2026-08-24,P002,C0087,1,0,255,CASH
S0008817,2026-08-24,P006,C0031,1,5,20,CREDIT
S0008818,2026-08-24,P011,,2,0,30,UPI
S0008819,2026-08-24,P004,C0013,1,2,143,CARD
S0008820,2026-08-24,P010,C0022,2,0,36,CARD
S0008821,2026-08-24,P018,,1,10,85,CARD
S0008822,2026-08-24,P005,C0086,2,5,94,UPI
S0008823,2026-08-24,P006,C0036,3,5,60,CASH
S0008824,2026-08-24,P012,C0090,1,0,52,CARD
S0008825,2026-08-24,P015,C0045,2,0,76,UPI
S0008826,2026-08-24,P004,C0095,1,5,140,CREDIT
S0008827,2026-08-24,P022,C0044,2,0,210,CREDIT
S0008828,2026-08-24,P009,C0079,1,0,25,CARD
S0008829,2026-08-24,P004,C0064,2,0,290,CARD
S0008830,2026-08-24,P007,C0070,2,2,216,UPI
S0008831,2026-08-24,P007,C0005,5,0,550,CARD
S0008832,2026-08-24,P010,C0082,2,10,16,CASH
S0008833,2026-08-24,P010,C0042,2,10,16,UPI
S0008834,2026-08-24,P022,C0080,1,5,100,UPI
S0008835,2026-08-24,P017,C0023,5,10,400,CREDIT
S0008836,2026-08-24,P003,,3,5,450,UPI
S0008837,2026-08-24,P001,C0026,1,5,305,CARD
S0008838,2026-08-24,P013,C0079,4,0,140,CARD
S0008839,2026-08-24,P006,C0074,2,5,40,CASH
S0008840,2026-08-24,P002,C0023,3,5,750,CASH
S0008841,2026-08-24,P016,C0092,3,0,405,CREDIT
S0008842,2026-08-24,P014,C0085,1,2,43,CREDIT
S0008843,2026-08-24,P020,C0100,3,0,150,CASH
S0008844,2026-08-24,P019,C0030,1,0,72,CASH
S0008845,2026-08-24,P018,C0012,1,0,95,CARD
S0008846,2026-08-24,P003,C0009,1,10,145,CASH
S0008847,2026-08-24,P020,C0003,3,5,135,CASH
S0008848,2026-08-24,P010,C0036,1,0,18,CASH
S0008849,2026-08-24,P010,C0049,1,0,18,CREDIT
S0008850,2026-08-24,P022,C0066,3,0,315,CASH
S0008851,2026-08-24,P009,C0025,1,0,25,CASH
S0008852,2026-08-24,P010,C0067,1,5,13,CASH
S0008853,2026-08-24,P008,C0027,1,0,95,CREDIT
S0008854,2026-08-24,P012,C0095,1,0,52,CREDIT
S0008855,2026-08-24,P014,C0033,2,2,86,UPI
S0008856,2026-08-24,P017,C0100,1,0,90,CARD
S0008857,2026-08-24,P010,C0037,6,0,108,CASH
S0008858,2026-08-25,P024,C0023,1,2,30,CREDIT
S0008859,2026-08-25,P020,C0071,2,0,100,CARD
S0008860,2026-08-25,P011,C0058,2,0,30,CARD
S0008861,2026-08-25,P007,,1,0,110,UPI
S0008862,2026-08-25,P019,C0045,1,10,62,CASH
S0008863,2026-08-25,P018,,4,5,360,CARD
S0008864,2026-08-25,P020,,1,0,50,CREDIT
S0008865,2026-08-25,P021,C0002,1,10,20,CASH
S0008866,2026-08-25,P019,,4,0,288,CREDIT
S0008867,2026-08-25,P010,C0027,2,0,36,CARD
S0008868,2026-08-25,P020,,1,0,50,CREDIT
S0008869,2026-08-25,P013,C0006,2,0,70,CARD
S0008870,2026-08-25,P015,,1,0,38,CASH
S0008871,2026-08-25,P001,C0098,3,0,930,CARD
S0008872,2026-08-25,P009,C0071,2,0,50,CREDIT
S0008873,2026-08-25,P007,C0037,3,0,330,CREDIT
S0008874,2026-08-25,P022,C0067,5,0,525,CREDIT
S0008875,2026-08-25,P014,C0076,5,0,225,CARD
S0008876,2026-08-25,P015,C0053,4,0,152,UPI
S0008877,2026-08-25,P015,,2,5,66,UPI
S0008878,2026-08-25,P014,C0007,1,2,43,UPI
S0008879,2026-08-25,P009,C0057,2,2,46,UPI
S0008880,2026-08-25,P003,C0098,2,0,310,CASH
S0008881,2026-08-25,P017,,4,0,360,CREDIT
S0008882,2026-08-25,P004,C0051,1,0,145,CREDIT
S0008883,2026-08-25,P012,C0056,4,0,208,CARD
S0008884,2026-08-25,P001,C0044,3,5,915,UPI
S0008885,2026-08-25,P018,C0065,6,5,540,CREDIT
S0008886,2026-08-25,P001,C0013,4,5,1220,CREDIT
S0008887,2026-08-25,P016,C0038,1,5,130,CARD
S0008888,2026-08-25,P019,C0088,1,5,67,CASH
S0008889,2026-08-25,P007,C0089,1,0,110,CASH
S0008890,2026-08-25,P012,,1,2,50,CREDIT
S0008891,2026-08-25,P019,C0042,2,2,140,UPI
S0008892,2026-08-25,P009,C0098,3,0,75,UPI
S0008893,2026-08-25,P021,,4,0,120,CREDIT
S0008894,2026-08-25,P014,C0091,2,10,70,CASH
S0008895,2026-08-25,P016,C0040,1,0,135,UPI
S0008896,2026-08-25,P005,C0092,1,10,42,CARD
S0008897,2026-08-25,P006,C0072,1,10,15,CREDIT
S0008898,2026-08-25,P003,,1,0,155,CASH
S0008899,2026-08-25,P011,C0058,2,10,10,UPI
S0008900,2026-08-25,P010,,1,0,18,CASH
S0008901,2026-08-25,P011,,1,0,15,CASH
S0008902,2026-08-25,P018,,1,0,95,CREDIT
S0008903,2026-08-25,P014,C0023,2,5,80,CREDIT
S0008904,2026-08-25,P010,,2,2,32,UPI
S0008905,2026-08-25,P021,C0098,2,0,60,CASH
S0008906,2026-08-25,P017,C0037,2,5,170,CASH
S0008907,2026-08-25,P024,,5,0,160,UPI
S0008908,2026-08-25,P022,C0026,1,0,105,CARD
S0008909,2026-08-25,P017,C0029,2,0,180,UPI
S0008910,2026-08-26,P024,C0011,5,10,110,UPI
S0008911,2026-08-26,P003,C0098,1,10,145,CASH
S0008912,2026-08-26,P015,C0074,2,2,72,CREDIT
S0008913,2026-08-26,P020,C0011,1,0,50,CASH
S0008914,2026-08-26,P001,C0038,2,10,600,CARD
S0008915,2026-08-26,P005,,1,10,42,CREDIT
S0008916,2026-08-26,P015,C0068,1,0,38,CREDIT
S0008917,2026-08-26,P016,,2,0,270,CASH
S0008918,2026-08-26,P013,C0054,2,0,70,CASH
S0008919,2026-08-26,P002,C0096,1,0,255,CREDIT
S0008920,2026-08-26,P007,C0039,2,0,220,CARD
S0008921,2026-08-26,P007,C0077,2,5,210,CARD
S0008922,2026-08-26,P013,C0100,1,2,33,CREDIT
S0008923,2026-08-26,P024,C0092,2,5,54,CASH
S0008924,2026-08-26,P008,C0069,3,0,285,UPI
S0008925,2026-08-26,P022,C0026,2,0,210,CASH
S0008926,2026-08-26,P012,C0087,1,0,52,CREDIT
S0008927,2026-08-26,P003,C0092,1,0,155,UPI
S0008928,2026-08-26,P015,,2,0,76,UPI
S0008929,2026-08-26,P015,C0036,5,0,190,CARD
S0008930,2026-08-26,P015,,2,0,76,CREDIT
S0008931,2026-08-26,P006,C0053,1,5,20,CASH
S0008932,2026-08-26,P013,C0051,2,0,70,CREDIT
S0008933,2026-08-26,P018,C0090,4,0,380,UPI
S0008934,2026-08-26,P017,,1,2,88,CREDIT
S0008935,2026-08-26,P016,,6,0,810,CREDIT
S0008936,2026-08-26,P012,C0035,5,2,250,CARD
S0008937,2026-08-26,P021,C0037,1,0,30,CARD
S0008938,2026-08-26,P005,C0046,5,2,250,CASH
S0008939,2026-08-26,P015,C0059,1,5,33,CARD
S0008940,2026-08-26,P001,,4,10,1200,CASH
S0008941,2026-08-26,P016,C0060,1,0,135,CREDIT
S0008942,2026-08-26,P018,C0037,2,0,190,UPI
S0008943,2026-08-26,P009,C0020,2,10,30,UPI
S0008944,2026-08-26,P016,C0060,3,0,405,CARD
S0008945,2026-08-26,P003,C0077,1,0,155,CREDIT
S0008946,2026-08-26,P012,C0039,2,0,104,UPI
S0008947,2026-08-26,P003,C0097,1,0,155,CREDIT
S0008948,2026-08-26,P007,C0100,1,5,105,CASH
S0008949,2026-08-26,P002,C0076,1,2,253,UPI
S0008950,2026-08-26,P002,C0092,2,5,500,UPI
S0008951,2026-08-26,P019,C0036,1,10,62,UPI
S0008952,2026-08-26,P014,C0051,1,0,45,CARD
S0008953,2026-08-26,P024,C0020,1,2,30,CASH
S0008954,2026-08-26,P024,C0093,1,0,32,CARD
S0008955,2026-08-26,P011,C0068,2,0,30,CARD
S0008956,2026-08-26,P021,C0055,5,5,125,CARD
S0008957,2026-08-26,P008,C0024,1,0,95,CASH
S0008958,2026-08-26,P022,C0053,5,0,525,CREDIT
S0008959,2026-08-26,P002,C0088,3,5,750,UPI
S0008960,2026-08-26,P002,C0060,2,0,510,UPI
S0008961,2026-08-26,P019,C0011,2,5,134,UPI
S0008962,2026-08-27,P002,C0032,2,5,500,CARD
S0008963,2026-08-27,P019,C0086,2,10,124,CARD
S0008964,2026-08-27,P014,C0011,2,0,90,CREDIT
S0008965,2026-08-27,P011,C0012,3,0,45,UPI
S0008966,2026-08-27,P022,C0065,1,0,105,CASH
S0008967,2026-08-27,P024,,2,0,64,CARD
S0008968,2026-08-27,P013,C0010,2,0,70,CARD
S0008969,2026-08-27,P024,C0061,1,0,32,CREDIT
S0008970,2026-08-27,P014,C0066,1,0,45,CREDIT
S0008971,2026-08-27,P017,C0086,2,0,180,UPI
S0008972,2026-08-27,P009,C0060,4,5,80,CREDIT
S0008973,2026-08-27,P013,C0084,2,5,60,CREDIT
S0008974,2026-08-27,P018,C0091,3,0,285,UPI
S0008975,2026-08-27,P024,C0092,1,0,32,CASH
S0008976,2026-08-27,P012,C0044,1,0,52,CARD
S0008977,2026-08-27,P001,C0083,1,2,308,UPI
S0008978,2026-08-27,P009,C0022,1,5,20,CASH
S0008979,2026-08-27,P023,C0001,1,0,50,CASH
S0008980,2026-08-27,P019,C0024,1,5,67,CREDIT
S0008981,2026-08-27,P014,,3,0,135,UPI
S0008982,2026-08-27,P011,,3,0,45,CREDIT
S0008983,2026-08-27,P022,C0080,1,0,105,CREDIT
S0008984,2026-08-27,P006,C0009,1,0,25,CARD
S0008985,2026-08-27,P002,C0009,1,0,255,CASH
S0008986,2026-08-27,P003,C0050,2,2,306,CREDIT
S0008987,2026-08-27,P002,C0063,1,0,255,CARD
S0008988,2026-08-27,P015,C0032,1,10,28,CASH
S0008989,2026-08-27,P018,,5,2,465,UPI
S0008990,2026-08-27,P009,C0094,3,0,75,CARD
S0008991,2026-08-27,P006,C0059,1,0,25,CARD
S0008992,2026-08-27,P010,C0017,1,10,8,UPI
S0008993,2026-08-27,P007,C0078,1,0,110,CARD
S0008994,2026-08-27,P010,C0003,3,0,54,CASH
S0008995,2026-08-27,P024,,2,0,64,CREDIT
S0008996,2026-08-27,P021,,1,0,30,CARD
S0008997,2026-08-27,P003,,3,2,459,CREDIT
S0008998,2026-08-27,P014,,1,0,45,CREDIT
S0008999,2026-08-27,P016,C0013,1,0,135,CASH
S0009000,2026-08-27,P003,,1,0,155,CARD
S0009001,2026-08-27,P003,C0087,2,2,306,CASH
S0009002,2026-08-27,P001,C0046,1,0,310,CARD
S0009003,2026-08-27,P007,,1,0,110,CREDIT
S0009004,2026-08-27,P011,,1,2,13,UPI
S0009005,2026-08-27,P012,C0080,1,0,52,CARD
S0009006,2026-08-27,P021,C0089,3,0,90,UPI
S0009007,2026-08-27,P016,C0078,1,2,133,CARD
S0009008,2026-08-27,P011,,1,2,13,UPI
S0009009,2026-08-27,P019,C0039,2,2,140,UPI
S0009010,2026-08-27,P006,C0049,3,2,69,CARD
S0009011,2026-08-27,P012,C0067,3,10,126,UPI
S0009012,2026-08-27,P013,C0045,2,0,70,CASH
S0009013,2026-08-27,P007,C0027,1,2,108,UPI
S0009014,2026-08-27,P019,C0040,3,0,216,UPI
S0009015,2026-08-27,P018,C0098,2,5,180,UPI
S0009016,2026-08-27,P024,C0026,1,0,32,UPI
S0009017,2026-08-28,P009,C0050,6,10,90,CASH
S0009018,2026-08-28,P009,C0091,4,0,100,CASH
S0009019,2026-08-28,P010,C0014,2,0,36,CARD
S0009020,2026-08-28,P019,C0096,5,0,360,CASH
S0009021,2026-08-28,P002,C0076,3,10,735,UPI
S0009022,2026-08-28,P006,C0066,1,0,25,CARD
S0009023,2026-08-28,P005,,2,0,104,CASH
S0009024,2026-08-28,P010,C0012,1,0,18,CARD
S0009025,2026-08-28,P024,C0012,1,0,32,CASH
S0009026,2026-08-28,P008,C0043,3,0,285,CARD
S0009027,2026-08-28,P012,,1,0,52,UPI
S0009028,2026-08-28,P003,C0029,1,0,155,UPI
S0009029,2026-08-28,P007,,2,0,220,CARD
S0009030,2026-08-28,P010,C0058,4,0,72,CREDIT
S0009031,2026-08-28,P018,C0086,1,0,95,UPI
S0009032,2026-08-28,P002,,1,2,253,CREDIT
S0009033,2026-08-28,P012,C0071,1,2,50,CARD
S0009034,2026-08-28,P022,C0041,2,10,190,CARD
S0009035,2026-08-28,P015,C0095,1,0,38,CREDIT
S0009036,2026-08-28,P008,,2,5,180,CARD
S0009037,2026-08-28,P011,C0016,1,0,15,CASH
S0009038,2026-08-28,P020,C0013,1,2,48,CASH
S0009039,2026-08-28,P014,,5,2,215,CARD
S0009040,2026-08-28,P011,C0008,1,0,15,CREDIT
S0009041,2026-08-28,P010,C0011,2,5,26,UPI
S0009042,2026-08-28,P001,C0014,1,0,310,CREDIT
S0009043,2026-08-28,P021,C0089,2,0,60,UPI
S0009044,2026-08-28,P001,,2,0,620,CASH
S0009045,2026-08-28,P006,C0033,1,5,20,CASH
S0009046,2026-08-28,P024,C0052,1,0,32,CASH
S0009047,2026-08-28,P014,C0065,1,10,35,CASH
S0009048,2026-08-28,P005,C0011,2,5,94,CREDIT
S0009049,2026-08-28,P012,C0052,3,5,141,CASH
S0009050,2026-08-28,P021,C0049,2,10,40,CREDIT
S0009051,2026-08-28,P005,C0068,2,0,104,CASH
S0009052,2026-08-28,P021,C0064,1,0,30,UPI
S0009053,2026-08-28,P024,C0002,1,0,32,CARD
S0009054,2026-08-28,P019,C0018,1,0,72,CARD
S0009055,2026-08-28,P016,C0098,1,0,135,CASH
S0009056,2026-08-28,P018,C0059,1,5,90,UPI
S0009057,2026-08-28,P023,C0021,2,0,100,CASH
S0009058,2026-08-28,P001,C0083,2,0,620,CREDIT
S0009059,2026-08-28,P009,C0044,5,2,115,CREDIT
S0009060,2026-08-28,P024,C0033,1,0,32,CASH
S0009061,2026-08-28,P018,C0016,2,0,190,CASH
S0009062,2026-08-28,P020,C0012,3,0,150,CARD
S0009063,2026-08-28,P011,,2,0,30,UPI
S0009064,2026-08-28,P011,C0066,1,5,10,UPI
S0009065,2026-08-28,P023,,1,0,50,CREDIT
S0009066,2026-08-28,P001,C0049,1,10,300,UPI
S0009067,2026-08-28,P010,C0004,1,2,16,CASH
S0009068,2026-08-28,P006,C0002,3,0,75,CREDIT
S0009069,2026-08-28,P012,C0039,1,10,42,CREDIT
S0009070,2026-08-28,P009,,1,0,25,CREDIT
S0009071,2026-08-28,P023,C0044,3,2,144,UPI
S0009072,2026-08-28,P023,C0003,3,2,144,CARD
S0009073,2026-08-28,P003,C0065,2,5,300,CARD
S0009074,2026-08-28,P014,C0089,2,0,90,CARD
S0009075,2026-08-28,P007,C0013,1,0,110,CREDIT
S0009076,2026-08-29,P011,,2,5,20,CARD
S0009077,2026-08-29,P014,C0018,5,10,175,CASH
S0009078,2026-08-29,P017,C0063,1,2,88,CREDIT
S0009079,2026-08-29,P024,C0045,2,0,64,CREDIT
S0009080,2026-08-29,P023,C0080,1,2,48,CASH
S0009081,2026-08-29,P003,C0050,2,0,310,UPI
S0009082,2026-08-29,P014,C0017,1,5,40,CASH
S0009083,2026-08-29,P019,,1,0,72,UPI
S0009084,2026-08-29,P004,C0094,3,10,405,CASH
S0009085,2026-08-29,P018,C0002,2,0,190,CARD
S0009086,2026-08-29,P016,C0076,2,10,250,CARD
S0009087,2026-08-29,P022,C0058,1,10,95,UPI
S0009088,2026-08-29,P019,C0002,1,2,70,CASH
S0009089,2026-08-29,P017,C0027,1,0,90,CARD
S0009090,2026-08-29,P004,C0093,3,10,405,CARD
S0009091,2026-08-29,P017,,5,2,440,CARD
S0009092,2026-08-29,P024,C0072,2,0,64,CASH
S0009093,2026-08-29,P023,C0038,1,2,48,CARD
S0009094,2026-08-29,P003,C0092,4,2,612,UPI
S0009095,2026-08-29,P009,,2,0,50,UPI
S0009096,2026-08-29,P012,C0040,2,0,104,CREDIT
S0009097,2026-08-29,P005,C0031,1,2,50,CARD
S0009098,2026-08-29,P003,C0053,3,5,450,CREDIT
S0009099,2026-08-29,P007,C0008,2,5,210,CARD
S0009100,2026-08-29,P024,C0017,3,0,96,CREDIT
S0009101,2026-08-29,P016,,3,0,405,CARD
S0009102,2026-08-29,P017,C0067,1,10,80,CREDIT
S0009103,2026-08-29,P021,C0096,3,2,84,CREDIT
S0009104,2026-08-29,P011,C0089,3,0,45,CASH
S0009105,2026-08-29,P019,C0048,1,0,72,CASH
S0009106,2026-08-29,P006,,1,2,23,CASH
S0009107,2026-08-29,P023,,1,2,48,UPI
S0009108,2026-08-30,P004,C0028,2,2,286,CASH
S0009109,2026-08-30,P008,C0027,1,0,95,UPI
S0009110,2026-08-30,P014,C0066,4,2,172,CARD
S0009111,2026-08-30,P014,C0094,1,2,43,CARD
S0009112,2026-08-30,P022,C0055,1,10,95,CREDIT
S0009113,2026-08-30,P014,C0064,2,5,80,UPI
S0009114,2026-08-30,P020,C0036,2,0,100,CARD
S0009115,2026-08-30,P018,C0062,1,0,95,CARD
S0009116,2026-08-30,P024,C0074,1,0,32,CARD
S0009117,2026-08-30,P019,C0043,1,0,72,CASH
S0009118,2026-08-30,P003,C0046,3,0,465,CASH
S0009119,2026-08-30,P003,C0042,3,0,465,CARD
S0009120,2026-08-30,P022,C0091,2,10,190,CARD
S0009121,2026-08-30,P020,C0021,3,5,135,CREDIT
S0009122,2026-08-30,P009,C0091,3,2,69,CREDIT
S0009123,2026-08-30,P009,C0088,1,0,25,UPI
S0009124,2026-08-30,P023,C0038,5,5,225,CREDIT
S0009125,2026-08-30,P022,C0055,3,0,315,CREDIT
S0009126,2026-08-30,P011,C0016,1,10,5,UPI
S0009127,2026-08-30,P020,C0064,1,2,48,CREDIT
S0009128,2026-08-30,P009,C0029,1,0,25,CARD
S0009129,2026-08-30,P020,C0046,1,0,50,CARD
S0009130,2026-08-30,P003,C0046,3,10,435,CREDIT
S0009131,2026-08-30,P010,C0079,2,0,36,CREDIT
S0009132,2026-08-30,P015,C0077,3,2,108,CREDIT
S0009133,2026-08-30,P008,C0002,3,5,270,UPI
S0009134,2026-08-30,P019,C0045,2,0,144,CASH
S0009135,2026-08-30,P002,C0015,2,10,490,CREDIT
S0009136,2026-08-30,P007,C0005,1,10,100,UPI
S0009137,2026-08-30,P024,C0074,1,0,32,CREDIT
S0009138,2026-08-30,P021,C0020,2,5,50,CASH
S0009139,2026-08-30,P009,C0017,1,0,25,CARD
S0009140,2026-08-30,P018,C0096,1,10,85,CASH
S0009141,2026-08-30,P010,C0085,4,10,32,CASH
S0009142,2026-08-30,P016,C0053,2,0,270,UPI
S0009143,2026-08-30,P019,C0067,1,5,67,CARD
S0009144,2026-08-30,P014,C0089,2,5,80,UPI
S0009145,2026-08-30,P003,C0082,3,10,435,UPI
S0009146,2026-08-30,P009,,1,0,25,CASH
S0009147,2026-08-31,P007,C0071,2,0,220,UPI
S0009148,2026-08-31,P003,,3,10,435,CARD
S0009149,2026-08-31,P008,C0096,1,0,95,CASH
S0009150,2026-08-31,P012,,1,10,42,CREDIT
S0009151,2026-08-31,P013,C0063,1,5,30,UPI
S0009152,2026-08-31,P012,C0034,6,0,312,CARD
S0009153,2026-08-31,P014,C0045,1,0,45,CASH
S0009154,2026-08-31,P019,,2,0,144,CREDIT
S0009155,2026-08-31,P002,,5,2,1265,CREDIT
S0009156,2026-08-31,P016,C0035,1,10,125,CREDIT
S0009157,2026-08-31,P021,C0018,6,5,150,CREDIT
S0009158,2026-08-31,P005,C0081,5,0,260,CARD
S0009159,2026-08-31,P024,C0051,4,0,128,CARD
S0009160,2026-08-31,P020,C0009,1,2,48,UPI
S0009161,2026-08-31,P020,C0020,2,5,90,CARD
S0009162,2026-08-31,P014,C0095,3,0,135,CASH
S0009163,2026-08-31,P017,C0095,6,0,540,UPI
S0009164,2026-08-31,P006,,1,0,25,CARD
S0009165,2026-08-31,P011,,3,5,30,CASH
S0009166,2026-08-31,P018,,1,0,95,UPI
S0009167,2026-08-31,P022,C0059,1,0,105,CARD
S0009168,2026-08-31,P011,C0018,2,2,26,UPI
S0009169,2026-08-31,P006,C0024,3,0,75,CREDIT
S0009170,2026-08-31,P009,C0078,2,0,50,CARD
S0009171,2026-08-31,P013,C0083,2,0,70,CARD
S0009172,2026-08-31,P010,C0051,6,5,78,UPI
S0009173,2026-08-31,P015,C0079,1,2,36,UPI
S0009174,2026-08-31,P016,C0044,2,10,250,UPI
S0009175,2026-08-31,P022,,1,10,95,UPI
S0009176,2026-08-31,P020,C0009,1,2,48,CREDIT
S0009177,2026-08-31,P016,C0048,2,0,270,UPI
S0009178,2026-08-31,P005,C0087,5,2,250,CARD
S0009179,2026-09-01,P010,,1,0,18,CARD
S0009180,2026-09-01,P020,C0022,1,10,40,CARD
S0009181,2026-09-01,P007,C0013,2,5,210,CREDIT
S0009182,2026-09-01,P009,C0070,1,2,23,CASH
S0009183,2026-09-01,P017,C0087,1,10,80,CASH
S0009184,2026-09-01,P017,C0083,2,10,160,CARD
S0009185,2026-09-01,P022,C0061,1,2,103,CARD
S0009186,2026-09-01,P015,C0056,1,0,38,CARD
S0009187,2026-09-01,P013,C0041,2,10,50,UPI
S0009188,2026-09-01,P016,C0047,2,0,270,CARD
S0009189,2026-09-01,P010,C0079,5,5,65,CARD
S0009190,2026-09-01,P021,C0091,2,10,40,CASH
S0009191,2026-09-01,P021,C0040,1,10,20,CASH
S0009192,2026-09-01,P014,C0061,5,2,215,CREDIT
S0009193,2026-09-01,P004,,3,0,435,CREDIT
S0009194,2026-09-01,P019,C0019,1,0,72,UPI
S0009195,2026-09-01,P019,C0099,1,0,72,UPI
S0009196,2026-09-01,P016,C0089,2,0,270,CASH
S0009197,2026-09-01,P010,C0015,2,10,16,CARD
S0009198,2026-09-01,P007,C0076,3,0,330,CREDIT
S0009199,2026-09-01,P015,C0007,3,0,114,UPI
S0009200,2026-09-01,P004,C0043,2,0,290,CARD
S0009201,2026-09-01,P015,,6,0,228,CASH
S0009202,2026-09-01,P010,C0034,2,2,32,CASH
S0009203,2026-09-01,P022,,1,0,105,CARD
S0009204,2026-09-01,P023,C0062,3,2,144,CASH
S0009205,2026-09-01,P006,C0047,1,0,25,CREDIT
S0009206,2026-09-01,P017,C0052,3,0,270,CARD
S0009207,2026-09-01,P004,C0044,5,0,725,CARD
S0009208,2026-09-01,P021,C0082,2,5,50,CREDIT
S0009209,2026-09-01,P010,C0051,2,0,36,CARD
S0009210,2026-09-01,P021,C0060,2,0,60,CASH
S0009211,2026-09-01,P020,C0041,1,5,45,CASH
S0009212,2026-09-01,P008,C0019,1,10,85,CARD
S0009213,2026-09-01,P012,C0071,2,0,104,UPI
S0009214,2026-09-01,P022,C0075,3,5,300,CARD
S0009215,2026-09-02,P016,C0077,2,5,260,CARD
S0009216,2026-09-02,P016,,3,0,405,UPI
S0009217,2026-09-02,P021,C0052,2,0,60,UPI
S0009218,2026-09-02,P005,,2,10,84,CARD
S0009219,2026-09-02,P021,C0016,3,5,75,CASH
S0009220,2026-09-02,P014,C0031,2,0,90,CASH
S0009221,2026-09-02,P024,C0084,1,5,27,CARD
S0009222,2026-09-02,P015,C0039,4,0,152,UPI
S0009223,2026-09-02,P015,C0033,1,0,38,CREDIT
S0009224,2026-09-02,P019,C0082,6,0,432,UPI
S0009225,2026-09-02,P009,C0064,1,5,20,CREDIT
S0009226,2026-09-02,P024,,1,10,22,CASH
S0009227,2026-09-02,P010,C0072,4,0,72,CARD
S0009228,2026-09-02,P023,C0074,1,0,50,CARD
S0009229,2026-09-02,P002,C0092,3,2,759,CASH
S0009230,2026-09-02,P016,C0048,3,0,405,CREDIT
S0009231,2026-09-02,P002,C0060,4,0,1020,UPI
S0009232,2026-09-02,P007,,6,2,648,CREDIT
S0009233,2026-09-02,P004,C0010,1,0,145,CREDIT
S0009234,2026-09-02,P012,C0087,3,2,150,UPI
S0009235,2026-09-02,P022,C0006,1,10,95,UPI
S0009236,2026-09-02,P015,C0005,1,5,33,CREDIT
S0009237,2026-09-02,P015,,4,2,144,CARD
S0009238,2026-09-02,P019,C0063,1,0,72,CREDIT
S0009239,2026-09-02,P023,C0023,2,2,96,CARD
S0009240,2026-09-02,P011,C0013,2,5,20,CREDIT
S0009241,2026-09-02,P023,C0015,2,0,100,CARD
S0009242,2026-09-02,P019,C0100,6,10,372,CASH
S0009243,2026-09-02,P022,C0099,1,2,103,CREDIT
S0009244,2026-09-02,P015,C0087,2,0,76,CASH
S0009245,2026-09-02,P012,,4,0,208,CREDIT
S0009246,2026-09-02,P016,C0048,2,0,270,CARD
S0009247,2026-09-02,P023,C0077,1,2,48,CREDIT
S0009248,2026-09-02,P002,C0008,2,0,510,CREDIT
S0009249,2026-09-02,P005,C0069,1,0,52,CASH
S0009250,2026-09-02,P009,C0011,1,10,15,CASH
S0009251,2026-09-02,P008,C0045,4,10,340,UPI
S0009252,2026-09-02,P007,C0001,2,2,216,UPI
S0009253,2026-09-03,P009,C0007,2,0,50,CREDIT
S0009254,2026-09-03,P010,C0064,1,0,18,CARD
S0009255,2026-09-03,P020,C0056,2,0,100,CREDIT
S0009256,2026-09-03,P022,C0041,1,0,105,CREDIT
S0009257,2026-09-03,P023,C0094,4,10,160,CREDIT
S0009258,2026-09-03,P015,,1,10,28,UPI
S0009259,2026-09-03,P023,C0067,1,0,50,UPI
S0009260,2026-09-03,P007,C0099,2,5,210,UPI
S0009261,2026-09-03,P022,,1,0,105,CREDIT
S0009262,2026-09-03,P022,C0030,1,5,100,CARD
S0009263,2026-09-03,P021,,2,0,60,CARD
S0009264,2026-09-03,P018,C0020,1,10,85,CREDIT
S0009265,2026-09-03,P001,C0023,1,2,308,CARD
S0009266,2026-09-03,P006,C0054,1,5,20,CASH
S0009267,2026-09-03,P024,,3,0,96,CARD
S0009268,2026-09-03,P023,,2,10,80,UPI
S0009269,2026-09-03,P005,,2,2,100,CREDIT
S0009270,2026-09-03,P014,C0014,2,2,86,UPI
S0009271,2026-09-03,P005,C0017,1,5,47,CASH
S0009272,2026-09-03,P006,C0034,5,0,125,CASH
S0009273,2026-09-03,P011,C0021,1,10,5,CREDIT
S0009274,2026-09-03,P003,C0075,2,0,310,CREDIT
S0009275,2026-09-03,P021,C0073,4,2,112,CASH
S0009276,2026-09-03,P011,C0080,3,10,15,CARD
S0009277,2026-09-03,P013,C0098,1,10,25,CARD
S0009278,2026-09-03,P015,C0081,1,0,38,CARD
S0009279,2026-09-03,P013,C0090,3,0,105,CASH
S0009280,2026-09-03,P006,C0088,1,0,25,CARD
S0009281,2026-09-03,P009,,3,0,75,UPI
S0009282,2026-09-03,P004,C0013,3,2,429,CARD
S0009283,2026-09-03,P003,C0049,3,0,465,CREDIT
S0009284,2026-09-03,P007,C0003,1,2,108,CARD
S0009285,2026-09-03,P005,C0027,3,0,156,UPI
S0009286,2026-09-03,P023,C0028,2,2,96,CREDIT
S0009287,2026-09-03,P024,C0066,3,0,96,CARD
S0009288,2026-09-03,P004,C0100,1,2,143,CARD
S0009289,2026-09-03,P016,C0034,1,0,135,CREDIT
S0009290,2026-09-03,P022,C0022,1,0,105,UPI
S0009291,2026-09-03,P003,C0085,1,0,155,CASH
S0009292,2026-09-03,P007,C0042,2,0,220,CARD
S0009293,2026-09-03,P002,C0015,4,0,1020,CASH
S0009294,2026-09-03,P015,C0070,1,0,38,CASH
S0009295,2026-09-03,P013,C0026,4,0,140,UPI
S0009296,2026-09-03,P017,,1,0,90,CREDIT
S0009297,2026-09-03,P010,,1,0,18,CREDIT
S0009298,2026-09-03,P002,C0074,1,5,250,UPI
S0009299,2026-09-04,P014,C0086,1,5,40,CREDIT
S0009300,2026-09-04,P014,C0070,2,0,90,CASH
S0009301,2026-09-04,P015,C0019,2,0,76,CARD
S0009302,2026-09-04,P001,C0054,5,0,1550,CREDIT
S0009303,2026-09-04,P023,C0009,1,10,40,CREDIT
S0009304,2026-09-04,P006,C0064,1,0,25,CASH
S0009305,2026-09-04,P002,C0070,1,0,255,CREDIT
S0009306,2026-09-04,P018,C0085,2,0,190,CARD
S0009307,2026-09-04,P004,C0050,1,2,143,CASH
S0009308,2026-09-04,P002,,4,0,1020,CASH
S0009309,2026-09-04,P013,C0039,2,10,50,CARD
S0009310,2026-09-04,P013,C0079,2,0,70,CREDIT
S0009311,2026-09-04,P015,C0014,2,0,76,UPI
S0009312,2026-09-04,P013,C0042,1,0,35,CASH
S0009313,2026-09-04,P020,C0003,2,5,90,CREDIT
S0009314,2026-09-04,P009,,6,10,90,UPI
S0009315,2026-09-04,P019,C0091,3,5,201,CREDIT
S0009316,2026-09-04,P021,C0030,4,0,120,CARD
S0009317,2026-09-04,P005,,3,0,156,UPI
S0009318,2026-09-04,P023,C0058,1,2,48,UPI
S0009319,2026-09-04,P004,C0009,1,2,143,CARD
S0009320,2026-09-04,P018,C0013,1,2,93,CASH
S0009321,2026-09-04,P013,C0019,1,2,33,CREDIT
S0009322,2026-09-04,P015,C0060,1,0,38,CARD
S0009323,2026-09-04,P006,C0043,2,0,50,CASH
S0009324,2026-09-04,P003,C0032,2,2,306,CREDIT
S0009325,2026-09-04,P024,C0100,4,0,128,CARD
S0009326,2026-09-04,P006,,3,0,75,UPI
S0009327,2026-09-04,P005,C0015,5,0,260,CREDIT
S0009328,2026-09-04,P019,,1,5,67,UPI
S0009329,2026-09-04,P018,C0066,1,5,90,CREDIT
S0009330,2026-09-04,P012,C0036,2,10,84,UPI
S0009331,2026-09-05,P005,,1,10,42,CASH
S0009332,2026-09-05,P007,C0048,1,10,100,CASH
S0009333,2026-09-05,P017,C0039,2,10,160,CASH
S0009334,2026-09-05,P022,C0080,2,10,190,UPI
S0009335,2026-09-05,P001,C0047,2,0,620,CREDIT
S0009336,2026-09-05,P008,C0042,2,10,170,UPI
S0009337,2026-09-05,P016,C0044,1,0,135,CARD
S0009338,2026-09-05,P013,C0028,1,2,33,CARD
S0009339,2026-09-05,P004,,1,0,145,CASH
S0009340,2026-09-05,P024,C0039,1,0,32,UPI
S0009341,2026-09-05,P003,,3,0,465,CASH
S0009342,2026-09-05,P007,C0074,3,0,330,CARD
S0009343,2026-09-05,P012,C0082,2,2,100,CREDIT
S0009344,2026-09-05,P019,C0002,1,2,70,CASH
S0009345,2026-09-05,P011,C0098,2,10,10,CREDIT
S0009346,2026-09-05,P004,,2,0,290,CREDIT
S0009347,2026-09-05,P003,C0063,2,10,290,UPI
S0009348,2026-09-05,P007,C0045,2,0,220,CREDIT
S0009349,2026-09-05,P017,,2,0,180,UPI
S0009350,2026-09-05,P019,C0010,2,0,144,CASH
S0009351,2026-09-05,P009,C0049,3,5,60,UPI
S0009352,2026-09-05,P011,C0051,1,0,15,CARD
S0009353,2026-09-05,P018,C0030,3,10,255,CARD
S0009354,2026-09-05,P007,C0058,1,0,110,CREDIT
S0009355,2026-09-05,P018,C0015,1,0,95,CREDIT
S0009356,2026-09-05,P013,C0060,6,0,210,CREDIT
S0009357,2026-09-05,P002,C0050,5,0,1275,CARD
S0009358,2026-09-05,P008,C0042,1,0,95,CREDIT
S0009359,2026-09-05,P022,C0086,2,5,200,CASH
S0009360,2026-09-05,P003,C0098,1,5,150,CREDIT
S0009361,2026-09-05,P008,C0030,2,0,190,CASH
S0009362,2026-09-05,P006,C0075,3,0,75,CREDIT
S0009363,2026-09-05,P024,C0093,5,10,110,CREDIT
S0009364,2026-09-05,P011,C0064,2,10,10,CARD
S0009365,2026-09-05,P011,C0100,1,0,15,UPI
S0009366,2026-09-06,P010,C0036,4,2,64,UPI
S0009367,2026-09-06,P019,C0090,4,0,288,CREDIT
S0009368,2026-09-06,P024,C0028,2,10,44,UPI
S0009369,2026-09-06,P018,C0045,1,0,95,CREDIT
S0009370,2026-09-06,P001,C0044,1,10,300,CARD
S0009371,2026-09-06,P006,C0007,1,0,25,CREDIT
S0009372,2026-09-06,P020,,3,10,120,CARD
S0009373,2026-09-06,P019,,2,5,134,CARD
S0009374,2026-09-06,P016,,1,0,135,UPI
S0009375,2026-09-06,P004,C0007,2,0,290,CREDIT
S0009376,2026-09-06,P019,C0051,3,0,216,CARD
S0009377,2026-09-06,P015,C0038,1,0,38,CARD
S0009378,2026-09-06,P014,C0060,4,0,180,CASH
S0009379,2026-09-06,P017,,4,2,352,CREDIT
S0009380,2026-09-06,P005,C0050,5,0,260,CASH
S0009381,2026-09-06,P010,C0044,1,2,16,CARD
S0009382,2026-09-06,P022,C0098,1,0,105,CASH
S0009383,2026-09-06,P019,C0078,1,0,72,CARD
S0009384,2026-09-06,P022,C0068,1,0,105,CARD
S0009385,2026-09-06,P024,C0002,1,0,32,CREDIT
S0009386,2026-09-06,P013,C0076,2,5,60,CASH
S0009387,2026-09-06,P021,,2,5,50,CREDIT
S0009388,2026-09-06,P003,C0067,4,0,620,CASH
S0009389,2026-09-06,P014,C0071,1,10,35,CREDIT
S0009390,2026-09-06,P002,C0099,2,2,506,CREDIT
S0009391,2026-09-06,P015,C0057,3,0,114,CARD
S0009392,2026-09-06,P015,C0097,3,0,114,CASH
S0009393,2026-09-06,P019,,4,2,280,CREDIT
S0009394,2026-09-06,P005,C0029,3,0,156,CREDIT
S0009395,2026-09-06,P015,C0024,5,2,180,CREDIT
S0009396,2026-09-06,P003,,1,5,150,UPI
S0009397,2026-09-06,P002,C0098,2,0,510,CASH
S0009398,2026-09-06,P012,C0017,1,0,52,CREDIT
S0009399,2026-09-06,P006,C0085,1,0,25,UPI
S0009400,2026-09-06,P014,,1,2,43,CASH
S0009401,2026-09-06,P010,C0021,1,0,18,CASH
S0009402,2026-09-06,P007,C0100,1,5,105,CASH
S0009403,2026-09-06,P002,C0019,1,10,245,CASH
S0009404,2026-09-06,P020,,1,2,48,CASH
S0009405,2026-09-06,P009,C0049,4,0,100,UPI
S0009406,2026-09-06,P013,C0091,1,10,25,UPI
S0009407,2026-09-06,P013,C0034,3,2,99,CASH
S0009408,2026-09-07,P022,C0052,2,0,210,CARD
S0009409,2026-09-07,P021,C0025,1,0,30,CARD
S0009410,2026-09-07,P015,,6,2,216,CREDIT
S0009411,2026-09-07,P011,C0018,4,10,20,CARD
S0009412,2026-09-07,P003,C0065,4,0,620,CARD
S0009413,2026-09-07,P008,C0092,2,0,190,UPI
S0009414,2026-09-07,P002,C0049,1,10,245,CARD
S0009415,2026-09-07,P009,,4,2,92,CARD
S0009416,2026-09-07,P010,C0062,1,2,16,CARD
S0009417,2026-09-07,P008,C0015,2,0,190,UPI
S0009418,2026-09-07,P009,C0047,1,0,25,CARD
S0009419,2026-09-07,P010,C0068,5,0,90,UPI
S0009420,2026-09-07,P011,C0057,1,0,15,CREDIT
S0009421,2026-09-07,P010,C0047,1,0,18,CARD
S0009422,2026-09-07,P001,C0072,2,0,620,CREDIT
S0009423,2026-09-07,P018,C0082,3,2,279,CREDIT
S0009424,2026-09-07,P018,C0004,2,0,190,CASH
S0009425,2026-09-07,P002,C0093,1,0,255,CASH
S0009426,2026-09-07,P006,C0032,1,0,25,UPI
S0009427,2026-09-07,P016,,3,0,405,UPI
S0009428,2026-09-07,P020,,6,5,270,CARD
S0009429,2026-09-07,P018,C0054,3,0,285,CASH
S0009430,2026-09-07,P019,C0074,2,10,124,CASH
S0009431,2026-09-07,P018,C0061,4,10,340,CREDIT
S0009432,2026-09-07,P006,C0064,1,2,23,CASH
S0009433,2026-09-07,P023,C0033,2,0,100,CASH
S0009434,2026-09-07,P010,C0047,2,2,32,CREDIT
S0009435,2026-09-07,P006,,2,2,46,UPI
S0009436,2026-09-07,P016,C0074,3,5,390,CREDIT
S0009437,2026-09-07,P010,C0015,2,0,36,CREDIT
S0009438,2026-09-07,P001,C0025,1,0,310,CASH
S0009439,2026-09-07,P018,C0065,1,2,93,UPI
S0009440,2026-09-07,P016,C0003,1,0,135,CARD
S0009441,2026-09-07,P003,C0006,2,5,300,CASH
S0009442,2026-09-07,P017,C0040,1,0,90,CARD
S0009443,2026-09-07,P022,C0020,1,0,105,UPI
S0009444,2026-09-07,P005,C0021,2,5,94,UPI
S0009445,2026-09-07,P003,,2,5,300,CREDIT
S0009446,2026-09-07,P012,C0047,3,0,156,CARD
S0009447,2026-09-07,P003,C0036,2,0,310,CREDIT
S0009448,2026-09-07,P020,C0085,4,0,200,UPI
S0009449,2026-09-07,P002,,5,10,1225,CARD
S0009450,2026-09-07,P013,C0017,3,0,105,CREDIT
S0009451,2026-09-07,P011,C0095,2,5,20,UPI
S0009452,2026-09-08,P004,C0022,2,0,290,CREDIT
S0009453,2026-09-08,P022,C0074,1,5,100,CREDIT
S0009454,2026-09-08,P009,C0022,6,0,150,UPI
S0009455,2026-09-08,P008,C0093,2,10,170,CREDIT
S0009456,2026-09-08,P002,C0069,2,0,510,CARD
S0009457,2026-09-08,P010,C0070,2,5,26,CASH
S0009458,2026-09-08,P007,C0074,2,0,220,CARD
S0009459,2026-09-08,P017,C0019,1,0,90,CASH
S0009460,2026-09-08,P023,C0028,2,2,96,CREDIT
S0009461,2026-09-08,P018,C0083,3,5,270,UPI
S0009462,2026-09-08,P014,,1,0,45,UPI
S0009463,2026-09-08,P009,C0058,3,0,75,CASH
S0009464,2026-09-08,P008,C0052,1,0,95,CREDIT
S0009465,2026-09-08,P003,C0095,1,0,155,CARD
S0009466,2026-09-08,P017,C0013,1,5,85,CREDIT
S0009467,2026-09-08,P001,C0047,1,0,310,UPI
S0009468,2026-09-08,P024,C0073,4,0,128,CREDIT
S0009469,2026-09-08,P016,,3,2,399,CREDIT
S0009470,2026-09-08,P022,C0004,1,0,105,CASH
S0009471,2026-09-08,P012,C0074,2,0,104,CASH
S0009472,2026-09-08,P002,,3,0,765,CASH
S0009473,2026-09-08,P018,C0093,1,5,90,CARD
S0009474,2026-09-08,P005,C0030,1,0,52,CASH
S0009475,2026-09-08,P019,,6,0,432,UPI
S0009476,2026-09-08,P009,C0083,2,2,46,CASH
S0009477,2026-09-08,P016,C0044,6,2,798,CASH
S0009478,2026-09-08,P019,C0044,1,0,72,CARD
S0009479,2026-09-08,P011,C0016,3,10,15,UPI
S0009480,2026-09-08,P014,C0028,1,10,35,CREDIT
S0009481,2026-09-08,P003,C0077,1,0,155,CASH
S0009482,2026-09-08,P001,C0060,2,10,600,CARD
S0009483,2026-09-09,P015,C0090,1,0,38,UPI
S0009484,2026-09-09,P010,C0039,1,0,18,CREDIT
S0009485,2026-09-09,P008,C0053,3,2,279,CASH
S0009486,2026-09-09,P013,C0045,2,0,70,UPI
S0009487,2026-09-09,P017,C0031,1,2,88,UPI
S0009488,2026-09-09,P006,C0084,1,0,25,CREDIT
S0009489,2026-09-09,P024,C0031,1,0,32,CREDIT
S0009490,2026-09-09,P023,C0060,2,10,80,CREDIT
S0009491,2026-09-09,P006,C0034,1,10,15,CARD
S0009492,2026-09-09,P007,C0040,3,5,315,CASH
S0009493,2026-09-09,P021,,1,0,30,CARD
S0009494,2026-09-09,P020,C0067,1,0,50,CREDIT
S0009495,2026-09-09,P006,,4,2,92,CREDIT
S0009496,2026-09-09,P012,C0015,3,0,156,CARD
S0009497,2026-09-09,P013,C0092,1,10,25,CARD
S0009498,2026-09-09,P008,,3,2,279,UPI
S0009499,2026-09-09,P006,,2,2,46,UPI
S0009500,2026-09-09,P008,,4,0,380,UPI
S0009501,2026-09-09,P021,C0017,2,0,60,CARD
S0009502,2026-09-09,P016,,2,2,266,CREDIT
S0009503,2026-09-09,P002,C0004,6,5,1500,UPI
S0009504,2026-09-09,P019,C0002,1,0,72,UPI
S0009505,2026-09-09,P014,C0046,2,5,80,CREDIT
S0009506,2026-09-09,P008,C0054,2,0,190,CASH
S0009507,2026-09-09,P010,C0052,1,0,18,CREDIT
S0009508,2026-09-09,P023,C0089,1,10,40,CASH
S0009509,2026-09-09,P005,C0034,1,0,52,CASH
S0009510,2026-09-09,P002,C0053,2,0,510,CASH
S0009511,2026-09-09,P002,C0098,2,2,506,UPI
S0009512,2026-09-09,P023,,2,0,100,UPI
S0009513,2026-09-09,P004,C0043,1,5,140,CASH
S0009514,2026-09-09,P015,C0014,2,0,76,UPI
S0009515,2026-09-10,P015,,2,0,76,CASH
S0009516,2026-09-10,P013,,3,0,105,UPI
S0009517,2026-09-10,P009,,3,0,75,CARD
S0009518,2026-09-10,P014,,2,2,86,UPI
S0009519,2026-09-10,P001,C0009,4,5,1220,CARD
S0009520,2026-09-10,P005,,1,2,50,CASH
S0009521,2026-09-10,P007,C0079,4,0,440,CARD
S0009522,2026-09-10,P015,C0040,1,10,28,CASH
S0009523,2026-09-10,P006,C0069,1,2,23,CASH
S0009524,2026-09-10,P021,C0042,1,10,20,CREDIT
S0009525,2026-09-10,P022,,3,0,315,CREDIT
S0009526,2026-09-10,P016,,1,10,125,UPI
S0009527,2026-09-10,P012,,1,0,52,UPI
S0009528,2026-09-10,P006,C0056,1,0,25,CASH
S0009529,2026-09-10,P024,C0060,4,0,128,CASH
S0009530,2026-09-10,P013,C0002,3,0,105,UPI
S0009531,2026-09-10,P024,C0019,2,0,64,UPI
S0009532,2026-09-10,P019,C0091,2,0,144,UPI
S0009533,2026-09-10,P014,,2,0,90,CREDIT
S0009534,2026-09-10,P014,,1,0,45,CARD
S0009535,2026-09-10,P010,C0058,4,0,72,CREDIT
S0009536,2026-09-10,P008,C0095,1,10,85,CARD
S0009537,2026-09-10,P011,C0085,1,0,15,UPI
S0009538,2026-09-10,P023,C0023,1,0,50,CASH
S0009539,2026-09-10,P004,C0080,2,0,290,CREDIT
S0009540,2026-09-10,P020,C0093,2,0,100,UPI
S0009541,2026-09-10,P024,C0057,2,0,64,CARD
S0009542,2026-09-10,P009,C0029,1,2,23,CASH
S0009543,2026-09-10,P010,C0088,2,0,36,CREDIT
S0009544,2026-09-10,P019,C0036,1,0,72,CARD
S0009545,2026-09-10,P007,C0100,1,5,105,CASH
S0009546,2026-09-10,P023,C0023,1,0,50,CREDIT
S0009547,2026-09-10,P018,C0029,3,5,270,CARD
S0009548,2026-09-10,P015,C0032,2,0,76,UPI
S0009549,2026-09-10,P008,C0003,2,0,190,CREDIT
S0009550,2026-09-10,P008,C0044,3,0,285,CASH
S0009551,2026-09-10,P021,C0087,2,10,40,CASH
S0009552,2026-09-10,P002,C0030,2,0,510,CREDIT
S0009553,2026-09-10,P010,,1,0,18,CASH
S0009554,2026-09-10,P005,C0098,1,0,52,CREDIT
S0009555,2026-09-10,P009,C0082,2,0,50,CARD
S0009556,2026-09-10,P007,,2,5,210,CREDIT
S0009557,2026-09-10,P006,C0031,4,0,100,CASH
S0009558,2026-09-10,P012,C0042,4,0,208,UPI
S0009559,2026-09-10,P013,C0017,1,0,35,CASH
S0009560,2026-09-11,P005,C0013,1,0,52,UPI
S0009561,2026-09-11,P016,C0012,1,5,130,CARD
S0009562,2026-09-11,P012,C0069,4,0,208,CREDIT
S0009563,2026-09-11,P002,C0076,1,10,245,CARD
S0009564,2026-09-11,P021,C0007,5,5,125,CARD
S0009565,2026-09-11,P005,,3,0,156,CARD
S0009566,2026-09-11,P011,C0040,3,0,45,UPI
S0009567,2026-09-11,P003,C0080,1,2,153,CASH
S0009568,2026-09-11,P012,C0048,1,10,42,UPI
S0009569,2026-09-11,P005,C0030,2,0,104,UPI
S0009570,2026-09-11,P016,C0067,1,10,125,UPI
S0009571,2026-09-11,P019,,1,0,72,CASH
S0009572,2026-09-11,P024,,1,0,32,UPI
S0009573,2026-09-11,P012,C0096,1,5,47,CASH
S0009574,2026-09-11,P024,C0040,1,5,27,CARD
S0009575,2026-09-11,P003,C0092,3,2,459,CREDIT
S0009576,2026-09-11,P004,C0089,1,0,145,CREDIT
S0009577,2026-09-11,P011,C0064,1,0,15,UPI
S0009578,2026-09-11,P013,,2,0,70,CASH
S0009579,2026-09-11,P006,C0081,6,2,138,CASH
S0009580,2026-09-11,P009,C0032,1,0,25,UPI
S0009581,2026-09-11,P014,C0096,1,0,45,CREDIT
S0009582,2026-09-11,P005,,2,10,84,UPI
S0009583,2026-09-11,P022,,4,5,400,CARD
S0009584,2026-09-11,P023,C0031,3,0,150,CARD
S0009585,2026-09-11,P005,,2,0,104,UPI
S0009586,2026-09-11,P015,C0010,1,0,38,CARD
S0009587,2026-09-12,P002,C0020,2,0,510,UPI
S0009588,2026-09-12,P011,C0072,3,2,39,CREDIT
S0009589,2026-09-12,P017,C0046,5,10,400,CREDIT
S0009590,2026-09-12,P020,C0059,1,0,50,UPI
S0009591,2026-09-12,P010,C0088,1,0,18,CASH
S0009592,2026-09-12,P023,C0004,2,0,100,UPI
S0009593,2026-09-12,P024,C0076,3,10,66,UPI
S0009594,2026-09-12,P004,C0011,3,0,435,CARD
S0009595,2026-09-12,P014,C0013,1,5,40,UPI
S0009596,2026-09-12,P024,C0077,1,0,32,CASH
S0009597,2026-09-12,P016,C0066,2,10,250,UPI
S0009598,2026-09-12,P018,C0027,1,2,93,UPI
S0009599,2026-09-12,P009,,4,10,60,CREDIT
S0009600,2026-09-12,P022,C0050,2,0,210,CASH
S0009601,2026-09-12,P018,C0015,3,2,279,CREDIT
S0009602,2026-09-12,P017,C0091,2,0,180,CARD
S0009603,2026-09-12,P003,,3,2,459,CARD
S0009604,2026-09-12,P014,C0006,1,2,43,CARD
S0009605,2026-09-12,P021,C0085,3,0,90,CREDIT
S0009606,2026-09-12,P011,C0098,1,0,15,CASH
S0009607,2026-09-12,P013,C0023,2,0,70,UPI
S0009608,2026-09-12,P001,C0020,1,0,310,CREDIT
S0009609,2026-09-12,P006,C0001,2,10,30,UPI
S0009610,2026-09-12,P022,,1,5,100,CARD
S0009611,2026-09-12,P015,C0081,1,0,38,CASH
S0009612,2026-09-12,P015,C0046,5,0,190,CREDIT
S0009613,2026-09-12,P010,C0060,1,0,18,CASH
S0009614,2026-09-12,P024,C0092,3,5,81,UPI
S0009615,2026-09-12,P018,C0007,6,0,570,CREDIT
S0009616,2026-09-12,P020,,1,0,50,CARD
S0009617,2026-09-12,P004,C0033,2,5,280,CARD
S0009618,2026-09-12,P010,C0071,1,2,16,CASH
S0009619,2026-09-12,P014,,1,0,45,UPI
S0009620,2026-09-12,P009,C0062,1,0,25,CARD
S0009621,2026-09-12,P019,C0056,5,0,360,CREDIT
S0009622,2026-09-12,P017,C0093,1,2,88,CREDIT
S0009623,2026-09-12,P015,C0009,2,0,76,CARD
S0009624,2026-09-12,P016,C0011,2,0,270,CREDIT
S0009625,2026-09-12,P010,C0056,4,0,72,UPI
S0009626,2026-09-12,P012,C0078,1,5,47,CARD
S0009627,2026-09-12,P013,C0039,2,0,70,CASH
S0009628,2026-09-13,P003,C0007,5,2,765,CREDIT
S0009629,2026-09-13,P007,,3,2,324,CASH
S0009630,2026-09-13,P001,C0005,1,5,305,CASH
S0009631,2026-09-13,P012,,2,2,100,CARD
S0009632,2026-09-13,P014,C0098,1,0,45,CASH
S0009633,2026-09-13,P008,C0061,1,10,85,CREDIT
S0009634,2026-09-13,P016,C0031,2,10,250,UPI
S0009635,2026-09-13,P022,C0013,1,0,105,CREDIT
S0009636,2026-09-13,P016,C0072,2,5,260,CREDIT
S0009637,2026-09-13,P004,,6,2,858,CASH
S0009638,2026-09-13,P014,C0048,1,0,45,CARD
S0009639,2026-09-13,P018,C0087,5,0,475,CASH
S0009640,2026-09-13,P001,C0014,2,10,600,CASH
S0009641,2026-09-13,P009,C0008,2,5,40,CASH
S0009642,2026-09-13,P012,C0038,3,10,126,CARD
S0009643,2026-09-13,P011,C0085,1,0,15,UPI
S0009644,2026-09-13,P011,C0076,2,0,30,UPI
S0009645,2026-09-13,P017,C0093,1,5,85,UPI
S0009646,2026-09-13,P022,C0076,1,2,103,CASH
S0009647,2026-09-13,P019,C0064,5,10,310,CREDIT
S0009648,2026-09-13,P021,C0031,3,0,90,CREDIT
S0009649,2026-09-13,P005,C0049,1,0,52,UPI
S0009650,2026-09-13,P013,C0002,1,0,35,CASH
S0009651,2026-09-13,P010,C0068,2,0,36,CASH
S0009652,2026-09-13,P022,C0004,1,0,105,UPI
S0009653,2026-09-13,P019,C0038,2,0,144,CASH
S0009654,2026-09-13,P011,C0079,1,0,15,CARD
S0009655,2026-09-13,P020,C0003,2,0,100,CREDIT
S0009656,2026-09-13,P023,C0036,1,5,45,UPI
S0009657,2026-09-13,P015,C0073,1,2,36,CREDIT
S0009658,2026-09-13,P011,C0053,2,0,30,CREDIT
S0009659,2026-09-13,P005,C0080,2,2,100,CREDIT
S0009660,2026-09-13,P023,C0046,6,0,300,UPI
S0009661,2026-09-13,P017,,4,2,352,CREDIT
S0009662,2026-09-13,P006,C0044,1,0,25,CASH
S0009663,2026-09-13,P015,C0042,1,10,28,CREDIT
S0009664,2026-09-13,P002,C0022,4,0,1020,CASH
S0009665,2026-09-13,P008,C0017,4,0,380,CASH
S0009666,2026-09-13,P010,C0048,3,0,54,CREDIT
S0009667,2026-09-13,P024,C0058,1,0,32,UPI
S0009668,2026-09-13,P006,C0011,6,0,150,CARD
S0009669,2026-09-13,P017,C0095,1,2,88,UPI
S0009670,2026-09-13,P009,,3,0,75,CASH
S0009671,2026-09-14,P017,C0044,4,0,360,UPI
S0009672,2026-09-14,P014,C0056,1,0,45,UPI
S0009673,2026-09-14,P023,,6,2,288,UPI
S0009674,2026-09-14,P006,C0075,1,0,25,CASH
S0009675,2026-09-14,P016,C0071,5,2,665,CARD
S0009676,2026-09-14,P009,C0082,1,0,25,UPI
S0009677,2026-09-14,P019,C0049,3,2,210,CASH
S0009678,2026-09-14,P014,C0042,2,0,90,CASH
S0009679,2026-09-14,P016,C0079,2,0,270,CARD
S0009680,2026-09-14,P018,,1,10,85,CARD
S0009681,2026-09-14,P010,C0020,3,0,54,UPI
S0009682,2026-09-14,P005,,1,0,52,CARD
S0009683,2026-09-14,P023,C0020,2,2,96,CARD
S0009684,2026-09-14,P018,,1,2,93,CREDIT
S0009685,2026-09-14,P007,C0010,5,5,525,CASH
S0009686,2026-09-14,P015,C0060,1,0,38,UPI
S0009687,2026-09-14,P010,C0006,1,0,18,CASH
S0009688,2026-09-14,P003,,1,10,145,UPI
S0009689,2026-09-14,P018,C0090,1,0,95,CASH
S0009690,2026-09-14,P013,C0049,1,5,30,UPI
S0009691,2026-09-14,P009,C0016,2,10,30,CASH
S0009692,2026-09-14,P022,C0053,4,2,412,UPI
S0009693,2026-09-14,P013,C0004,3,0,105,CARD
S0009694,2026-09-14,P015,,2,10,56,UPI
S0009695,2026-09-14,P017,,1,2,88,UPI
S0009696,2026-09-14,P004,C0075,2,10,270,CASH
S0009697,2026-09-14,P024,,1,0,32,CREDIT
S0009698,2026-09-14,P022,C0077,3,5,300,CASH
S0009699,2026-09-14,P010,C0063,1,5,13,CREDIT
S0009700,2026-09-14,P018,C0086,1,2,93,CASH
S0009701,2026-09-14,P010,C0006,1,0,18,CASH
S0009702,2026-09-14,P009,C0036,4,0,100,UPI
S0009703,2026-09-14,P007,C0009,1,10,100,UPI
S0009704,2026-09-14,P004,,2,10,270,UPI
S0009705,2026-09-14,P010,C0044,1,0,18,UPI
S0009706,2026-09-14,P023,C0030,3,5,135,CASH
S0009707,2026-09-14,P011,C0015,4,5,40,CREDIT
S0009708,2026-09-14,P019,C0001,2,5,134,CARD
S0009709,2026-09-14,P010,C0005,2,0,36,CARD
S0009710,2026-09-14,P014,C0074,5,0,225,CARD
S0009711,2026-09-14,P002,,2,10,490,CREDIT
S0009712,2026-09-14,P015,C0038,2,0,76,CREDIT
S0009713,2026-09-14,P017,C0009,2,0,180,UPI
S0009714,2026-09-14,P007,C0034,2,0,220,CARD
S0009715,2026-09-15,P013,C0041,3,0,105,CREDIT
S0009716,2026-09-15,P005,C0020,1,10,42,CREDIT
S0009717,2026-09-15,P011,C0061,1,5,10,CARD
S0009718,2026-09-15,P002,C0093,2,0,510,CARD
S0009719,2026-09-15,P001,C0028,4,0,1240,CREDIT
S0009720,2026-09-15,P009,C0080,4,0,100,CREDIT
S0009721,2026-09-15,P001,C0030,5,2,1540,CASH
S0009722,2026-09-15,P020,C0091,4,0,200,CASH
S0009723,2026-09-15,P013,C0079,1,5,30,CARD
S0009724,2026-09-15,P003,,1,0,155,CREDIT
S0009725,2026-09-15,P010,C0001,3,0,54,CREDIT
S0009726,2026-09-15,P001,C0022,1,0,310,CREDIT
S0009727,2026-09-15,P015,C0030,2,0,76,UPI
S0009728,2026-09-15,P023,C0072,2,5,90,UPI
S0009729,2026-09-15,P012,,1,0,52,CREDIT
S0009730,2026-09-15,P008,C0088,4,0,380,UPI
S0009731,2026-09-15,P003,C0069,2,0,310,CREDIT
S0009732,2026-09-15,P021,C0038,2,0,60,CREDIT
S0009733,2026-09-15,P004,C0042,6,0,870,CASH
S0009734,2026-09-15,P013,C0050,2,0,70,CARD
S0009735,2026-09-15,P001,C0036,1,0,310,CREDIT
S0009736,2026-09-15,P010,C0052,2,2,32,CREDIT
S0009737,2026-09-15,P020,,3,0,150,CREDIT
S0009738,2026-09-15,P021,C0075,3,5,75,CARD
S0009739,2026-09-15,P017,C0067,3,0,270,UPI
S0009740,2026-09-15,P015,,3,0,114,CASH
S0009741,2026-09-15,P013,C0014,1,10,25,UPI
S0009742,2026-09-15,P002,,4,0,1020,CREDIT
S0009743,2026-09-15,P001,C0010,4,10,1200,CREDIT
S0009744,2026-09-15,P016,,1,10,125,CASH
S0009745,2026-09-15,P021,C0041,1,0,30,CARD
S0009746,2026-09-15,P020,,6,0,300,CASH
S0009747,2026-09-15,P002,C0068,4,0,1020,UPI
S0009748,2026-09-15,P004,C0057,4,0,580,UPI
S0009749,2026-09-16,P019,C0098,2,5,134,CREDIT
S0009750,2026-09-16,P002,C0036,2,0,510,UPI
S0009751,2026-09-16,P006,C0035,1,0,25,CARD
S0009752,2026-09-16,P010,,3,0,54,CARD
S0009753,2026-09-16,P011,C0076,2,10,10,CREDIT
S0009754,2026-09-16,P015,C0030,2,0,76,CASH
S0009755,2026-09-16,P008,C0085,2,5,180,CARD
S0009756,2026-09-16,P022,C0094,2,2,206,CREDIT
S0009757,2026-09-16,P023,C0048,1,0,50,CASH
S0009758,2026-09-16,P008,C0014,1,2,93,CREDIT
S0009759,2026-09-16,P022,,1,0,105,CASH
S0009760,2026-09-16,P024,C0047,1,0,32,CASH
S0009761,2026-09-16,P001,C0008,6,10,1800,CARD
S0009762,2026-09-16,P020,,1,5,45,CASH
S0009763,2026-09-16,P013,C0052,1,5,30,CARD
S0009764,2026-09-16,P007,C0050,2,5,210,UPI
S0009765,2026-09-16,P024,C0062,2,2,60,CREDIT
S0009766,2026-09-16,P008,C0059,1,0,95,CASH
S0009767,2026-09-16,P019,C0039,3,10,186,CREDIT
S0009768,2026-09-16,P023,C0035,3,0,150,CREDIT
S0009769,2026-09-16,P023,C0020,1,5,45,CASH
S0009770,2026-09-16,P024,C0072,1,10,22,CARD
S0009771,2026-09-16,P017,,5,0,450,CARD
S0009772,2026-09-16,P022,,3,0,315,CASH
S0009773,2026-09-16,P016,,2,5,260,CREDIT
S0009774,2026-09-16,P018,C0085,1,0,95,UPI
S0009775,2026-09-16,P009,C0011,1,5,20,CASH
S0009776,2026-09-16,P009,C0026,2,2,46,UPI
S0009777,2026-09-16,P016,C0050,1,2,133,CREDIT
S0009778,2026-09-16,P002,C0001,2,0,510,CARD
S0009779,2026-09-16,P012,C0083,2,2,100,UPI
S0009780,2026-09-16,P016,C0030,1,10,125,CARD
S0009781,2026-09-16,P015,C0017,3,2,108,UPI
S0009782,2026-09-16,P023,C0050,4,0,200,CASH
S0009783,2026-09-16,P011,C0051,1,0,15,CASH
S0009784,2026-09-16,P012,C0034,3,10,126,CREDIT
S0009785,2026-09-16,P010,C0027,1,0,18,CREDIT
S0009786,2026-09-16,P001,C0038,3,0,930,CARD
S0009787,2026-09-16,P012,C0001,1,0,52,CASH
S0009788,2026-09-16,P020,C0031,1,5,45,CARD
S0009789,2026-09-16,P022,C0061,2,0,210,UPI
S0009790,2026-09-16,P024,C0051,2,2,60,CREDIT
S0009791,2026-09-16,P024,C0020,4,2,120,CARD
S0009792,2026-09-17,P011,C0078,2,0,30,UPI
S0009793,2026-09-17,P011,C0080,2,0,30,CASH
S0009794,2026-09-17,P013,C0001,1,0,35,UPI
S0009795,2026-09-17,P022,,2,0,210,UPI
S0009796,2026-09-17,P022,C0096,3,10,285,UPI
S0009797,2026-09-17,P003,C0042,4,10,580,CREDIT
S0009798,2026-09-17,P003,C0010,6,0,930,CREDIT
S0009799,2026-09-17,P007,C0034,1,2,108,CARD
S0009800,2026-09-17,P024,C0081,3,2,90,UPI
S0009801,2026-09-17,P005,,1,0,52,CASH
S0009802,2026-09-17,P001,C0087,2,0,620,CASH
S0009803,2026-09-17,P021,C0025,2,10,40,CARD
S0009804,2026-09-17,P022,,6,0,630,UPI
S0009805,2026-09-17,P022,,3,5,300,CREDIT
S0009806,2026-09-17,P016,C0026,5,0,675,CASH
S0009807,2026-09-17,P003,C0034,3,0,465,CARD
S0009808,2026-09-17,P017,C0064,4,0,360,CREDIT
S0009809,2026-09-17,P021,C0081,3,0,90,CREDIT
S0009810,2026-09-17,P012,C0093,2,0,104,CREDIT
S0009811,2026-09-17,P003,C0018,1,2,153,CASH
S0009812,2026-09-17,P003,C0068,1,10,145,CASH
S0009813,2026-09-17,P005,C0053,1,0,52,CASH
S0009814,2026-09-17,P003,C0094,2,2,306,CREDIT
S0009815,2026-09-17,P010,C0062,2,0,36,CREDIT
S0009816,2026-09-17,P003,C0081,2,5,300,CASH
S0009817,2026-09-17,P001,C0025,6,0,1860,CREDIT
S0009818,2026-09-17,P009,C0015,4,10,60,CREDIT
S0009819,2026-09-17,P020,C0055,1,0,50,CASH
S0009820,2026-09-17,P011,C0079,1,5,10,UPI
S0009821,2026-09-17,P014,C0060,2,10,70,CREDIT
S0009822,2026-09-17,P009,,1,0,25,CASH
S0009823,2026-09-17,P005,,3,0,156,UPI
S0009824,2026-09-17,P023,C0094,2,2,96,CASH
S0009825,2026-09-18,P022,C0044,3,0,315,CASH
S0009826,2026-09-18,P018,,1,0,95,CREDIT
S0009827,2026-09-18,P015,C0023,3,0,114,CREDIT
S0009828,2026-09-18,P020,C0060,2,0,100,CARD
S0009829,2026-09-18,P020,C0080,1,10,40,CARD
S0009830,2026-09-18,P006,C0041,1,0,25,CASH
S0009831,2026-09-18,P020,C0098,2,0,100,CARD
S0009832,2026-09-18,P009,C0088,1,0,25,CARD
S0009833,2026-09-18,P008,,1,10,85,CREDIT
S0009834,2026-09-18,P023,C0070,2,5,90,CREDIT
S0009835,2026-09-18,P017,,3,0,270,UPI
S0009836,2026-09-18,P003,,1,0,155,CASH
S0009837,2026-09-18,P008,C0055,1,0,95,CARD
S0009838,2026-09-18,P001,C0091,4,2,1232,UPI
S0009839,2026-09-18,P011,C0064,1,2,13,CREDIT
S0009840,2026-09-18,P003,C0043,5,10,725,CARD
S0009841,2026-09-18,P023,C0077,2,0,100,UPI
S0009842,2026-09-18,P021,C0090,1,0,30,CASH
S0009843,2026-09-18,P016,C0062,1,2,133,UPI
S0009844,2026-09-18,P006,C0074,1,0,25,UPI
S0009845,2026-09-18,P023,C0003,1,0,50,CARD
S0009846,2026-09-18,P013,C0060,1,0,35,CASH
S0009847,2026-09-18,P004,C0023,2,0,290,CREDIT
S0009848,2026-09-18,P013,C0003,1,5,30,CASH
S0009849,2026-09-18,P005,C0042,2,0,104,CARD
S0009850,2026-09-18,P003,,2,2,306,UPI
S0009851,2026-09-18,P006,C0041,1,2,23,CARD
S0009852,2026-09-18,P022,C0076,1,2,103,CREDIT
S0009853,2026-09-18,P015,C0030,1,10,28,CREDIT
S0009854,2026-09-18,P019,C0078,1,0,72,CARD
S0009855,2026-09-18,P016,C0075,3,10,375,CARD
S0009856,2026-09-18,P012,C0073,1,0,52,CASH
S0009857,2026-09-18,P009,C0058,3,5,60,CARD
S0009858,2026-09-18,P022,C0010,2,0,210,UPI
S0009859,2026-09-18,P016,C0028,2,5,260,CREDIT
S0009860,2026-09-18,P015,C0028,2,0,76,CREDIT
S0009861,2026-09-19,P005,C0051,1,0,52,CREDIT
S0009862,2026-09-19,P014,C0014,2,0,90,CASH
S0009863,2026-09-19,P012,C0038,1,2,50,CASH
S0009864,2026-09-19,P007,C0004,2,0,220,UPI
S0009865,2026-09-19,P018,C0047,2,0,190,CREDIT
S0009866,2026-09-19,P008,C0096,2,0,190,CASH
S0009867,2026-09-19,P019,C0081,2,0,144,CARD
S0009868,2026-09-19,P021,C0018,2,2,56,CREDIT
S0009869,2026-09-19,P008,,3,10,255,CASH
S0009870,2026-09-19,P004,,3,0,435,CREDIT
S0009871,2026-09-19,P022,C0067,2,5,200,CASH
S0009872,2026-09-19,P003,C0082,2,0,310,CREDIT
S0009873,2026-09-19,P008,C0055,4,5,360,CARD
S0009874,2026-09-19,P010,C0045,2,2,32,CASH
S0009875,2026-09-19,P006,C0061,1,0,25,CASH
S0009876,2026-09-19,P001,C0079,3,0,930,CREDIT
S0009877,2026-09-19,P001,C0038,2,2,616,CASH
S0009878,2026-09-19,P018,C0033,1,0,95,UPI
S0009879,2026-09-19,P014,C0092,4,5,160,CASH
S0009880,2026-09-19,P016,C0090,1,2,133,CREDIT
S0009881,2026-09-19,P007,C0051,3,5,315,CARD
S0009882,2026-09-19,P003,C0080,3,0,465,CARD
S0009883,2026-09-19,P012,C0012,5,0,260,UPI
S0009884,2026-09-19,P001,,1,0,310,UPI
S0009885,2026-09-19,P002,C0015,2,2,506,CARD
S0009886,2026-09-19,P023,C0099,2,2,96,CARD
S0009887,2026-09-19,P023,C0017,1,0,50,CREDIT
S0009888,2026-09-19,P006,C0089,1,0,25,UPI
S0009889,2026-09-19,P001,C0054,2,0,620,UPI
S0009890,2026-09-19,P015,C0017,2,0,76,CASH
S0009891,2026-09-19,P011,C0020,1,0,15,CASH
S0009892,2026-09-19,P001,,2,5,610,CASH
S0009893,2026-09-19,P022,C0088,3,0,315,CASH
S0009894,2026-09-19,P021,C0026,3,0,90,CREDIT
S0009895,2026-09-19,P011,C0027,4,10,20,UPI
S0009896,2026-09-19,P014,C0074,1,10,35,CASH
S0009897,2026-09-19,P018,,5,0,475,UPI
S0009898,2026-09-19,P014,C0051,4,5,160,CASH
S0009899,2026-09-19,P004,,1,0,145,CREDIT
S0009900,2026-09-19,P020,,1,0,50,CREDIT
S0009901,2026-09-19,P024,C0040,2,5,54,UPI
S0009902,2026-09-19,P008,,1,0,95,UPI
S0009903,2026-09-19,P009,C0036,2,0,50,CARD
S0009904,2026-09-19,P003,C0050,2,0,310,UPI
S0009905,2026-09-20,P014,C0034,1,0,45,CREDIT
S0009906,2026-09-20,P001,C0088,4,0,1240,CARD
S0009907,2026-09-20,P010,C0095,1,10,8,CARD
S0009908,2026-09-20,P018,C0013,6,0,570,CARD
S0009909,2026-09-20,P024,C0013,1,5,27,CREDIT
S0009910,2026-09-20,P014,C0019,5,0,225,CREDIT
S0009911,2026-09-20,P023,C0067,1,0,50,UPI
S0009912,2026-09-20,P019,C0038,1,0,72,UPI
S0009913,2026-09-20,P004,C0001,1,0,145,CARD
S0009914,2026-09-20,P001,C0079,3,5,915,CREDIT
S0009915,2026-09-20,P020,C0091,4,2,192,CREDIT
S0009916,2026-09-20,P004,C0093,2,5,280,CASH
S0009917,2026-09-20,P004,,5,0,725,CASH
S0009918,2026-09-20,P023,C0048,2,0,100,CASH
S0009919,2026-09-20,P023,C0090,2,0,100,CASH
S0009920,2026-09-20,P005,,4,5,188,UPI
S0009921,2026-09-20,P011,,1,2,13,CASH
S0009922,2026-09-20,P015,C0057,1,5,33,CARD
S0009923,2026-09-20,P008,,4,0,380,CARD
S0009924,2026-09-20,P024,C0090,4,0,128,CARD
S0009925,2026-09-20,P016,C0023,6,0,810,CARD
S0009926,2026-09-20,P024,C0087,4,10,88,CASH
S0009927,2026-09-20,P020,C0006,1,0,50,UPI
S0009928,2026-09-20,P003,,3,0,465,CARD
S0009929,2026-09-20,P006,C0042,1,10,15,CARD
S0009930,2026-09-20,P017,C0056,6,5,510,CASH
S0009931,2026-09-20,P015,C0091,2,0,76,CASH
S0009932,2026-09-20,P013,C0029,2,0,70,UPI
S0009933,2026-09-20,P015,C0069,2,0,76,UPI
S0009934,2026-09-20,P008,C0033,1,0,95,CARD
S0009935,2026-09-20,P018,C0065,1,10,85,UPI
S0009936,2026-09-20,P023,C0076,4,10,160,CREDIT
S0009937,2026-09-20,P004,C0070,3,10,405,CREDIT
S0009938,2026-09-20,P003,,1,10,145,CARD
S0009939,2026-09-20,P005,C0078,3,0,156,CASH
S0009940,2026-09-20,P012,C0043,2,5,94,CARD
S0009941,2026-09-20,P022,C0047,1,5,100,CASH
S0009942,2026-09-20,P002,C0095,1,0,255,CARD
S0009943,2026-09-20,P019,C0057,4,0,288,CARD
S0009944,2026-09-20,P015,C0077,3,0,114,UPI
S0009945,2026-09-20,P004,C0025,2,5,280,CREDIT
S0009946,2026-09-20,P019,C0071,2,10,124,CASH
S0009947,2026-09-20,P001,C0040,1,5,305,CARD
S0009948,2026-09-20,P015,C0019,2,0,76,CREDIT
S0009949,2026-09-20,P009,C0099,1,0,25,UPI
S0009950,2026-09-20,P003,C0001,1,0,155,CARD
S0009951,2026-09-21,P017,C0060,2,2,176,UPI
S0009952,2026-09-21,P004,C0085,4,0,580,CASH
S0009953,2026-09-21,P006,C0100,3,0,75,CASH
S0009954,2026-09-21,P007,C0091,4,0,440,CREDIT
S0009955,2026-09-21,P002,,2,0,510,CASH
S0009956,2026-09-21,P009,C0056,3,0,75,UPI
S0009957,2026-09-21,P005,C0065,1,5,47,CASH
S0009958,2026-09-21,P001,,1,5,305,CREDIT
S0009959,2026-09-21,P009,,1,0,25,UPI
S0009960,2026-09-21,P024,C0096,2,0,64,CASH
S0009961,2026-09-21,P024,C0074,5,10,110,CREDIT
S0009962,2026-09-21,P019,,4,10,248,CASH
S0009963,2026-09-21,P015,C0082,1,0,38,CARD
S0009964,2026-09-21,P023,,1,0,50,UPI
S0009965,2026-09-21,P008,C0067,1,0,95,CREDIT
S0009966,2026-09-21,P024,,1,2,30,CARD
S0009967,2026-09-21,P005,C0047,2,2,100,CREDIT
S0009968,2026-09-21,P017,C0014,4,5,340,CARD
S0009969,2026-09-21,P008,C0060,5,2,465,CREDIT
S0009970,2026-09-21,P023,C0007,2,0,100,UPI
S0009971,2026-09-21,P021,C0061,3,0,90,CASH
S0009972,2026-09-21,P016,C0037,2,2,266,CARD
S0009973,2026-09-21,P009,C0060,1,0,25,CARD
S0009974,2026-09-21,P010,C0015,2,0,36,UPI
S0009975,2026-09-21,P015,C0075,2,0,76,CASH
S0009976,2026-09-21,P024,C0018,3,0,96,CREDIT
S0009977,2026-09-21,P021,,1,10,20,CARD
S0009978,2026-09-21,P010,C0030,1,5,13,CARD
S0009979,2026-09-21,P015,C0046,1,10,28,UPI
S0009980,2026-09-21,P023,C0004,5,0,250,CARD
S0009981,2026-09-21,P008,C0075,2,0,190,CASH
S0009982,2026-09-21,P020,C0043,3,2,144,UPI
S0009983,2026-09-21,P015,C0078,3,10,84,CREDIT
S0009984,2026-09-22,P012,,4,2,200,CARD
S0009985,2026-09-22,P015,C0097,2,2,72,CASH
S0009986,2026-09-22,P022,C0043,5,0,525,CREDIT
S0009987,2026-09-22,P022,C0071,1,10,95,UPI
S0009988,2026-09-22,P013,C0068,1,0,35,CARD
S0009989,2026-09-22,P007,C0087,4,0,440,UPI
S0009990,2026-09-22,P016,C0089,4,10,500,CASH
S0009991,2026-09-22,P002,C0084,6,0,1530,UPI
S0009992,2026-09-22,P022,C0060,2,10,190,CREDIT
S0009993,2026-09-22,P013,,5,0,175,CASH
S0009994,2026-09-22,P011,C0004,3,5,30,UPI
S0009995,2026-09-22,P016,C0069,4,2,532,CASH
S0009996,2026-09-22,P013,C0021,2,2,66,CASH
S0009997,2026-09-22,P007,C0092,1,0,110,CARD
S0009998,2026-09-22,P010,C0031,5,0,90,CASH
S0009999,2026-09-22,P014,C0076,2,2,86,CARD
S0010000,2026-09-22,P005,C0043,2,2,100,UPI
S0010001,2026-09-22,P024,C0029,2,0,64,UPI
S0010002,2026-09-22,P005,C0088,2,10,84,CREDIT
S0010003,2026-09-22,P011,C0021,2,0,30,CREDIT
S0010004,2026-09-22,P008,C0089,1,0,95,CARD
S0010005,2026-09-22,P004,C0080,4,0,580,CREDIT
S0010006,2026-09-22,P005,C0077,2,0,104,UPI
S0010007,2026-09-22,P007,C0017,2,0,220,CASH
S0010008,2026-09-22,P009,C0063,1,0,25,UPI
S0010009,2026-09-22,P010,,1,0,18,CARD
S0010010,2026-09-22,P002,C0032,1,2,253,CARD
S0010011,2026-09-22,P011,C0045,3,0,45,CREDIT
S0010012,2026-09-22,P002,C0005,1,0,255,UPI
S0010013,2026-09-22,P014,C0061,4,0,180,CARD
S0010014,2026-09-22,P003,C0054,1,0,155,CARD
S0010015,2026-09-23,P009,C0047,1,10,15,CARD
S0010016,2026-09-23,P016,C0051,3,10,375,UPI
S0010017,2026-09-23,P006,C0071,4,0,100,CASH
S0010018,2026-09-23,P022,C0012,2,2,206,CASH
S0010019,2026-09-23,P016,C0094,1,5,130,UPI
S0010020,2026-09-23,P014,C0004,1,0,45,CREDIT
S0010021,2026-09-23,P024,C0014,2,0,64,CASH
S0010022,2026-09-23,P006,C0020,5,10,75,CASH
S0010023,2026-09-23,P021,C0081,1,5,25,UPI
S0010024,2026-09-23,P012,C0038,3,0,156,CARD
S0010025,2026-09-23,P014,C0089,2,2,86,CARD
S0010026,2026-09-23,P008,C0001,1,5,90,CARD
S0010027,2026-09-23,P012,C0042,2,0,104,CARD
S0010028,2026-09-23,P019,C0007,1,0,72,CASH
S0010029,2026-09-23,P014,C0091,3,0,135,CARD
S0010030,2026-09-23,P014,C0064,1,0,45,CREDIT
S0010031,2026-09-23,P016,C0069,3,10,375,CARD
S0010032,2026-09-23,P007,C0083,1,0,110,CASH
S0010033,2026-09-23,P016,,5,0,675,CASH
S0010034,2026-09-23,P019,C0077,1,5,67,UPI
S0010035,2026-09-23,P009,,4,5,80,CREDIT
S0010036,2026-09-23,P002,C0067,3,0,765,CASH
S0010037,2026-09-23,P023,,5,5,225,CASH
S0010038,2026-09-23,P013,C0049,2,2,66,CASH
S0010039,2026-09-23,P014,C0003,3,2,129,CASH
S0010040,2026-09-23,P022,C0020,1,0,105,UPI
S0010041,2026-09-23,P019,C0048,1,0,72,CARD
S0010042,2026-09-23,P022,C0052,2,0,210,UPI
S0010043,2026-09-23,P015,C0078,1,10,28,UPI
S0010044,2026-09-24,P014,,2,5,80,CREDIT
S0010045,2026-09-24,P001,C0009,2,5,610,CARD
S0010046,2026-09-24,P022,C0023,1,0,105,UPI
S0010047,2026-09-24,P002,C0075,2,0,510,CASH
S0010048,2026-09-24,P009,C0079,1,0,25,UPI
S0010049,2026-09-24,P015,C0077,5,0,190,CREDIT
S0010050,2026-09-24,P006,C0049,3,0,75,CASH
S0010051,2026-09-24,P024,C0071,6,0,192,CASH
S0010052,2026-09-24,P022,C0097,1,0,105,CASH
S0010053,2026-09-24,P019,C0082,1,5,67,UPI
S0010054,2026-09-24,P024,C0021,1,2,30,CREDIT
S0010055,2026-09-24,P021,C0019,1,2,28,UPI
S0010056,2026-09-24,P001,C0044,1,10,300,CASH
S0010057,2026-09-24,P001,C0011,2,0,620,CASH
S0010058,2026-09-24,P006,C0006,1,0,25,UPI
S0010059,2026-09-24,P018,,2,0,190,CASH
S0010060,2026-09-24,P017,C0084,4,0,360,CREDIT
S0010061,2026-09-24,P015,C0036,2,5,66,CASH
S0010062,2026-09-24,P015,C0007,1,10,28,CARD
S0010063,2026-09-24,P010,C0072,1,2,16,CARD
S0010064,2026-09-24,P016,C0070,2,5,260,CREDIT
S0010065,2026-09-24,P006,,1,2,23,CASH
S0010066,2026-09-24,P002,C0025,2,0,510,CASH
S0010067,2026-09-24,P006,C0085,1,5,20,UPI
S0010068,2026-09-24,P003,C0054,4,0,620,UPI
S0010069,2026-09-24,P010,C0054,3,0,54,CREDIT
S0010070,2026-09-24,P012,C0075,2,2,100,CARD
S0010071,2026-09-24,P005,,1,5,47,CARD
S0010072,2026-09-24,P016,C0002,1,0,135,CREDIT
S0010073,2026-09-24,P023,C0003,3,10,120,CREDIT
S0010074,2026-09-24,P009,C0020,2,0,50,CARD
S0010075,2026-09-24,P011,C0047,1,0,15,CREDIT
S0010076,2026-09-24,P007,C0071,1,0,110,CREDIT
S0010077,2026-09-24,P023,C0061,1,0,50,CREDIT
S0010078,2026-09-24,P018,C0034,3,2,279,UPI
S0010079,2026-09-24,P015,,1,0,38,CARD
S0010080,2026-09-25,P014,C0062,2,0,90,CREDIT
S0010081,2026-09-25,P015,,4,10,112,UPI
S0010082,2026-09-25,P014,C0019,4,0,180,CREDIT
S0010083,2026-09-25,P005,C0040,2,2,100,CASH
S0010084,2026-09-25,P013,C0008,1,2,33,CASH
S0010085,2026-09-25,P017,C0019,2,10,160,CREDIT
S0010086,2026-09-25,P022,C0010,2,5,200,CREDIT
S0010087,2026-09-25,P009,C0057,2,0,50,UPI
S0010088,2026-09-25,P001,C0026,2,0,620,CREDIT
S0010089,2026-09-25,P003,C0067,1,5,150,CREDIT
S0010090,2026-09-25,P002,C0050,2,0,510,CREDIT
S0010091,2026-09-25,P018,C0002,1,2,93,CASH
S0010092,2026-09-25,P003,,3,5,450,CREDIT
S0010093,2026-09-25,P013,C0061,1,0,35,CARD
S0010094,2026-09-25,P021,C0019,3,0,90,CREDIT
S0010095,2026-09-25,P019,C0025,1,2,70,UPI
S0010096,2026-09-25,P006,C0098,1,10,15,CARD
S0010097,2026-09-25,P005,C0088,3,2,150,CARD
S0010098,2026-09-25,P008,C0087,1,0,95,CARD
S0010099,2026-09-25,P003,C0052,3,10,435,UPI
S0010100,2026-09-25,P003,C0078,2,2,306,UPI
S0010101,2026-09-25,P020,C0088,2,2,96,CARD
S0010102,2026-09-25,P018,C0067,1,0,95,CREDIT
S0010103,2026-09-25,P001,C0016,2,5,610,CREDIT
S0010104,2026-09-25,P001,C0066,2,5,610,CREDIT
S0010105,2026-09-25,P016,,2,10,250,UPI
S0010106,2026-09-25,P012,C0006,2,0,104,CREDIT
S0010107,2026-09-25,P015,C0014,2,5,66,UPI
S0010108,2026-09-25,P016,C0037,1,10,125,UPI
S0010109,2026-09-25,P010,C0029,1,0,18,CREDIT
S0010110,2026-09-25,P018,C0048,1,2,93,CREDIT
S0010111,2026-09-25,P020,C0058,1,0,50,CASH
S0010112,2026-09-25,P021,C0053,3,0,90,UPI
S0010113,2026-09-25,P022,C0042,3,0,315,UPI
S0010114,2026-09-25,P003,,1,0,155,UPI
S0010115,2026-09-26,P002,C0061,4,5,1000,UPI
S0010116,2026-09-26,P004,C0072,3,0,435,CARD
S0010117,2026-09-26,P001,C0023,3,5,915,UPI
S0010118,2026-09-26,P012,C0020,1,0,52,CARD
S0010119,2026-09-26,P022,C0073,1,0,105,CREDIT
S0010120,2026-09-26,P006,C0098,1,5,20,CASH
S0010121,2026-09-26,P023,C0080,3,5,135,CASH
S0010122,2026-09-26,P002,C0002,1,0,255,CASH
S0010123,2026-09-26,P020,C0047,3,0,150,CREDIT
S0010124,2026-09-26,P009,C0059,1,5,20,CARD
S0010125,2026-09-26,P021,,3,0,90,CREDIT
S0010126,2026-09-26,P011,,1,2,13,CREDIT
S0010127,2026-09-26,P024,C0033,1,0,32,CASH
S0010128,2026-09-26,P012,C0050,1,0,52,CARD
S0010129,2026-09-26,P022,C0022,1,5,100,UPI
S0010130,2026-09-26,P010,C0052,1,0,18,CARD
S0010131,2026-09-26,P004,C0100,3,0,435,CASH
S0010132,2026-09-26,P015,C0006,1,0,38,CARD
S0010133,2026-09-26,P003,C0031,1,0,155,CREDIT
S0010134,2026-09-26,P020,C0030,3,10,120,CREDIT
S0010135,2026-09-26,P014,C0097,1,10,35,CREDIT
S0010136,2026-09-26,P024,C0099,5,2,150,CREDIT
S0010137,2026-09-26,P013,C0015,6,2,198,CREDIT
S0010138,2026-09-26,P001,C0068,1,10,300,CARD
S0010139,2026-09-26,P011,C0099,1,0,15,UPI
S0010140,2026-09-26,P015,C0077,1,0,38,UPI
S0010141,2026-09-26,P012,C0039,3,2,150,CREDIT
S0010142,2026-09-26,P017,C0011,2,2,176,CARD
S0010143,2026-09-26,P009,C0079,2,2,46,UPI
S0010144,2026-09-26,P017,C0028,3,0,270,CARD
S0010145,2026-09-26,P017,C0022,1,0,90,CARD
S0010146,2026-09-26,P024,C0087,3,0,96,CARD
S0010147,2026-09-26,P015,C0034,3,0,114,CARD
S0010148,2026-09-26,P001,C0080,2,2,616,CREDIT
S0010149,2026-09-26,P007,C0034,4,0,440,CARD
S0010150,2026-09-26,P008,C0019,3,0,285,CREDIT
S0010151,2026-09-26,P024,C0014,1,2,30,UPI
S0010152,2026-09-26,P004,C0089,2,0,290,UPI
S0010153,2026-09-26,P023,C0048,2,2,96,UPI
S0010154,2026-09-26,P018,C0053,1,0,95,CREDIT
S0010155,2026-09-26,P017,C0071,5,2,440,CARD
S0010156,2026-09-26,P020,,1,0,50,CASH
S0010157,2026-09-26,P003,C0046,2,0,310,CREDIT
S0010158,2026-09-26,P004,C0086,2,2,286,CASH
S0010159,2026-09-26,P002,C0085,1,10,245,CREDIT
S0010160,2026-09-26,P024,C0026,5,5,135,CARD
S0010161,2026-09-26,P023,C0069,4,10,160,UPI
S0010162,2026-09-26,P002,C0019,2,0,510,CREDIT
S0010163,2026-09-26,P009,C0045,1,0,25,CREDIT
S0010164,2026-09-26,P022,C0002,1,0,105,CARD
S0010165,2026-09-26,P011,C0070,1,0,15,CASH
S0010166,2026-09-26,P019,,1,2,70,CREDIT
S0010167,2026-09-26,P018,C0014,2,10,170,CASH
S0010168,2026-09-26,P003,C0098,5,10,725,CARD
S0010169,2026-09-26,P016,C0033,2,5,260,CARD
S0010170,2026-09-26,P015,C0050,4,0,152,UPI
S0010171,2026-09-26,P010,C0075,2,0,36,CASH
S0010172,2026-09-27,P015,C0062,2,0,76,CARD
S0010173,2026-09-27,P022,,4,0,420,CASH
S0010174,2026-09-27,P003,C0056,1,0,155,UPI
S0010175,2026-09-27,P015,C0064,1,0,38,CARD
S0010176,2026-09-27,P018,,4,0,380,CARD
S0010177,2026-09-27,P012,C0019,2,10,84,CASH
S0010178,2026-09-27,P014,,4,0,180,CREDIT
S0010179,2026-09-27,P020,C0067,5,2,240,CREDIT
S0010180,2026-09-27,P019,C0068,1,2,70,CREDIT
S0010181,2026-09-27,P016,C0038,2,0,270,CARD
S0010182,2026-09-27,P011,C0034,1,2,13,CREDIT
S0010183,2026-09-27,P010,C0031,2,0,36,CARD
S0010184,2026-09-27,P001,,3,0,930,CASH
S0010185,2026-09-27,P024,C0089,1,2,30,CASH
S0010186,2026-09-27,P014,C0089,2,0,90,CARD
S0010187,2026-09-27,P020,C0024,3,0,150,CREDIT
S0010188,2026-09-27,P011,C0009,1,5,10,CASH
S0010189,2026-09-27,P009,,3,0,75,CASH
S0010190,2026-09-27,P017,C0004,2,2,176,UPI
S0010191,2026-09-27,P005,C0036,5,10,210,CARD
S0010192,2026-09-27,P010,C0078,1,0,18,CASH
S0010193,2026-09-27,P014,,1,5,40,CARD
S0010194,2026-09-27,P014,,2,0,90,UPI
S0010195,2026-09-27,P012,C0071,1,0,52,CREDIT
S0010196,2026-09-27,P005,C0017,5,5,235,CASH
S0010197,2026-09-27,P002,C0060,1,10,245,UPI
S0010198,2026-09-27,P022,C0043,3,0,315,CARD
S0010199,2026-09-27,P017,,2,0,180,CARD
S0010200,2026-09-27,P008,C0049,1,0,95,UPI
S0010201,2026-09-27,P005,C0017,1,5,47,CREDIT
S0010202,2026-09-27,P021,C0031,2,0,60,CASH
S0010203,2026-09-27,P002,,2,0,510,CREDIT
S0010204,2026-09-27,P022,,1,0,105,CREDIT
S0010205,2026-09-27,P003,C0053,4,2,612,CASH
S0010206,2026-09-27,P010,C0059,1,0,18,CARD
S0010207,2026-09-27,P014,,2,0,90,UPI
S0010208,2026-09-27,P004,C0081,2,0,290,UPI
S0010209,2026-09-27,P007,C0090,1,2,108,UPI
S0010210,2026-09-27,P016,,5,2,665,CASH
S0010211,2026-09-27,P018,C0070,1,0,95,UPI
S0010212,2026-09-28,P013,C0010,2,0,70,CARD
S0010213,2026-09-28,P023,C0045,2,0,100,CARD
S0010214,2026-09-28,P017,C0049,2,0,180,CASH
S0010215,2026-09-28,P012,C0042,1,0,52,CARD
S0010216,2026-09-28,P003,,1,2,153,UPI
S0010217,2026-09-28,P006,,3,5,60,CASH
S0010218,2026-09-28,P011,C0010,1,0,15,CASH
S0010219,2026-09-28,P022,C0091,4,2,412,CREDIT
S0010220,2026-09-28,P014,C0006,1,2,43,CARD
S0010221,2026-09-28,P020,C0050,3,0,150,CARD
S0010222,2026-09-28,P006,C0065,1,2,23,CASH
S0010223,2026-09-28,P023,C0069,2,10,80,CARD
S0010224,2026-09-28,P015,C0043,1,0,38,CASH
S0010225,2026-09-28,P002,C0011,1,0,255,CASH
S0010226,2026-09-28,P022,,1,0,105,CREDIT
S0010227,2026-09-28,P003,C0094,1,10,145,CASH
S0010228,2026-09-28,P007,C0021,1,5,105,UPI
S0010229,2026-09-28,P007,C0056,2,10,200,CREDIT
S0010230,2026-09-28,P017,C0038,2,0,180,CASH
S0010231,2026-09-28,P015,C0096,3,10,84,CREDIT
S0010232,2026-09-28,P018,C0018,2,0,190,CREDIT
S0010233,2026-09-28,P018,C0085,2,5,180,CARD
S0010234,2026-09-28,P006,C0019,1,0,25,CREDIT
S0010235,2026-09-28,P024,C0004,2,0,64,CASH
S0010236,2026-09-28,P005,C0065,1,0,52,CREDIT
S0010237,2026-09-29,P015,C0029,1,2,36,CARD
S0010238,2026-09-29,P015,C0096,2,0,76,UPI
S0010239,2026-09-29,P014,C0086,1,0,45,CASH
S0010240,2026-09-29,P008,C0082,4,0,380,CARD
S0010241,2026-09-29,P021,C0048,4,5,100,CREDIT
S0010242,2026-09-29,P008,,1,0,95,CREDIT
S0010243,2026-09-29,P006,C0084,1,0,25,CASH
S0010244,2026-09-29,P015,C0083,2,0,76,UPI
S0010245,2026-09-29,P002,C0043,2,0,510,CASH
S0010246,2026-09-29,P011,C0046,1,2,13,CREDIT
S0010247,2026-09-29,P007,C0017,3,0,330,CREDIT
S0010248,2026-09-29,P008,C0082,2,5,180,CASH
S0010249,2026-09-29,P006,C0045,1,2,23,CREDIT
S0010250,2026-09-29,P001,C0091,1,0,310,CASH
S0010251,2026-09-29,P009,C0098,3,0,75,CASH
S0010252,2026-09-29,P011,C0044,1,0,15,CARD
S0010253,2026-09-29,P014,C0078,3,2,129,CASH
S0010254,2026-09-29,P019,C0058,2,10,124,CREDIT
S0010255,2026-09-29,P021,C0038,2,0,60,UPI
S0010256,2026-09-29,P004,C0062,4,0,580,UPI
S0010257,2026-09-29,P012,C0075,4,10,168,CREDIT
S0010258,2026-09-29,P021,,1,10,20,CARD
S0010259,2026-09-29,P013,C0083,1,10,25,CREDIT
S0010260,2026-09-29,P008,C0051,3,2,279,CARD
S0010261,2026-09-29,P013,C0002,2,2,66,CARD
S0010262,2026-09-29,P009,C0086,1,2,23,CARD
S0010263,2026-09-29,P024,C0056,4,5,108,CREDIT
S0010264,2026-09-29,P024,C0027,1,0,32,CASH
S0010265,2026-09-29,P023,C0080,1,0,50,UPI
S0010266,2026-09-29,P023,C0037,1,0,50,CARD
S0010267,2026-09-29,P012,C0060,2,2,100,CREDIT
S0010268,2026-09-29,P001,C0085,2,0,620,CREDIT
S0010269,2026-09-29,P006,C0087,1,0,25,CARD
S0010270,2026-09-29,P011,,1,2,13,CARD
S0010271,2026-09-29,P006,C0036,1,0,25,UPI
S0010272,2026-09-29,P016,C0004,2,0,270,CARD
S0010273,2026-09-29,P007,C0011,1,0,110,CASH
S0010274,2026-09-29,P023,C0029,5,0,250,CASH
S0010275,2026-09-29,P019,C0004,1,2,70,UPI
S0010276,2026-09-29,P008,C0065,6,5,540,CREDIT
S0010277,2026-09-29,P003,C0098,1,10,145,CREDIT
S0010278,2026-09-29,P005,C0029,3,2,150,CASH
S0010279,2026-09-30,P012,C0071,4,0,208,UPI
S0010280,2026-09-30,P011,C0100,4,2,52,UPI
S0010281,2026-09-30,P002,C0087,1,2,253,UPI
S0010282,2026-09-30,P004,,3,0,435,CASH
S0010283,2026-09-30,P007,C0036,2,0,220,CASH
S0010284,2026-09-30,P011,C0059,4,0,60,UPI
S0010285,2026-09-30,P005,C0084,1,5,47,CREDIT
S0010286,2026-09-30,P016,C0066,2,0,270,CREDIT
S0010287,2026-09-30,P003,,2,0,310,CREDIT
S0010288,2026-09-30,P012,C0056,1,2,50,CARD
S0010289,2026-09-30,P015,,4,5,132,CARD
S0010290,2026-09-30,P012,C0044,1,0,52,CARD
S0010291,2026-09-30,P020,C0048,1,2,48,CARD
S0010292,2026-09-30,P001,C0042,2,0,620,CASH
S0010293,2026-09-30,P023,C0050,2,5,90,CASH
S0010294,2026-09-30,P019,C0081,1,5,67,UPI
S0010295,2026-09-30,P015,C0039,1,0,38,CARD
S0010296,2026-09-30,P010,C0072,5,0,90,CASH
S0010297,2026-09-30,P020,C0021,1,0,50,CARD
S0010298,2026-09-30,P005,,2,5,94,CARD
S0010299,2026-09-30,P005,,3,10,126,UPI
S0010300,2026-09-30,P015,C0100,2,5,66,CASH
S0010301,2026-09-30,P003,C0084,5,0,775,CARD
S0010302,2026-09-30,P004,C0009,3,10,405,CASH
S0010303,2026-09-30,P003,,2,0,310,CARD
S0010304,2026-09-30,P016,C0091,2,0,270,CARD
S0010305,2026-09-30,P011,C0008,2,0,30,CASH
S0010306,2026-09-30,P002,,2,10,490,CASH
S0010307,2026-09-30,P016,C0050,4,5,520,CARD
S0010308,2026-09-30,P015,C0004,1,0,38,CASH
S0010231,2026-09-28,P015,C0096,3,10,84,CREDIT
S0005813,2026-06-04,P006,,1,0,25,CARD
S0000322,2026-01-09,P004,,2,0,290,CARD
S0009052,2026-08-28,P021,C0064,1,0,30,UPI
S0008554,2026-08-16,P017,,4,0,360,CARD
S0000040,2026-01-02,P008,C0085,4,0,380,CASH
S0004448,2026-04-27,P021,C0074,2,0,60,CASH
S0008657,2026-08-19,P001,C0018,5,0,1550,CREDIT
S0000252,2026-01-07,P022,C0093,1,10,95,CASH
S0000669,2026-01-18,P009,,3,10,45,CREDIT
S0000652,2026-01-17,P002,C0049,2,0,510,UPI
S0003510,2026-04-04,P003,C0004,1,2,153,UPI
S0007482,2026-07-18,P010,C0096,1,0,18,CASH
S0000563,2026-01-15,P024,C0028,1,0,32,CASH
S0002920,2026-03-20,P022,C0032,3,0,315,CARD
S0002317,2026-03-03,P011,C0004,2,0,30,UPI
S0000034,2026-01-02,P014,C0023,1,0,45,CARD
S0009033,2026-08-28,P012,C0071,1,2,50,CARD
S0001079,2026-01-29,P010,C0067,2,5,26,CREDIT
S0008584,2026-08-17,P018,C0040,2,0,190,CASH
S0003321,2026-03-29,P008,C0009,1,2,93,CREDIT
S0006138,2026-06-13,P002,,1,0,255,CASH
S0005519,2026-05-27,P007,C0042,5,0,550,CARD
S0002292,2026-03-03,P009,C0065,1,0,25,CREDIT
S0000901,2026-01-24,P013,,1,0,35,CREDIT
