transaction_id,sale_id,transaction_date,payment_method,amount,status
TXN0000001,S0000001,2026-01-01,CASH,459,SUCCESS
TXN0000002,S0000002,2026-01-01,CASH,70,SUCCESS
TXN0000003,S0000003,2026-01-01,UPI,70,SUCCESS
TXN0000004,S0000004,2026-01-01,CARD,40,SUCCESS
TXN0000005,S0000005,2026-01-01,CARD,25,SUCCESS
TXN0000006,S0000006,2026-01-01,CASH,380,SUCCESS
TXN0000007,S0000008,2026-01-01,UPI,15,SUCCESS
TXN0000008,S0000009,2026-01-01,UPI,310,SUCCESS
TXN0000009,S0000010,2026-01-01,CARD,765,SUCCESS
TXN0000010,S0000011,2026-01-01,UPI,156,SUCCESS
TXN0000011,S0000012,2026-01-01,CASH,95,SUCCESS
TXN0000012,S0000013,2026-01-01,CARD,28,SUCCESS
TXN0000013,S0000014,2026-01-01,UPI,40,SUCCESS
TXN0000014,S0000015,2026-01-01,CARD,95,SUCCESS
TXN0000015,S0000016,2026-01-01,CASH,210,SUCCESS
TXN0000016,S0000017,2026-01-01,UPI,50,SUCCESS
TXN0000017,S0000018,2026-01-01,CARD,30,SUCCESS
TXN0000018,S0000019,2026-01-01,CARD,32,SUCCESS
TXN0000019,S0000020,2026-01-01,CARD,105,SUCCESS
TXN0000020,S0000021,2026-01-01,UPI,90,SUCCESS
TXN0000021,S0000022,2026-01-01,CARD,150,SUCCESS
TXN0000022,S0000023,2026-01-01,CASH,510,SUCCESS
TXN0000023,S0000025,2026-01-01,UPI,90,SUCCESS
TXN0000024,S0000026,2026-01-01,CASH,290,SUCCESS
TXN0000025,S0000027,2026-01-01,CARD,190,SUCCESS
TXN0000026,S0000029,2026-01-01,CARD,104,SUCCESS
TXN0000027,S0000030,2026-01-01,CASH,255,SUCCESS
TXN0000028,S0000032,2026-01-01,CASH,225,SUCCESS
TXN0000029,S0000033,2026-01-01,CASH,75,SUCCESS
TXN0000030,S0000034,2026-01-02,CARD,45,SUCCESS
TXN0000031,S0000035,2026-01-02,CASH,70,SUCCESS
TXN0000032,S0000036,2026-01-02,UPI,50,SUCCESS
TXN0000033,S0000039,2026-01-02,CASH,52,SUCCESS
TXN0000034,S0000040,2026-01-02,CASH,380,SUCCESS
TXN0000035,S0000041,2026-01-02,UPI,35,SUCCESS
TXN0000036,S0000043,2026-01-02,CARD,95,SUCCESS
TXN0000037,S0000044,2026-01-02,CARD,620,SUCCESS
TXN0000038,S0000045,2026-01-02,UPI,46,SUCCESS
TXN0000039,S0000046,2026-01-02,CARD,143,SUCCESS
TXN0000040,S0000049,2026-01-02,UPI,360,SUCCESS
TXN0000041,S0000050,2026-01-02,CASH,200,SUCCESS
TXN0000042,S0000051,2026-01-02,CARD,104,SUCCESS
TXN0000043,S0000052,2026-01-02,UPI,250,SUCCESS
TXN0000044,S0000053,2026-01-02,CARD,32,SUCCESS
TXN0000045,S0000055,2026-01-02,CASH,50,SUCCESS
TXN0000046,S0000057,2026-01-02,CASH,100,SUCCESS
TXN0000047,S0000059,2026-01-02,CARD,255,SUCCESS
TXN0000048,S0000060,2026-01-02,CARD,18,SUCCESS
TXN0000049,S0000061,2026-01-02,CASH,38,SUCCESS
TXN0000050,S0000062,2026-01-02,CASH,180,SUCCESS
TXN0000051,S0000063,2026-01-02,CARD,105,SUCCESS
TXN0000052,S0000064,2026-01-02,CASH,435,SUCCESS
TXN0000053,S0000065,2026-01-02,CASH,105,SUCCESS
TXN0000054,S0000066,2026-01-02,CASH,312,SUCCESS
TXN0000055,S0000067,2026-01-02,UPI,399,SUCCESS
TXN0000056,S0000068,2026-01-02,CASH,38,SUCCESS
TXN0000057,S0000070,2026-01-02,UPI,105,SUCCESS
TXN0000058,S0000071,2026-01-02,CASH,405,SUCCESS
TXN0000059,S0000073,2026-01-02,UPI,759,SUCCESS
TXN0000060,S0000075,2026-01-03,CARD,412,SUCCESS
TXN0000061,S0000077,2026-01-03,CASH,95,SUCCESS
TXN0000062,S0000079,2026-01-03,CARD,15,SUCCESS
TXN0000063,S0000080,2026-01-03,CASH,90,SUCCESS
TXN0000064,S0000081,2026-01-03,CARD,75,SUCCESS
TXN0000065,S0000082,2026-01-03,CARD,190,SUCCESS
TXN0000066,S0000083,2026-01-03,CASH,380,SUCCESS
TXN0000067,S0000084,2026-01-03,CASH,190,SUCCESS
TXN0000068,S0000088,2026-01-03,UPI,50,SUCCESS
TXN0000069,S0000089,2026-01-03,UPI,216,SUCCESS
TXN0000070,S0000091,2026-01-03,CASH,86,SUCCESS
TXN0000071,S0000093,2026-01-03,CARD,135,SUCCESS
TXN0000072,S0000096,2026-01-03,UPI,100,SUCCESS
TXN0000073,S0000097,2026-01-03,UPI,33,SUCCESS
TXN0000074,S0000098,2026-01-03,CASH,300,SUCCESS
TXN0000075,S0000099,2026-01-03,CARD,152,SUCCESS
TXN0000076,S0000104,2026-01-03,UPI,305,SUCCESS
TXN0000077,S0000105,2026-01-03,UPI,52,SUCCESS
TXN0000078,S0000106,2026-01-03,UPI,30,SUCCESS
TXN0000079,S0000107,2026-01-03,UPI,475,SUCCESS
TXN0000080,S0000108,2026-01-03,CASH,150,SUCCESS
TXN0000081,S0000109,2026-01-03,CASH,260,SUCCESS
TXN0000082,S0000110,2026-01-03,CARD,132,SUCCESS
TXN0000083,S0000111,2026-01-04,UPI,92,SUCCESS
TXN0000084,S0000112,2026-01-04,UPI,50,SUCCESS
TXN0000085,S0000114,2026-01-04,UPI,120,SUCCESS
TXN0000086,S0000115,2026-01-04,CASH,67,SUCCESS
TXN0000087,S0000116,2026-01-04,CARD,140,SUCCESS
TXN0000088,S0000117,2026-01-04,UPI,103,SUCCESS
TXN0000089,S0000118,2026-01-04,CARD,124,SUCCESS
TXN0000090,S0000119,2026-01-04,CARD,285,SUCCESS
TXN0000091,S0000120,2026-01-04,CARD,612,SUCCESS
TXN0000092,S0000123,2026-01-04,CASH,50,SUCCESS
TXN0000093,S0000124,2026-01-04,CARD,30,SUCCESS
TXN0000094,S0000126,2026-01-04,CARD,38,SUCCESS
TXN0000095,S0000127,2026-01-04,UPI,25,SUCCESS
TXN0000096,S0000130,2026-01-04,CARD,45,SUCCESS
TXN0000097,S0000131,2026-01-04,CARD,5,SUCCESS
TXN0000098,S0000132,2026-01-04,CARD,150,SUCCESS
TXN0000099,S0000133,2026-01-04,CASH,475,SUCCESS
TXN0000100,S0000135,2026-01-04,CASH,266,SUCCESS
TXN0000101,S0000137,2026-01-04,UPI,28,SUCCESS
TXN0000102,S0000138,2026-01-04,CASH,18,SUCCESS
TXN0000103,S0000139,2026-01-04,CARD,26,SUCCESS
TXN0000104,S0000140,2026-01-04,CARD,266,SUCCESS
TXN0000105,S0000141,2026-01-04,CARD,40,SUCCESS
TXN0000106,S0000142,2026-01-04,CARD,47,SUCCESS
TXN0000107,S0000143,2026-01-04,UPI,72,SUCCESS
TXN0000108,S0000144,2026-01-04,UPI,32,SUCCESS
TXN0000109,S0000145,2026-01-04,CASH,30,SUCCESS
TXN0000110,S0000147,2026-01-04,CARD,120,SUCCESS
TXN0000111,S0000148,2026-01-04,CARD,135,SUCCESS
TXN0000112,S0000149,2026-01-04,CARD,190,SUCCESS
TXN0000113,S0000150,2026-01-04,CASH,915,SUCCESS
TXN0000114,S0000151,2026-01-04,CARD,25,SUCCESS
TXN0000115,S0000153,2026-01-04,CARD,135,SUCCESS
TXN0000116,S0000154,2026-01-04,CARD,270,SUCCESS
TXN0000117,S0000157,2026-01-04,UPI,135,SUCCESS
TXN0000118,S0000158,2026-01-05,CARD,52,SUCCESS
TXN0000119,S0000160,2026-01-05,CASH,96,SUCCESS
TXN0000120,S0000163,2026-01-05,UPI,32,SUCCESS
TXN0000121,S0000164,2026-01-05,CASH,45,SUCCESS
TXN0000122,S0000165,2026-01-05,UPI,60,SUCCESS
TXN0000123,S0000166,2026-01-05,UPI,25,SUCCESS
TXN0000124,S0000168,2026-01-05,CARD,48,SUCCESS
TXN0000125,S0000169,2026-01-05,CARD,1275,SUCCESS
TXN0000126,S0000170,2026-01-05,UPI,40,SUCCESS
TXN0000127,S0000171,2026-01-05,CARD,105,SUCCESS
TXN0000128,S0000172,2026-01-05,CASH,28,SUCCESS
TXN0000129,S0000173,2026-01-05,CASH,225,SUCCESS
TXN0000130,S0000174,2026-01-05,CARD,120,SUCCESS
TXN0000131,S0000175,2026-01-05,CASH,52,SUCCESS
TXN0000132,S0000176,2026-01-05,CARD,32,SUCCESS
TXN0000133,S0000177,2026-01-05,CARD,114,SUCCESS
TXN0000134,S0000179,2026-01-05,UPI,76,SUCCESS
TXN0000135,S0000180,2026-01-05,CARD,40,SUCCESS
TXN0000136,S0000181,2026-01-05,UPI,310,SUCCESS
TXN0000137,S0000182,2026-01-05,UPI,380,SUCCESS
TXN0000138,S0000185,2026-01-05,UPI,20,SUCCESS
TXN0000139,S0000186,2026-01-05,CARD,135,SUCCESS
TXN0000140,S0000187,2026-01-05,CASH,30,SUCCESS
TXN0000141,S0000189,2026-01-05,UPI,52,SUCCESS
TXN0000142,S0000190,2026-01-05,CARD,114,SUCCESS
TXN0000143,S0000193,2026-01-05,CARD,45,SUCCESS
TXN0000144,S0000195,2026-01-05,CASH,510,SUCCESS
TXN0000145,S0000197,2026-01-05,CASH,145,SUCCESS
TXN0000146,S0000198,2026-01-05,UPI,100,SUCCESS
TXN0000147,S0000199,2026-01-05,CASH,95,SUCCESS
TXN0000148,S0000200,2026-01-06,CASH,290,SUCCESS
TXN0000149,S0000201,2026-01-06,CARD,260,SUCCESS
TXN0000150,S0000203,2026-01-06,CASH,285,SUCCESS
TXN0000151,S0000204,2026-01-06,CASH,35,SUCCESS
TXN0000152,S0000206,2026-01-06,CARD,15,SUCCESS
TXN0000153,S0000207,2026-01-06,CARD,620,SUCCESS
TXN0000154,S0000211,2026-01-06,CASH,38,SUCCESS
TXN0000155,S0000216,2026-01-06,CASH,95,SUCCESS
TXN0000156,S0000217,2026-01-06,CARD,540,SUCCESS
TXN0000157,S0000223,2026-01-06,CARD,30,SUCCESS
TXN0000158,S0000226,2026-01-06,UPI,95,SUCCESS
TXN0000159,S0000227,2026-01-06,CARD,180,SUCCESS
TXN0000160,S0000229,2026-01-07,UPI,270,SUCCESS
TXN0000161,S0000230,2026-01-07,CARD,190,SUCCESS
TXN0000162,S0000231,2026-01-07,UPI,1550,SUCCESS
TXN0000163,S0000234,2026-01-07,CASH,67,SUCCESS
TXN0000164,S0000238,2026-01-07,CARD,60,SUCCESS
TXN0000165,S0000240,2026-01-07,CASH,26,SUCCESS
TXN0000166,S0000241,2026-01-07,CARD,310,SUCCESS
TXN0000167,S0000242,2026-01-07,CARD,30,SUCCESS
TXN0000168,S0000243,2026-01-07,CASH,56,SUCCESS
TXN0000169,S0000244,2026-01-07,UPI,150,SUCCESS
TXN0000170,S0000245,2026-01-07,CARD,95,SUCCESS
TXN0000171,S0000246,2026-01-07,CARD,144,SUCCESS
TXN0000172,S0000248,2026-01-07,UPI,75,SUCCESS
TXN0000173,S0000249,2026-01-07,CARD,90,SUCCESS
TXN0000174,S0000250,2026-01-07,CARD,279,SUCCESS
TXN0000175,S0000251,2026-01-07,CARD,90,SUCCESS
TXN0000176,S0000252,2026-01-07,CASH,95,SUCCESS
TXN0000177,S0000253,2026-01-07,UPI,90,SUCCESS
TXN0000178,S0000254,2026-01-07,UPI,24,SUCCESS
TXN0000179,S0000255,2026-01-07,CASH,288,SUCCESS
TXN0000180,S0000257,2026-01-07,CARD,50,SUCCESS
TXN0000181,S0000258,2026-01-07,CARD,176,SUCCESS
TXN0000182,S0000260,2026-01-07,CARD,26,SUCCESS
TXN0000183,S0000261,2026-01-08,CASH,580,SUCCESS
TXN0000184,S0000264,2026-01-08,UPI,310,SUCCESS
TXN0000185,S0000265,2026-01-08,CARD,76,SUCCESS
TXN0000186,S0000266,2026-01-08,CARD,72,SUCCESS
TXN0000187,S0000268,2026-01-08,CARD,616,SUCCESS
TXN0000188,S0000269,2026-01-08,UPI,50,SUCCESS
TXN0000189,S0000270,2026-01-08,CARD,40,SUCCESS
TXN0000190,S0000271,2026-01-08,CASH,30,SUCCESS
TXN0000191,S0000273,2026-01-08,CASH,435,SUCCESS
TXN0000192,S0000275,2026-01-08,CASH,67,SUCCESS
TXN0000193,S0000277,2026-01-08,UPI,150,SUCCESS
TXN0000194,S0000279,2026-01-08,CARD,56,SUCCESS
TXN0000195,S0000280,2026-01-08,CARD,140,SUCCESS
TXN0000196,S0000281,2026-01-08,CASH,255,SUCCESS
TXN0000197,S0000283,2026-01-08,UPI,300,SUCCESS
TXN0000198,S0000284,2026-01-08,CASH,490,SUCCESS
TXN0000199,S0000285,2026-01-08,CASH,126,SUCCESS
TXN0000200,S0000286,2026-01-08,CASH,870,SUCCESS
TXN0000201,S0000287,2026-01-08,CASH,144,SUCCESS
TXN0000202,S0000288,2026-01-08,UPI,5,SUCCESS
TXN0000203,S0000289,2026-01-08,CASH,45,SUCCESS
TXN0000204,S0000290,2026-01-08,CASH,95,SUCCESS
TXN0000205,S0000291,2026-01-08,UPI,280,SUCCESS
TXN0000206,S0000292,2026-01-08,CASH,52,SUCCESS
TXN0000207,S0000293,2026-01-08,CASH,72,SUCCESS
TXN0000208,S0000295,2026-01-08,UPI,270,SUCCESS
TXN0000209,S0000296,2026-01-08,CARD,270,SUCCESS
TXN0000210,S0000298,2026-01-08,UPI,90,SUCCESS
TXN0000211,S0000299,2026-01-08,CARD,22,SUCCESS
TXN0000212,S0000300,2026-01-09,UPI,99,SUCCESS
TXN0000213,S0000303,2026-01-09,CASH,775,SUCCESS
TXN0000214,S0000304,2026-01-09,CARD,465,SUCCESS
TXN0000215,S0000305,2026-01-09,CARD,66,SUCCESS
TXN0000216,S0000307,2026-01-09,UPI,135,SUCCESS
TXN0000217,S0000308,2026-01-09,CASH,25,SUCCESS
TXN0000218,S0000309,2026-01-09,CASH,45,SUCCESS
TXN0000219,S0000311,2026-01-09,UPI,35,SUCCESS
TXN0000220,S0000312,2026-01-09,CARD,15,SUCCESS
TXN0000221,S0000314,2026-01-09,UPI,155,SUCCESS
TXN0000222,S0000315,2026-01-09,CARD,620,SUCCESS
TXN0000223,S0000316,2026-01-09,CARD,150,SUCCESS
TXN0000224,S0000317,2026-01-09,CARD,210,SUCCESS
TXN0000225,S0000318,2026-01-09,UPI,95,SUCCESS
TXN0000226,S0000319,2026-01-09,CARD,32,SUCCESS
TXN0000227,S0000320,2026-01-09,CASH,286,SUCCESS
TXN0000228,S0000321,2026-01-09,CASH,47,SUCCESS
TXN0000229,S0000322,2026-01-09,CARD,290,SUCCESS
TXN0000230,S0000323,2026-01-09,CASH,135,SUCCESS
TXN0000231,S0000324,2026-01-09,UPI,70,SUCCESS
TXN0000232,S0000325,2026-01-09,CARD,90,SUCCESS
TXN0000233,S0000326,2026-01-09,CARD,310,SUCCESS
TXN0000234,S0000327,2026-01-09,CASH,15,SUCCESS
TXN0000235,S0000329,2026-01-09,UPI,310,SUCCESS
TXN0000236,S0000330,2026-01-10,CASH,150,SUCCESS
TXN0000237,S0000331,2026-01-10,CARD,35,SUCCESS
TXN0000238,S0000332,2026-01-10,CARD,50,SUCCESS
TXN0000239,S0000333,2026-01-10,UPI,70,SUCCESS
TXN0000240,S0000334,2026-01-10,UPI,104,SUCCESS
TXN0000241,S0000337,2026-01-10,UPI,45,SUCCESS
TXN0000242,S0000338,2026-01-10,CARD,104,SUCCESS
TXN0000243,S0000340,2026-01-10,UPI,170,SUCCESS
TXN0000244,S0000341,2026-01-10,UPI,475,SUCCESS
TXN0000245,S0000342,2026-01-10,CASH,310,SUCCESS
TXN0000246,S0000343,2026-01-10,CARD,210,SUCCESS
TXN0000247,S0000345,2026-01-10,CASH,32,SUCCESS
TXN0000248,S0000346,2026-01-10,CASH,33,SUCCESS
TXN0000249,S0000347,2026-01-10,CARD,88,SUCCESS
TXN0000250,S0000348,2026-01-10,UPI,155,SUCCESS
TXN0000251,S0000349,2026-01-10,UPI,45,SUCCESS
TXN0000252,S0000351,2026-01-10,CARD,45,SUCCESS
TXN0000253,S0000352,2026-01-10,CARD,145,SUCCESS
TXN0000254,S0000356,2026-01-10,CARD,90,SUCCESS
TXN0000255,S0000357,2026-01-10,CARD,32,SUCCESS
TXN0000256,S0000358,2026-01-10,UPI,50,SUCCESS
TXN0000257,S0000359,2026-01-10,CARD,176,SUCCESS
TXN0000258,S0000360,2026-01-10,CASH,188,SUCCESS
TXN0000259,S0000361,2026-01-10,CARD,285,SUCCESS
TXN0000260,S0000362,2026-01-10,CASH,330,SUCCESS
TXN0000261,S0000365,2026-01-10,CARD,309,SUCCESS
TXN0000262,S0000367,2026-01-10,CARD,930,SUCCESS
TXN0000263,S0000368,2026-01-10,CARD,23,SUCCESS
TXN0000264,S0000370,2026-01-10,CARD,114,SUCCESS
TXN0000265,S0000371,2026-01-10,UPI,18,SUCCESS
TXN0000266,S0000373,2026-01-10,UPI,144,SUCCESS
TXN0000267,S0000374,2026-01-10,CASH,56,SUCCESS
TXN0000268,S0000375,2026-01-10,CASH,39,SUCCESS
TXN0000269,S0000376,2026-01-10,CARD,765,SUCCESS
TXN0000270,S0000377,2026-01-10,CASH,50,SUCCESS
TXN0000271,S0000379,2026-01-11,CASH,36,SUCCESS
TXN0000272,S0000380,2026-01-11,CARD,208,SUCCESS
TXN0000273,S0000381,2026-01-11,CARD,35,SUCCESS
TXN0000274,S0000382,2026-01-11,CARD,103,SUCCESS
TXN0000275,S0000384,2026-01-11,CASH,18,SUCCESS
TXN0000276,S0000385,2026-01-11,CASH,15,SUCCESS
TXN0000277,S0000387,2026-01-11,UPI,250,SUCCESS
TXN0000278,S0000388,2026-01-11,CARD,32,SUCCESS
TXN0000279,S0000389,2026-01-11,UPI,94,SUCCESS
TXN0000280,S0000390,2026-01-11,CARD,50,SUCCESS
TXN0000281,S0000391,2026-01-11,CASH,310,SUCCESS
TXN0000282,S0000393,2026-01-11,CASH,220,SUCCESS
TXN0000283,S0000394,2026-01-11,UPI,465,SUCCESS
TXN0000284,S0000395,2026-01-11,UPI,240,SUCCESS
TXN0000285,S0000396,2026-01-11,CASH,315,SUCCESS
TXN0000286,S0000397,2026-01-11,CASH,50,SUCCESS
TXN0000287,S0000398,2026-01-11,CASH,30,SUCCESS
TXN0000288,S0000400,2026-01-11,CASH,94,SUCCESS
TXN0000289,S0000402,2026-01-11,CARD,372,SUCCESS
TXN0000290,S0000403,2026-01-11,CARD,125,SUCCESS
TXN0000291,S0000406,2026-01-11,CASH,25,SUCCESS
TXN0000292,S0000408,2026-01-11,UPI,50,SUCCESS
TXN0000293,S0000409,2026-01-11,UPI,40,SUCCESS
TXN0000294,S0000410,2026-01-11,CASH,54,SUCCESS
TXN0000295,S0000411,2026-01-11,CASH,25,SUCCESS
TXN0000296,S0000412,2026-01-11,CASH,135,SUCCESS
TXN0000297,S0000413,2026-01-11,UPI,114,SUCCESS
TXN0000298,S0000414,2026-01-11,CARD,45,SUCCESS
TXN0000299,S0000415,2026-01-11,CARD,95,SUCCESS
TXN0000300,S0000416,2026-01-11,UPI,570,SUCCESS
TXN0000301,S0000417,2026-01-11,CASH,45,SUCCESS
TXN0000302,S0000420,2026-01-11,UPI,180,SUCCESS
TXN0000303,S0000421,2026-01-11,CASH,1860,SUCCESS
TXN0000304,S0000423,2026-01-11,CASH,135,SUCCESS
TXN0000305,S0000424,2026-01-11,CASH,18,SUCCESS
TXN0000306,S0000427,2026-01-11,CASH,96,SUCCESS
TXN0000307,S0000429,2026-01-12,CASH,308,SUCCESS
TXN0000308,S0000430,2026-01-12,UPI,144,SUCCESS
TXN0000309,S0000431,2026-01-12,UPI,90,SUCCESS
TXN0000310,S0000432,2026-01-12,UPI,25,SUCCESS
TXN0000311,S0000433,2026-01-12,CARD,30,SUCCESS
TXN0000312,S0000434,2026-01-12,UPI,64,SUCCESS
TXN0000313,S0000435,2026-01-12,UPI,156,SUCCESS
TXN0000314,S0000436,2026-01-12,CARD,134,SUCCESS
TXN0000315,S0000437,2026-01-12,CARD,260,SUCCESS
TXN0000316,S0000439,2026-01-12,CASH,50,SUCCESS
TXN0000317,S0000441,2026-01-12,UPI,255,SUCCESS
TXN0000318,S0000442,2026-01-12,CARD,550,SUCCESS
TXN0000319,S0000444,2026-01-12,CASH,125,SUCCESS
TXN0000320,S0000445,2026-01-12,UPI,18,SUCCESS
TXN0000321,S0000446,2026-01-12,UPI,120,SUCCESS
TXN0000322,S0000450,2026-01-12,CARD,84,SUCCESS
TXN0000323,S0000451,2026-01-12,UPI,750,SUCCESS
TXN0000324,S0000452,2026-01-12,CASH,86,SUCCESS
TXN0000325,S0000453,2026-01-12,UPI,190,SUCCESS
TXN0000326,S0000454,2026-01-12,CARD,310,SUCCESS
TXN0000327,S0000456,2026-01-12,CARD,40,SUCCESS
TXN0000328,S0000457,2026-01-12,CARD,76,SUCCESS
TXN0000329,S0000458,2026-01-12,UPI,200,SUCCESS
TXN0000330,S0000460,2026-01-12,CASH,50,SUCCESS
TXN0000331,S0000462,2026-01-12,CASH,1020,SUCCESS
TXN0000332,S0000464,2026-01-12,CASH,144,SUCCESS
TXN0000333,S0000465,2026-01-12,CARD,105,SUCCESS
TXN0000334,S0000466,2026-01-12,CASH,28,SUCCESS
TXN0000335,S0000467,2026-01-12,CARD,180,SUCCESS
TXN0000336,S0000468,2026-01-12,UPI,30,SUCCESS
TXN0000337,S0000470,2026-01-12,UPI,90,SUCCESS
TXN0000338,S0000473,2026-01-13,UPI,220,SUCCESS
TXN0000339,S0000475,2026-01-13,CARD,580,SUCCESS
TXN0000340,S0000476,2026-01-13,UPI,315,SUCCESS
TXN0000341,S0000477,2026-01-13,CARD,465,SUCCESS
TXN0000342,S0000478,2026-01-13,CASH,60,SUCCESS
TXN0000343,S0000479,2026-01-13,UPI,100,SUCCESS
TXN0000344,S0000480,2026-01-13,CASH,100,SUCCESS
TXN0000345,S0000481,2026-01-13,CARD,675,SUCCESS
TXN0000346,S0000482,2026-01-13,CASH,112,SUCCESS
TXN0000347,S0000483,2026-01-13,CARD,50,SUCCESS
TXN0000348,S0000486,2026-01-13,CARD,216,SUCCESS
TXN0000349,S0000488,2026-01-13,CASH,103,SUCCESS
TXN0000350,S0000489,2026-01-13,CASH,180,SUCCESS
TXN0000351,S0000490,2026-01-13,UPI,52,SUCCESS
TXN0000352,S0000491,2026-01-13,CARD,715,SUCCESS
TXN0000353,S0000492,2026-01-13,CASH,100,SUCCESS
TXN0000354,S0000493,2026-01-13,CARD,150,SUCCESS
TXN0000355,S0000494,2026-01-13,CARD,310,SUCCESS
TXN0000356,S0000495,2026-01-13,UPI,47,SUCCESS
TXN0000357,S0000496,2026-01-13,CASH,85,SUCCESS
TXN0000358,S0000497,2026-01-13,CARD,20,SUCCESS
TXN0000359,S0000498,2026-01-13,UPI,288,SUCCESS
TXN0000360,S0000499,2026-01-13,CARD,465,SUCCESS
TXN0000361,S0000502,2026-01-13,CARD,56,SUCCESS
TXN0000362,S0000504,2026-01-13,UPI,90,SUCCESS
TXN0000363,S0000506,2026-01-13,CASH,38,SUCCESS
TXN0000364,S0000507,2026-01-13,CARD,10,SUCCESS
TXN0000365,S0000509,2026-01-14,UPI,84,SUCCESS
TXN0000366,S0000510,2026-01-14,UPI,15,SUCCESS
TXN0000367,S0000511,2026-01-14,CASH,25,SUCCESS
TXN0000368,S0000513,2026-01-14,CASH,100,SUCCESS
TXN0000369,S0000514,2026-01-14,CARD,39,SUCCESS
TXN0000370,S0000516,2026-01-14,CARD,360,SUCCESS
TXN0000371,S0000518,2026-01-14,CASH,180,SUCCESS
TXN0000372,S0000519,2026-01-14,UPI,288,SUCCESS
TXN0000373,S0000521,2026-01-14,UPI,16,SUCCESS
TXN0000374,S0000522,2026-01-14,CARD,45,SUCCESS
TXN0000375,S0000524,2026-01-14,UPI,104,SUCCESS
TXN0000376,S0000525,2026-01-14,CARD,210,SUCCESS
TXN0000377,S0000527,2026-01-14,CARD,90,SUCCESS
TXN0000378,S0000528,2026-01-14,UPI,45,SUCCESS
TXN0000379,S0000529,2026-01-14,CARD,52,SUCCESS
TXN0000380,S0000530,2026-01-14,CASH,26,SUCCESS
TXN0000381,S0000532,2026-01-14,UPI,180,SUCCESS
TXN0000382,S0000534,2026-01-14,CASH,90,SUCCESS
TXN0000383,S0000535,2026-01-14,CASH,26,SUCCESS
TXN0000384,S0000536,2026-01-14,CARD,99,SUCCESS
TXN0000385,S0000539,2026-01-14,UPI,1240,SUCCESS
TXN0000386,S0000540,2026-01-14,UPI,215,SUCCESS
TXN0000387,S0000541,2026-01-14,CASH,50,SUCCESS
TXN0000388,S0000544,2026-01-14,CASH,22,SUCCESS
TXN0000389,S0000545,2026-01-15,UPI,506,SUCCESS
TXN0000390,S0000546,2026-01-15,CARD,110,SUCCESS
TXN0000391,S0000547,2026-01-15,CASH,45,SUCCESS
TXN0000392,S0000549,2026-01-15,CASH,27,SUCCESS
TXN0000393,S0000550,2026-01-15,CARD,90,SUCCESS
TXN0000394,S0000552,2026-01-15,CARD,30,SUCCESS
TXN0000395,S0000553,2026-01-15,CARD,95,SUCCESS
TXN0000396,S0000554,2026-01-15,CASH,50,SUCCESS
TXN0000397,S0000555,2026-01-15,CASH,92,SUCCESS
TXN0000398,S0000556,2026-01-15,CASH,16,SUCCESS
TXN0000399,S0000557,2026-01-15,CARD,90,SUCCESS
TXN0000400,S0000558,2026-01-15,CARD,135,SUCCESS
TXN0000401,S0000560,2026-01-15,CASH,25,SUCCESS
TXN0000402,S0000561,2026-01-15,UPI,18,SUCCESS
TXN0000403,S0000562,2026-01-15,CARD,52,SUCCESS
TXN0000404,S0000563,2026-01-15,CASH,32,SUCCESS
TXN0000405,S0000564,2026-01-15,CARD,95,SUCCESS
TXN0000406,S0000565,2026-01-15,CASH,52,SUCCESS
TXN0000407,S0000566,2026-01-15,CASH,190,SUCCESS
TXN0000408,S0000567,2026-01-15,UPI,30,SUCCESS
TXN0000409,S0000569,2026-01-15,CASH,280,SUCCESS
TXN0000410,S0000570,2026-01-15,CASH,616,SUCCESS
TXN0000411,S0000572,2026-01-15,CARD,390,SUCCESS
TXN0000412,S0000573,2026-01-15,UPI,30,SUCCESS
TXN0000413,S0000574,2026-01-15,CASH,150,SUCCESS
TXN0000414,S0000575,2026-01-15,UPI,360,SUCCESS
TXN0000415,S0000576,2026-01-15,CASH,125,SUCCESS
TXN0000416,S0000578,2026-01-15,CARD,20,SUCCESS
TXN0000417,S0000579,2026-01-15,UPI,765,SUCCESS
TXN0000418,S0000582,2026-01-16,UPI,50,SUCCESS
TXN0000419,S0000584,2026-01-16,CASH,30,SUCCESS
TXN0000420,S0000585,2026-01-16,CARD,610,SUCCESS
TXN0000421,S0000586,2026-01-16,CASH,201,SUCCESS
TXN0000422,S0000588,2026-01-16,UPI,43,SUCCESS
TXN0000423,S0000589,2026-01-16,CASH,90,SUCCESS
TXN0000424,S0000590,2026-01-16,CASH,208,SUCCESS
TXN0000425,S0000591,2026-01-16,CASH,620,SUCCESS
TXN0000426,S0000592,2026-01-16,CARD,56,SUCCESS
TXN0000427,S0000593,2026-01-16,UPI,16,SUCCESS
TXN0000428,S0000594,2026-01-16,CASH,40,SUCCESS
TXN0000429,S0000596,2026-01-16,CARD,18,SUCCESS
TXN0000430,S0000597,2026-01-16,CARD,50,SUCCESS
TXN0000431,S0000598,2026-01-16,CASH,50,SUCCESS
TXN0000432,S0000602,2026-01-16,CASH,85,SUCCESS
TXN0000433,S0000603,2026-01-16,UPI,90,SUCCESS
TXN0000434,S0000604,2026-01-16,CARD,360,SUCCESS
TXN0000435,S0000605,2026-01-16,UPI,306,SUCCESS
TXN0000436,S0000606,2026-01-16,CASH,186,SUCCESS
TXN0000437,S0000609,2026-01-16,UPI,153,SUCCESS
TXN0000438,S0000612,2026-01-16,UPI,285,SUCCESS
TXN0000439,S0000613,2026-01-16,UPI,70,SUCCESS
TXN0000440,S0000614,2026-01-16,UPI,32,SUCCESS
TXN0000441,S0000615,2026-01-16,UPI,255,SUCCESS
TXN0000442,S0000616,2026-01-16,UPI,95,SUCCESS
TXN0000443,S0000620,2026-01-17,CASH,35,SUCCESS
TXN0000444,S0000621,2026-01-17,UPI,20,SUCCESS
TXN0000445,S0000622,2026-01-17,CASH,23,SUCCESS
TXN0000446,S0000623,2026-01-17,UPI,32,SUCCESS
TXN0000447,S0000625,2026-01-17,CASH,95,SUCCESS
TXN0000448,S0000626,2026-01-17,CASH,380,SUCCESS
TXN0000449,S0000627,2026-01-17,UPI,25,SUCCESS
TXN0000450,S0000629,2026-01-17,UPI,40,SUCCESS
TXN0000451,S0000630,2026-01-17,UPI,570,SUCCESS
TXN0000452,S0000631,2026-01-17,UPI,50,SUCCESS
TXN0000453,S0000633,2026-01-17,CASH,190,SUCCESS
TXN0000454,S0000634,2026-01-17,CARD,1020,SUCCESS
TXN0000455,S0000635,2026-01-17,CARD,255,SUCCESS
TXN0000456,S0000636,2026-01-17,CARD,70,SUCCESS
TXN0000457,S0000637,2026-01-17,CASH,95,SUCCESS
TXN0000458,S0000639,2026-01-17,CASH,90,SUCCESS
TXN0000459,S0000645,2026-01-17,CARD,85,SUCCESS
TXN0000460,S0000649,2026-01-17,CARD,95,SUCCESS
TXN0000461,S0000651,2026-01-17,CASH,52,SUCCESS
TXN0000462,S0000652,2026-01-17,UPI,510,SUCCESS
TXN0000463,S0000653,2026-01-17,CASH,155,SUCCESS
TXN0000464,S0000654,2026-01-18,CARD,135,SUCCESS
TXN0000465,S0000655,2026-01-18,CASH,18,SUCCESS
TXN0000466,S0000657,2026-01-18,CASH,90,SUCCESS
TXN0000467,S0000658,2026-01-18,CARD,210,SUCCESS
TXN0000468,S0000659,2026-01-18,CARD,18,SUCCESS
TXN0000469,S0000662,2026-01-18,CARD,30,SUCCESS
TXN0000470,S0000663,2026-01-18,CASH,135,SUCCESS
TXN0000471,S0000664,2026-01-18,CARD,64,SUCCESS
TXN0000472,S0000666,2026-01-18,CARD,18,SUCCESS
TXN0000473,S0000667,2026-01-18,CASH,95,SUCCESS
TXN0000474,S0000668,2026-01-18,CARD,665,SUCCESS
TXN0000475,S0000671,2026-01-18,CARD,38,SUCCESS
TXN0000476,S0000673,2026-01-18,UPI,115,SUCCESS
TXN0000477,S0000674,2026-01-18,UPI,90,SUCCESS
TXN0000478,S0000675,2026-01-18,UPI,105,SUCCESS
TXN0000479,S0000676,2026-01-18,CASH,135,SUCCESS
TXN0000480,S0000677,2026-01-18,UPI,300,SUCCESS
TXN0000481,S0000678,2026-01-18,CARD,432,SUCCESS
TXN0000482,S0000680,2026-01-18,UPI,315,SUCCESS
TXN0000483,S0000681,2026-01-18,UPI,93,SUCCESS
TXN0000484,S0000682,2026-01-18,CARD,308,SUCCESS
TXN0000485,S0000684,2026-01-18,UPI,55,SUCCESS
TXN0000486,S0000685,2026-01-18,CASH,180,SUCCESS
TXN0000487,S0000686,2026-01-18,CARD,96,SUCCESS
TXN0000488,S0000687,2026-01-18,UPI,15,SUCCESS
TXN0000489,S0000688,2026-01-18,CASH,208,SUCCESS
TXN0000490,S0000689,2026-01-18,UPI,50,SUCCESS
TXN0000491,S0000690,2026-01-18,UPI,60,SUCCESS
TXN0000492,S0000692,2026-01-18,UPI,95,SUCCESS
TXN0000493,S0000694,2026-01-19,CARD,80,SUCCESS
TXN0000494,S0000695,2026-01-19,UPI,62,SUCCESS
TXN0000495,S0000697,2026-01-19,UPI,25,SUCCESS
TXN0000496,S0000698,2026-01-19,UPI,210,SUCCESS
TXN0000497,S0000699,2026-01-19,UPI,60,SUCCESS
TXN0000498,S0000701,2026-01-19,CASH,155,SUCCESS
TXN0000499,S0000704,2026-01-19,UPI,32,SUCCESS
TXN0000500,S0000705,2026-01-19,UPI,85,SUCCESS
TXN0000501,S0000706,2026-01-19,UPI,435,SUCCESS
TXN0000502,S0000708,2026-01-19,CARD,30,SUCCESS
TXN0000503,S0000709,2026-01-19,CARD,152,SUCCESS
TXN0000504,S0000710,2026-01-19,CASH,285,SUCCESS
TXN0000505,S0000712,2026-01-19,CARD,145,SUCCESS
TXN0000506,S0000713,2026-01-19,UPI,90,SUCCESS
TXN0000507,S0000714,2026-01-19,CASH,75,SUCCESS
TXN0000508,S0000715,2026-01-19,CARD,32,SUCCESS
TXN0000509,S0000716,2026-01-19,CARD,290,SUCCESS
TXN0000510,S0000717,2026-01-19,CARD,114,SUCCESS
TXN0000511,S0000718,2026-01-19,CASH,580,SUCCESS
TXN0000512,S0000720,2026-01-19,CARD,435,SUCCESS
TXN0000513,S0000721,2026-01-19,CARD,95,SUCCESS
TXN0000514,S0000723,2026-01-19,CASH,25,SUCCESS
TXN0000515,S0000725,2026-01-20,CARD,25,SUCCESS
TXN0000516,S0000726,2026-01-20,UPI,75,SUCCESS
TXN0000517,S0000728,2026-01-20,UPI,36,SUCCESS
TXN0000518,S0000731,2026-01-20,UPI,145,SUCCESS
TXN0000519,S0000734,2026-01-20,CARD,112,SUCCESS
TXN0000520,S0000735,2026-01-20,CASH,26,SUCCESS
TXN0000521,S0000738,2026-01-20,CARD,310,SUCCESS
TXN0000522,S0000740,2026-01-20,CASH,104,SUCCESS
TXN0000523,S0000741,2026-01-20,UPI,140,SUCCESS
TXN0000524,S0000742,2026-01-20,CASH,64,SUCCESS
TXN0000525,S0000743,2026-01-20,UPI,28,SUCCESS
TXN0000526,S0000744,2026-01-20,CASH,160,SUCCESS
TXN0000527,S0000745,2026-01-20,CARD,150,SUCCESS
TXN0000528,S0000749,2026-01-20,CARD,285,SUCCESS
TXN0000529,S0000750,2026-01-20,UPI,40,SUCCESS
TXN0000530,S0000751,2026-01-20,CARD,270,SUCCESS
TXN0000531,S0000752,2026-01-20,UPI,40,SUCCESS
TXN0000532,S0000754,2026-01-20,UPI,15,SUCCESS
TXN0000533,S0000755,2026-01-20,CASH,1550,SUCCESS
TXN0000534,S0000756,2026-01-20,CASH,425,SUCCESS
TXN0000535,S0000758,2026-01-20,CASH,103,SUCCESS
TXN0000536,S0000759,2026-01-20,UPI,312,SUCCESS
TXN0000537,S0000760,2026-01-20,UPI,54,SUCCESS
TXN0000538,S0000761,2026-01-20,CASH,135,SUCCESS
TXN0000539,S0000763,2026-01-20,CARD,432,SUCCESS
TXN0000540,S0000765,2026-01-20,UPI,30,SUCCESS
TXN0000541,S0000766,2026-01-21,CARD,50,SUCCESS
TXN0000542,S0000767,2026-01-21,CASH,90,SUCCESS
TXN0000543,S0000768,2026-01-21,CASH,32,SUCCESS
TXN0000544,S0000772,2026-01-21,CASH,140,SUCCESS
TXN0000545,S0000774,2026-01-21,CASH,305,SUCCESS
TXN0000546,S0000775,2026-01-21,UPI,45,SUCCESS
TXN0000547,S0000776,2026-01-21,CASH,144,SUCCESS
TXN0000548,S0000780,2026-01-21,UPI,50,SUCCESS
TXN0000549,S0000782,2026-01-21,CARD,50,SUCCESS
TXN0000550,S0000783,2026-01-21,CASH,192,SUCCESS
TXN0000551,S0000784,2026-01-21,CARD,15,SUCCESS
TXN0000552,S0000785,2026-01-21,CASH,290,SUCCESS
TXN0000553,S0000786,2026-01-21,CASH,180,SUCCESS
TXN0000554,S0000787,2026-01-21,CASH,72,SUCCESS
TXN0000555,S0000788,2026-01-21,CASH,260,SUCCESS
TXN0000556,S0000789,2026-01-21,CARD,95,SUCCESS
TXN0000557,S0000791,2026-01-21,CARD,50,SUCCESS
TXN0000558,S0000792,2026-01-21,CASH,310,SUCCESS
TXN0000559,S0000796,2026-01-21,UPI,50,SUCCESS
TXN0000560,S0000797,2026-01-21,CARD,95,SUCCESS
TXN0000561,S0000798,2026-01-21,CASH,279,SUCCESS
TXN0000562,S0000800,2026-01-22,UPI,186,SUCCESS
TXN0000563,S0000801,2026-01-22,CARD,30,SUCCESS
TXN0000564,S0000802,2026-01-22,UPI,85,SUCCESS
TXN0000565,S0000803,2026-01-22,CASH,96,SUCCESS
TXN0000566,S0000804,2026-01-22,CASH,90,SUCCESS
TXN0000567,S0000806,2026-01-22,UPI,50,SUCCESS
TXN0000568,S0000807,2026-01-22,CASH,28,SUCCESS
TXN0000569,S0000808,2026-01-22,CARD,200,SUCCESS
TXN0000570,S0000810,2026-01-22,CASH,23,SUCCESS
TXN0000571,S0000811,2026-01-22,CARD,400,SUCCESS
TXN0000572,S0000812,2026-01-22,CASH,475,SUCCESS
TXN0000573,S0000813,2026-01-22,CARD,10,SUCCESS
TXN0000574,S0000814,2026-01-22,UPI,72,SUCCESS
TXN0000575,S0000816,2026-01-22,CASH,255,SUCCESS
TXN0000576,S0000817,2026-01-22,CASH,40,SUCCESS
TXN0000577,S0000818,2026-01-22,CASH,47,SUCCESS
TXN0000578,S0000819,2026-01-22,CASH,315,SUCCESS
TXN0000579,S0000821,2026-01-22,UPI,35,SUCCESS
TXN0000580,S0000822,2026-01-22,CARD,33,SUCCESS
TXN0000581,S0000824,2026-01-22,UPI,26,SUCCESS
TXN0000582,S0000825,2026-01-22,CARD,12,SUCCESS
TXN0000583,S0000827,2026-01-22,CASH,330,SUCCESS
TXN0000584,S0000828,2026-01-23,CARD,135,SUCCESS
TXN0000585,S0000829,2026-01-23,CASH,13,SUCCESS
TXN0000586,S0000830,2026-01-23,CARD,62,SUCCESS
TXN0000587,S0000831,2026-01-23,UPI,285,SUCCESS
TXN0000588,S0000833,2026-01-23,CASH,930,SUCCESS
TXN0000589,S0000835,2026-01-23,CASH,210,SUCCESS
TXN0000590,S0000836,2026-01-23,CARD,30,SUCCESS
TXN0000591,S0000837,2026-01-23,CARD,150,SUCCESS
TXN0000592,S0000838,2026-01-23,CASH,620,SUCCESS
TXN0000593,S0000839,2026-01-23,CARD,255,SUCCESS
TXN0000594,S0000840,2026-01-23,CASH,27,SUCCESS
TXN0000595,S0000841,2026-01-23,UPI,40,SUCCESS
TXN0000596,S0000842,2026-01-23,UPI,310,SUCCESS
TXN0000597,S0000844,2026-01-23,CARD,620,SUCCESS
TXN0000598,S0000845,2026-01-23,CASH,270,SUCCESS
TXN0000599,S0000847,2026-01-23,UPI,450,SUCCESS
TXN0000600,S0000848,2026-01-23,CARD,145,SUCCESS
TXN0000601,S0000849,2026-01-23,CASH,52,SUCCESS
TXN0000602,S0000850,2026-01-23,UPI,25,SUCCESS
TXN0000603,S0000851,2026-01-23,CASH,176,SUCCESS
TXN0000604,S0000852,2026-01-23,CASH,38,SUCCESS
TXN0000605,S0000854,2026-01-23,CASH,45,SUCCESS
TXN0000606,S0000855,2026-01-23,UPI,310,SUCCESS
TXN0000607,S0000856,2026-01-23,CARD,134,SUCCESS
TXN0000608,S0000857,2026-01-24,CASH,180,SUCCESS
TXN0000609,S0000858,2026-01-24,UPI,190,SUCCESS
TXN0000610,S0000859,2026-01-24,CARD,372,SUCCESS
TXN0000611,S0000860,2026-01-24,CARD,150,SUCCESS
TXN0000612,S0000861,2026-01-24,CASH,216,SUCCESS
TXN0000613,S0000862,2026-01-24,UPI,32,SUCCESS
TXN0000614,S0000863,2026-01-24,UPI,95,SUCCESS
TXN0000615,S0000864,2026-01-24,UPI,190,SUCCESS
TXN0000616,S0000865,2026-01-24,CARD,180,SUCCESS
TXN0000617,S0000867,2026-01-24,CASH,50,SUCCESS
TXN0000618,S0000868,2026-01-24,UPI,375,SUCCESS
TXN0000619,S0000869,2026-01-24,CARD,432,SUCCESS
TXN0000620,S0000870,2026-01-24,UPI,220,SUCCESS
TXN0000621,S0000872,2026-01-24,UPI,40,SUCCESS
TXN0000622,S0000873,2026-01-24,CASH,28,SUCCESS
TXN0000623,S0000874,2026-01-24,UPI,100,SUCCESS
TXN0000624,S0000875,2026-01-24,CASH,90,SUCCESS
TXN0000625,S0000876,2026-01-24,UPI,190,SUCCESS
TXN0000626,S0000877,2026-01-24,CASH,13,SUCCESS
TXN0000627,S0000879,2026-01-24,UPI,290,SUCCESS
TXN0000628,S0000880,2026-01-24,CASH,39,SUCCESS
TXN0000629,S0000881,2026-01-24,CASH,145,SUCCESS
TXN0000630,S0000883,2026-01-24,CARD,50,SUCCESS
TXN0000631,S0000884,2026-01-24,CARD,100,SUCCESS
TXN0000632,S0000885,2026-01-24,UPI,128,SUCCESS
TXN0000633,S0000886,2026-01-24,CARD,10,SUCCESS
TXN0000634,S0000887,2026-01-24,UPI,180,SUCCESS
TXN0000635,S0000888,2026-01-24,CARD,270,SUCCESS
TXN0000636,S0000889,2026-01-24,CASH,255,SUCCESS
TXN0000637,S0000890,2026-01-24,UPI,208,SUCCESS
TXN0000638,S0000891,2026-01-24,UPI,67,SUCCESS
TXN0000639,S0000892,2026-01-24,UPI,90,SUCCESS
TXN0000640,S0000893,2026-01-24,UPI,490,SUCCESS
TXN0000641,S0000894,2026-01-24,CARD,95,SUCCESS
TXN0000642,S0000895,2026-01-24,UPI,35,SUCCESS
TXN0000643,S0000898,2026-01-24,UPI,64,SUCCESS
TXN0000644,S0000899,2026-01-24,UPI,72,SUCCESS
TXN0000645,S0000900,2026-01-24,UPI,25,SUCCESS
TXN0000646,S0000902,2026-01-24,CARD,8,SUCCESS
TXN0000647,S0000904,2026-01-25,CARD,620,SUCCESS
TXN0000648,S0000905,2026-01-25,CASH,124,SUCCESS
TXN0000649,S0000907,2026-01-25,CASH,315,SUCCESS
TXN0000650,S0000909,2026-01-25,CARD,310,SUCCESS
TXN0000651,S0000910,2026-01-25,UPI,20,SUCCESS
TXN0000652,S0000912,2026-01-25,UPI,27,SUCCESS
TXN0000653,S0000914,2026-01-25,CARD,270,SUCCESS
TXN0000654,S0000915,2026-01-25,CASH,155,SUCCESS
TXN0000655,S0000916,2026-01-25,CARD,270,SUCCESS
TXN0000656,S0000917,2026-01-25,UPI,33,SUCCESS
TXN0000657,S0000919,2026-01-25,UPI,459,SUCCESS
TXN0000658,S0000920,2026-01-25,CASH,80,SUCCESS
TXN0000659,S0000921,2026-01-25,CARD,36,SUCCESS
TXN0000660,S0000922,2026-01-25,CARD,60,SUCCESS
TXN0000661,S0000923,2026-01-25,CASH,15,SUCCESS
TXN0000662,S0000924,2026-01-25,UPI,465,SUCCESS
TXN0000663,S0000926,2026-01-25,UPI,76,SUCCESS
TXN0000664,S0000927,2026-01-25,CASH,95,SUCCESS
TXN0000665,S0000928,2026-01-25,CARD,76,SUCCESS
TXN0000666,S0000929,2026-01-25,CARD,145,SUCCESS
TXN0000667,S0000930,2026-01-25,UPI,45,SUCCESS
TXN0000668,S0000931,2026-01-25,CARD,400,SUCCESS
TXN0000669,S0000932,2026-01-25,CASH,52,SUCCESS
TXN0000670,S0000933,2026-01-25,UPI,260,SUCCESS
TXN0000671,S0000934,2026-01-25,CASH,210,SUCCESS
TXN0000672,S0000936,2026-01-25,CASH,180,SUCCESS
TXN0000673,S0000937,2026-01-25,CASH,580,SUCCESS
TXN0000674,S0000938,2026-01-25,CASH,435,SUCCESS
TXN0000675,S0000940,2026-01-25,UPI,94,SUCCESS
TXN0000676,S0000941,2026-01-25,UPI,140,SUCCESS
TXN0000677,S0000943,2026-01-25,CARD,52,SUCCESS
TXN0000678,S0000944,2026-01-25,UPI,290,SUCCESS
TXN0000679,S0000947,2026-01-26,CASH,55,SUCCESS
TXN0000680,S0000948,2026-01-26,CASH,125,SUCCESS
TXN0000681,S0000949,2026-01-26,CASH,253,SUCCESS
TXN0000682,S0000951,2026-01-26,UPI,380,SUCCESS
TXN0000683,S0000953,2026-01-26,CASH,210,SUCCESS
TXN0000684,S0000954,2026-01-26,UPI,20,SUCCESS
TXN0000685,S0000955,2026-01-26,CARD,125,SUCCESS
TXN0000686,S0000957,2026-01-26,CARD,250,SUCCESS
TXN0000687,S0000958,2026-01-26,UPI,70,SUCCESS
TXN0000688,S0000959,2026-01-26,UPI,52,SUCCESS
TXN0000689,S0000961,2026-01-26,CASH,90,SUCCESS
TXN0000690,S0000962,2026-01-26,CASH,75,SUCCESS
TXN0000691,S0000963,2026-01-26,UPI,23,SUCCESS
TXN0000692,S0000965,2026-01-26,CASH,42,SUCCESS
TXN0000693,S0000966,2026-01-26,CARD,25,SUCCESS
TXN0000694,S0000967,2026-01-26,UPI,27,SUCCESS
TXN0000695,S0000968,2026-01-26,CASH,90,SUCCESS
TXN0000696,S0000971,2026-01-26,CASH,255,SUCCESS
TXN0000697,S0000973,2026-01-26,CASH,620,SUCCESS
TXN0000698,S0000974,2026-01-26,CASH,156,SUCCESS
TXN0000699,S0000975,2026-01-26,CASH,15,SUCCESS
TXN0000700,S0000976,2026-01-26,CASH,134,SUCCESS
TXN0000701,S0000977,2026-01-26,CARD,540,SUCCESS
TXN0000702,S0000979,2026-01-26,CARD,72,SUCCESS
TXN0000703,S0000981,2026-01-26,CARD,120,SUCCESS
TXN0000704,S0000982,2026-01-26,CARD,20,SUCCESS
TXN0000705,S0000983,2026-01-26,CASH,360,SUCCESS
TXN0000706,S0000984,2026-01-26,CARD,70,SUCCESS
TXN0000707,S0000985,2026-01-26,UPI,260,SUCCESS
TXN0000708,S0000986,2026-01-26,UPI,144,SUCCESS
TXN0000709,S0000987,2026-01-26,CASH,138,SUCCESS
TXN0000710,S0000989,2026-01-26,UPI,156,SUCCESS
TXN0000711,S0000990,2026-01-26,CASH,95,SUCCESS
TXN0000712,S0000991,2026-01-26,CARD,60,SUCCESS
TXN0000713,S0000992,2026-01-26,CASH,76,SUCCESS
TXN0000714,S0000993,2026-01-26,CARD,360,SUCCESS
TXN0000715,S0000994,2026-01-27,UPI,45,SUCCESS
TXN0000716,S0000997,2026-01-27,UPI,50,SUCCESS
TXN0000717,S0000998,2026-01-27,CASH,125,SUCCESS
TXN0000718,S0000999,2026-01-27,UPI,25,SUCCESS
TXN0000719,S0001000,2026-01-27,CARD,18,SUCCESS
TXN0000720,S0001001,2026-01-27,CASH,145,SUCCESS
TXN0000721,S0001002,2026-01-27,UPI,35,SUCCESS
TXN0000722,S0001004,2026-01-27,CASH,100,SUCCESS
TXN0000723,S0001005,2026-01-27,UPI,50,SUCCESS
TXN0000724,S0001006,2026-01-27,CASH,290,SUCCESS
TXN0000725,S0001007,2026-01-27,CARD,40,SUCCESS
TXN0000726,S0001008,2026-01-27,CASH,525,SUCCESS
TXN0000727,S0001010,2026-01-27,UPI,52,SUCCESS
TXN0000728,S0001012,2026-01-27,CASH,440,SUCCESS
TXN0000729,S0001013,2026-01-27,UPI,100,SUCCESS
TXN0000730,S0001014,2026-01-27,CARD,250,SUCCESS
TXN0000731,S0001015,2026-01-27,CARD,70,SUCCESS
TXN0000732,S0001018,2026-01-27,UPI,52,SUCCESS
TXN0000733,S0001019,2026-01-27,CARD,125,SUCCESS
TXN0000734,S0001020,2026-01-27,UPI,170,SUCCESS
TXN0000735,S0001021,2026-01-27,UPI,84,SUCCESS
TXN0000736,S0001023,2026-01-27,UPI,72,SUCCESS
TXN0000737,S0001026,2026-01-27,CARD,72,SUCCESS
TXN0000738,S0001027,2026-01-28,UPI,155,SUCCESS
TXN0000739,S0001028,2026-01-28,CASH,440,SUCCESS
TXN0000740,S0001029,2026-01-28,CASH,540,SUCCESS
TXN0000741,S0001030,2026-01-28,CASH,125,SUCCESS
TXN0000742,S0001031,2026-01-28,UPI,312,SUCCESS
TXN0000743,S0001032,2026-01-28,CASH,105,SUCCESS
TXN0000744,S0001033,2026-01-28,UPI,50,SUCCESS
TXN0000745,S0001035,2026-01-28,CARD,190,SUCCESS
TXN0000746,S0001036,2026-01-28,UPI,90,SUCCESS
TXN0000747,S0001038,2026-01-28,CASH,145,SUCCESS
TXN0000748,S0001039,2026-01-28,UPI,70,SUCCESS
TXN0000749,S0001040,2026-01-28,UPI,286,SUCCESS
TXN0000750,S0001041,2026-01-28,CARD,16,SUCCESS
TXN0000751,S0001043,2026-01-28,UPI,70,SUCCESS
TXN0000752,S0001044,2026-01-28,CASH,100,SUCCESS
TXN0000753,S0001046,2026-01-28,CARD,255,SUCCESS
TXN0000754,S0001048,2026-01-28,CARD,125,SUCCESS
TXN0000755,S0001050,2026-01-28,CASH,135,SUCCESS
TXN0000756,S0001053,2026-01-28,CASH,45,SUCCESS
TXN0000757,S0001055,2026-01-28,CARD,32,SUCCESS
TXN0000758,S0001056,2026-01-28,CASH,253,SUCCESS
TXN0000759,S0001058,2026-01-28,UPI,84,SUCCESS
TXN0000760,S0001059,2026-01-28,CASH,25,SUCCESS
TXN0000761,S0001061,2026-01-28,CASH,510,SUCCESS
TXN0000762,S0001063,2026-01-28,UPI,360,SUCCESS
TXN0000763,S0001064,2026-01-28,CARD,210,SUCCESS
TXN0000764,S0001065,2026-01-28,CASH,266,SUCCESS
TXN0000765,S0001066,2026-01-28,CARD,266,SUCCESS
TXN0000766,S0001067,2026-01-29,CARD,104,SUCCESS
TXN0000767,S0001068,2026-01-29,UPI,44,SUCCESS
TXN0000768,S0001069,2026-01-29,UPI,18,SUCCESS
TXN0000769,S0001070,2026-01-29,CASH,60,SUCCESS
TXN0000770,S0001071,2026-01-29,CASH,270,SUCCESS
TXN0000771,S0001072,2026-01-29,UPI,40,SUCCESS
TXN0000772,S0001073,2026-01-29,CASH,420,SUCCESS
TXN0000773,S0001074,2026-01-29,UPI,120,SUCCESS
TXN0000774,S0001075,2026-01-29,CARD,285,SUCCESS
TXN0000775,S0001076,2026-01-29,CARD,135,SUCCESS
TXN0000776,S0001077,2026-01-29,CARD,70,SUCCESS
TXN0000777,S0001080,2026-01-29,CARD,216,SUCCESS
TXN0000778,S0001081,2026-01-29,CARD,90,SUCCESS
TXN0000779,S0001083,2026-01-29,CARD,620,SUCCESS
TXN0000780,S0001084,2026-01-29,CARD,25,SUCCESS
TXN0000781,S0001085,2026-01-29,CASH,330,SUCCESS
TXN0000782,S0001087,2026-01-29,CASH,105,SUCCESS
TXN0000783,S0001090,2026-01-29,UPI,105,SUCCESS
TXN0000784,S0001091,2026-01-29,CASH,201,SUCCESS
TXN0000785,S0001092,2026-01-29,CASH,20,SUCCESS
TXN0000786,S0001094,2026-01-29,CARD,105,SUCCESS
TXN0000787,S0001095,2026-01-29,CASH,30,SUCCESS
TXN0000788,S0001096,2026-01-29,CASH,108,SUCCESS
TXN0000789,S0001097,2026-01-29,CASH,64,SUCCESS
TXN0000790,S0001098,2026-01-29,UPI,105,SUCCESS
TXN0000791,S0001099,2026-01-29,CARD,190,SUCCESS
TXN0000792,S0001100,2026-01-29,CARD,70,SUCCESS
TXN0000793,S0001101,2026-01-29,CARD,156,SUCCESS
TXN0000794,S0001103,2026-01-29,UPI,735,SUCCESS
TXN0000795,S0001104,2026-01-29,UPI,270,SUCCESS
TXN0000796,S0001105,2026-01-29,CARD,525,SUCCESS
TXN0000797,S0001106,2026-01-29,CASH,45,SUCCESS
TXN0000798,S0001108,2026-01-30,CARD,360,SUCCESS
TXN0000799,S0001109,2026-01-30,UPI,100,SUCCESS
TXN0000800,S0001110,2026-01-30,CASH,135,SUCCESS
TXN0000801,S0001111,2026-01-30,UPI,10,SUCCESS
TXN0000802,S0001112,2026-01-30,CASH,114,SUCCESS
TXN0000803,S0001116,2026-01-30,UPI,270,SUCCESS
TXN0000804,S0001117,2026-01-30,CARD,95,SUCCESS
TXN0000805,S0001118,2026-01-30,CASH,1240,SUCCESS
TXN0000806,S0001119,2026-01-30,CASH,1830,SUCCESS
TXN0000807,S0001120,2026-01-30,CARD,450,SUCCESS
TXN0000808,S0001122,2026-01-30,CASH,88,SUCCESS
TXN0000809,S0001123,2026-01-30,CARD,435,SUCCESS
TXN0000810,S0001124,2026-01-30,CARD,18,SUCCESS
TXN0000811,S0001125,2026-01-30,CARD,40,SUCCESS
TXN0000812,S0001126,2026-01-30,CASH,135,SUCCESS
TXN0000813,S0001127,2026-01-30,UPI,30,SUCCESS
TXN0000814,S0001128,2026-01-30,CASH,285,SUCCESS
TXN0000815,S0001129,2026-01-30,CASH,210,SUCCESS
TXN0000816,S0001130,2026-01-30,UPI,290,SUCCESS
TXN0000817,S0001131,2026-01-30,UPI,30,SUCCESS
TXN0000818,S0001132,2026-01-30,UPI,300,SUCCESS
TXN0000819,S0001133,2026-01-30,UPI,40,SUCCESS
TXN0000820,S0001135,2026-01-30,CARD,35,SUCCESS
TXN0000821,S0001136,2026-01-30,CASH,390,SUCCESS
TXN0000822,S0001137,2026-01-30,UPI,90,SUCCESS
TXN0000823,S0001138,2026-01-30,UPI,18,SUCCESS
TXN0000824,S0001139,2026-01-30,CASH,103,SUCCESS
TXN0000825,S0001140,2026-01-30,UPI,70,SUCCESS
TXN0000826,S0001141,2026-01-30,UPI,170,SUCCESS
TXN0000827,S0001142,2026-01-30,UPI,18,SUCCESS
TXN0000828,S0001143,2026-01-30,CASH,675,SUCCESS
TXN0000829,S0001144,2026-01-30,CASH,15,SUCCESS
TXN0000830,S0001145,2026-01-30,CARD,94,SUCCESS
TXN0000831,S0001148,2026-01-30,UPI,30,SUCCESS
TXN0000832,S0001149,2026-01-30,UPI,105,SUCCESS
TXN0000833,S0001150,2026-01-30,CASH,67,SUCCESS
TXN0000834,S0001151,2026-01-30,UPI,870,SUCCESS
TXN0000835,S0001152,2026-01-30,CARD,27,SUCCESS
TXN0000836,S0001153,2026-01-30,CARD,120,SUCCESS
TXN0000837,S0001154,2026-01-31,UPI,25,SUCCESS
TXN0000838,S0001155,2026-01-31,CARD,30,SUCCESS
TXN0000839,S0001156,2026-01-31,CARD,42,SUCCESS
TXN0000840,S0001157,2026-01-31,UPI,160,SUCCESS
TXN0000841,S0001158,2026-01-31,CASH,510,SUCCESS
TXN0000842,S0001159,2026-01-31,CARD,500,SUCCESS
TXN0000843,S0001160,2026-01-31,CARD,52,SUCCESS
TXN0000844,S0001161,2026-01-31,CARD,128,SUCCESS
TXN0000845,S0001165,2026-01-31,UPI,60,SUCCESS
TXN0000846,S0001166,2026-01-31,UPI,94,SUCCESS
TXN0000847,S0001168,2026-01-31,CASH,67,SUCCESS
TXN0000848,S0001169,2026-01-31,CARD,250,SUCCESS
TXN0000849,S0001170,2026-01-31,CASH,100,SUCCESS
TXN0000850,S0001172,2026-01-31,CARD,76,SUCCESS
TXN0000851,S0001173,2026-01-31,CASH,30,SUCCESS
TXN0000852,S0001174,2026-01-31,UPI,95,SUCCESS
TXN0000853,S0001175,2026-01-31,CASH,80,SUCCESS
TXN0000854,S0001177,2026-01-31,UPI,42,SUCCESS
TXN0000855,S0001178,2026-01-31,CASH,610,SUCCESS
TXN0000856,S0001181,2026-01-31,CARD,15,SUCCESS
TXN0000857,S0001183,2026-01-31,UPI,25,SUCCESS
TXN0000858,S0001186,2026-01-31,UPI,15,SUCCESS
TXN0000859,S0001187,2026-01-31,UPI,145,SUCCESS
TXN0000860,S0001188,2026-02-01,UPI,93,SUCCESS
TXN0000861,S0001189,2026-02-01,CARD,96,SUCCESS
TXN0000862,S0001191,2026-02-01,UPI,45,SUCCESS
TXN0000863,S0001192,2026-02-01,CARD,85,SUCCESS
TXN0000864,S0001195,2026-02-01,CASH,145,SUCCESS
TXN0000865,S0001196,2026-02-01,CARD,1860,SUCCESS
TXN0000866,S0001197,2026-02-01,UPI,93,SUCCESS
TXN0000867,S0001198,2026-02-01,CASH,510,SUCCESS
TXN0000868,S0001200,2026-02-01,CASH,435,SUCCESS
TXN0000869,S0001202,2026-02-01,CASH,110,SUCCESS
TXN0000870,S0001204,2026-02-01,UPI,500,SUCCESS
TXN0000871,S0001205,2026-02-01,CASH,38,SUCCESS
TXN0000872,S0001206,2026-02-01,UPI,135,SUCCESS
TXN0000873,S0001208,2026-02-01,CASH,60,SUCCESS
TXN0000874,S0001209,2026-02-01,CASH,48,SUCCESS
TXN0000875,S0001210,2026-02-01,CARD,145,SUCCESS
TXN0000876,S0001211,2026-02-01,CASH,180,SUCCESS
TXN0000877,S0001212,2026-02-01,CARD,50,SUCCESS
TXN0000878,S0001213,2026-02-01,CASH,84,SUCCESS
TXN0000879,S0001214,2026-02-01,CARD,43,SUCCESS
TXN0000880,S0001215,2026-02-01,CARD,48,SUCCESS
TXN0000881,S0001216,2026-02-01,CASH,45,SUCCESS
TXN0000882,S0001217,2026-02-01,CARD,220,SUCCESS
TXN0000883,S0001218,2026-02-01,CASH,315,SUCCESS
TXN0000884,S0001219,2026-02-01,CARD,45,SUCCESS
TXN0000885,S0001220,2026-02-01,CARD,250,SUCCESS
TXN0000886,S0001222,2026-02-01,CARD,200,SUCCESS
TXN0000887,S0001223,2026-02-01,UPI,105,SUCCESS
TXN0000888,S0001224,2026-02-01,UPI,1240,SUCCESS
TXN0000889,S0001225,2026-02-01,CARD,315,SUCCESS
TXN0000890,S0001226,2026-02-01,CARD,75,SUCCESS
TXN0000891,S0001227,2026-02-01,CARD,42,SUCCESS
TXN0000892,S0001228,2026-02-02,UPI,400,SUCCESS
TXN0000893,S0001229,2026-02-02,UPI,84,SUCCESS
TXN0000894,S0001230,2026-02-02,CASH,120,SUCCESS
TXN0000895,S0001232,2026-02-02,CARD,186,SUCCESS
TXN0000896,S0001234,2026-02-02,CARD,105,SUCCESS
TXN0000897,S0001235,2026-02-02,CARD,95,SUCCESS
TXN0000898,S0001237,2026-02-02,CARD,90,SUCCESS
TXN0000899,S0001238,2026-02-02,CASH,70,SUCCESS
TXN0000900,S0001240,2026-02-02,CASH,20,SUCCESS
TXN0000901,S0001241,2026-02-02,UPI,120,SUCCESS
TXN0000902,S0001242,2026-02-02,CARD,35,SUCCESS
TXN0000903,S0001243,2026-02-02,CASH,95,SUCCESS
TXN0000904,S0001244,2026-02-02,UPI,186,SUCCESS
TXN0000905,S0001245,2026-02-02,CASH,30,SUCCESS
TXN0000906,S0001246,2026-02-02,CARD,510,SUCCESS
TXN0000907,S0001247,2026-02-02,CARD,100,SUCCESS
TXN0000908,S0001248,2026-02-02,CARD,375,SUCCESS
TXN0000909,S0001249,2026-02-02,CARD,145,SUCCESS
TXN0000910,S0001250,2026-02-02,UPI,540,SUCCESS
TXN0000911,S0001252,2026-02-02,CASH,310,SUCCESS
TXN0000912,S0001253,2026-02-02,CARD,105,SUCCESS
TXN0000913,S0001255,2026-02-02,UPI,85,SUCCESS
TXN0000914,S0001257,2026-02-02,CASH,90,SUCCESS
TXN0000915,S0001258,2026-02-02,CARD,500,SUCCESS
TXN0000916,S0001260,2026-02-02,CARD,69,SUCCESS
TXN0000917,S0001261,2026-02-02,CARD,924,SUCCESS
TXN0000918,S0001263,2026-02-02,CASH,135,SUCCESS
TXN0000919,S0001264,2026-02-02,UPI,13,SUCCESS
TXN0000920,S0001265,2026-02-02,UPI,90,SUCCESS
TXN0000921,S0001266,2026-02-02,CASH,30,SUCCESS
TXN0000922,S0001267,2026-02-02,UPI,420,SUCCESS
TXN0000923,S0001269,2026-02-03,CASH,40,SUCCESS
TXN0000924,S0001270,2026-02-03,CARD,1240,SUCCESS
TXN0000925,S0001271,2026-02-03,UPI,1020,SUCCESS
TXN0000926,S0001272,2026-02-03,UPI,30,SUCCESS
TXN0000927,S0001273,2026-02-03,CARD,62,SUCCESS
TXN0000928,S0001276,2026-02-03,UPI,105,SUCCESS
TXN0000929,S0001277,2026-02-03,UPI,50,SUCCESS
TXN0000930,S0001278,2026-02-03,UPI,60,SUCCESS
TXN0000931,S0001279,2026-02-03,CARD,150,SUCCESS
TXN0000932,S0001280,2026-02-03,UPI,105,SUCCESS
TXN0000933,S0001282,2026-02-03,UPI,140,SUCCESS
TXN0000934,S0001283,2026-02-03,CASH,135,SUCCESS
TXN0000935,S0001284,2026-02-03,CARD,47,SUCCESS
TXN0000936,S0001285,2026-02-03,CARD,180,SUCCESS
TXN0000937,S0001286,2026-02-03,CASH,308,SUCCESS
TXN0000938,S0001288,2026-02-03,CARD,186,SUCCESS
TXN0000939,S0001289,2026-02-03,CARD,105,SUCCESS
TXN0000940,S0001290,2026-02-03,CASH,440,SUCCESS
TXN0000941,S0001291,2026-02-03,CARD,50,SUCCESS
TXN0000942,S0001292,2026-02-03,UPI,220,SUCCESS
TXN0000943,S0001293,2026-02-03,UPI,95,SUCCESS
TXN0000944,S0001294,2026-02-03,CARD,26,SUCCESS
TXN0000945,S0001296,2026-02-03,CASH,15,SUCCESS
TXN0000946,S0001297,2026-02-03,UPI,725,SUCCESS
TXN0000947,S0001299,2026-02-03,CARD,26,SUCCESS
TXN0000948,S0001300,2026-02-03,CARD,48,SUCCESS
TXN0000949,S0001301,2026-02-03,UPI,45,SUCCESS
TXN0000950,S0001302,2026-02-03,CASH,15,SUCCESS
TXN0000951,S0001304,2026-02-04,CASH,30,SUCCESS
TXN0000952,S0001306,2026-02-04,CARD,114,SUCCESS
TXN0000953,S0001307,2026-02-04,CASH,266,SUCCESS
TXN0000954,S0001308,2026-02-04,CARD,28,SUCCESS
TXN0000955,S0001309,2026-02-04,CARD,100,SUCCESS
TXN0000956,S0001310,2026-02-04,UPI,81,SUCCESS
TXN0000957,S0001311,2026-02-04,UPI,300,SUCCESS
TXN0000958,S0001312,2026-02-04,CASH,70,SUCCESS
TXN0000959,S0001314,2026-02-04,CARD,60,SUCCESS
TXN0000960,S0001315,2026-02-04,CARD,70,SUCCESS
TXN0000961,S0001316,2026-02-04,UPI,104,SUCCESS
TXN0000962,S0001317,2026-02-04,UPI,140,SUCCESS
TXN0000963,S0001318,2026-02-04,CASH,315,SUCCESS
TXN0000964,S0001319,2026-02-04,CASH,180,SUCCESS
TXN0000965,S0001320,2026-02-04,CASH,92,SUCCESS
TXN0000966,S0001321,2026-02-04,CARD,27,SUCCESS
TXN0000967,S0001323,2026-02-04,CARD,95,SUCCESS
TXN0000968,S0001324,2026-02-04,CASH,95,SUCCESS
TXN0000969,S0001326,2026-02-04,UPI,675,SUCCESS
TXN0000970,S0001327,2026-02-04,UPI,230,SUCCESS
TXN0000971,S0001328,2026-02-04,CARD,48,SUCCESS
TXN0000972,S0001329,2026-02-04,CASH,64,SUCCESS
TXN0000973,S0001330,2026-02-04,CARD,150,SUCCESS
TXN0000974,S0001331,2026-02-04,UPI,67,SUCCESS
TXN0000975,S0001332,2026-02-04,CASH,180,SUCCESS
TXN0000976,S0001333,2026-02-05,CARD,540,SUCCESS
TXN0000977,S0001334,2026-02-05,UPI,625,SUCCESS
TXN0000978,S0001335,2026-02-05,CASH,90,SUCCESS
TXN0000979,S0001336,2026-02-05,CARD,475,SUCCESS
TXN0000980,S0001337,2026-02-05,CASH,220,SUCCESS
TXN0000981,S0001338,2026-02-05,UPI,200,SUCCESS
TXN0000982,S0001339,2026-02-05,CARD,210,SUCCESS
TXN0000983,S0001341,2026-02-05,CASH,270,SUCCESS
TXN0000984,S0001342,2026-02-05,UPI,40,SUCCESS
TXN0000985,S0001343,2026-02-05,CASH,95,SUCCESS
TXN0000986,S0001344,2026-02-05,UPI,47,SUCCESS
TXN0000987,S0001345,2026-02-05,CASH,72,SUCCESS
TXN0000988,S0001347,2026-02-05,UPI,48,SUCCESS
TXN0000989,S0001348,2026-02-05,CARD,54,SUCCESS
TXN0000990,S0001351,2026-02-05,CASH,100,SUCCESS
TXN0000991,S0001352,2026-02-05,CARD,90,SUCCESS
TXN0000992,S0001353,2026-02-06,CARD,40,SUCCESS
TXN0000993,S0001354,2026-02-06,UPI,108,SUCCESS
TXN0000994,S0001355,2026-02-06,CASH,475,SUCCESS
TXN0000995,S0001357,2026-02-06,CASH,100,SUCCESS
TXN0000996,S0001358,2026-02-06,UPI,266,SUCCESS
TXN0000997,S0001359,2026-02-06,UPI,372,SUCCESS
TXN0000998,S0001360,2026-02-06,CASH,310,SUCCESS
TXN0000999,S0001361,2026-02-06,UPI,48,SUCCESS
TXN0001000,S0001365,2026-02-06,UPI,50,SUCCESS
TXN0001001,S0001367,2026-02-06,CARD,85,SUCCESS
TXN0001002,S0001368,2026-02-06,CARD,96,SUCCESS
TXN0001003,S0001369,2026-02-06,UPI,110,SUCCESS
TXN0001004,S0001370,2026-02-06,UPI,140,SUCCESS
TXN0001005,S0001371,2026-02-06,CARD,180,SUCCESS
TXN0001006,S0001372,2026-02-06,CASH,45,SUCCESS
TXN0001007,S0001373,2026-02-06,CARD,240,SUCCESS
TXN0001008,S0001375,2026-02-06,CARD,288,SUCCESS
TXN0001009,S0001376,2026-02-06,CASH,315,SUCCESS
TXN0001010,S0001379,2026-02-06,CARD,100,SUCCESS
TXN0001011,S0001380,2026-02-06,CASH,50,SUCCESS
TXN0001012,S0001381,2026-02-06,CASH,105,SUCCESS
TXN0001013,S0001382,2026-02-06,CASH,56,SUCCESS
TXN0001014,S0001384,2026-02-06,UPI,15,SUCCESS
TXN0001015,S0001385,2026-02-06,UPI,75,SUCCESS
TXN0001016,S0001387,2026-02-06,UPI,150,SUCCESS
TXN0001017,S0001388,2026-02-06,UPI,25,SUCCESS
TXN0001018,S0001390,2026-02-06,CARD,33,SUCCESS
TXN0001019,S0001391,2026-02-06,CASH,48,SUCCESS
TXN0001020,S0001392,2026-02-06,UPI,30,SUCCESS
TXN0001021,S0001393,2026-02-06,CARD,100,SUCCESS
TXN0001022,S0001394,2026-02-06,CASH,220,SUCCESS
TXN0001023,S0001395,2026-02-06,UPI,50,SUCCESS
TXN0001024,S0001396,2026-02-07,UPI,52,SUCCESS
TXN0001025,S0001399,2026-02-07,UPI,144,SUCCESS
TXN0001026,S0001400,2026-02-07,UPI,54,SUCCESS
TXN0001027,S0001401,2026-02-07,CARD,190,SUCCESS
TXN0001028,S0001402,2026-02-07,CASH,84,SUCCESS
TXN0001029,S0001404,2026-02-07,CASH,288,SUCCESS
TXN0001030,S0001405,2026-02-07,UPI,86,SUCCESS
TXN0001031,S0001406,2026-02-07,UPI,180,SUCCESS
TXN0001032,S0001407,2026-02-07,CARD,90,SUCCESS
TXN0001033,S0001410,2026-02-07,UPI,105,SUCCESS
TXN0001034,S0001411,2026-02-07,UPI,270,SUCCESS
TXN0001035,S0001412,2026-02-07,CASH,60,SUCCESS
TXN0001036,S0001413,2026-02-07,CARD,200,SUCCESS
TXN0001037,S0001414,2026-02-07,UPI,135,SUCCESS
TXN0001038,S0001415,2026-02-07,CASH,120,SUCCESS
TXN0001039,S0001416,2026-02-07,CARD,54,SUCCESS
TXN0001040,S0001417,2026-02-07,CASH,765,SUCCESS
TXN0001041,S0001418,2026-02-07,CASH,135,SUCCESS
TXN0001042,S0001419,2026-02-07,CASH,72,SUCCESS
TXN0001043,S0001420,2026-02-07,CASH,130,SUCCESS
TXN0001044,S0001421,2026-02-07,CARD,64,SUCCESS
TXN0001045,S0001422,2026-02-07,CASH,440,SUCCESS
TXN0001046,S0001423,2026-02-07,UPI,50,SUCCESS
TXN0001047,S0001425,2026-02-07,UPI,50,SUCCESS
TXN0001048,S0001426,2026-02-07,CARD,675,SUCCESS
TXN0001049,S0001427,2026-02-07,CARD,133,SUCCESS
TXN0001050,S0001428,2026-02-07,CARD,135,SUCCESS
TXN0001051,S0001429,2026-02-07,CASH,70,SUCCESS
TXN0001052,S0001431,2026-02-07,CARD,133,SUCCESS
TXN0001053,S0001432,2026-02-07,CASH,25,SUCCESS
TXN0001054,S0001434,2026-02-07,UPI,20,SUCCESS
TXN0001055,S0001435,2026-02-08,UPI,315,SUCCESS
TXN0001056,S0001436,2026-02-08,CARD,15,SUCCESS
TXN0001057,S0001437,2026-02-08,CASH,23,SUCCESS
TXN0001058,S0001438,2026-02-08,CARD,25,SUCCESS
TXN0001059,S0001440,2026-02-08,CARD,220,SUCCESS
TXN0001060,S0001441,2026-02-08,CARD,42,SUCCESS
TXN0001061,S0001442,2026-02-08,CASH,76,SUCCESS
TXN0001062,S0001443,2026-02-08,UPI,201,SUCCESS
TXN0001063,S0001444,2026-02-08,CASH,32,SUCCESS
TXN0001064,S0001446,2026-02-08,CASH,110,SUCCESS
TXN0001065,S0001447,2026-02-08,CASH,625,SUCCESS
TXN0001066,S0001448,2026-02-08,CARD,90,SUCCESS
TXN0001067,S0001449,2026-02-08,UPI,385,SUCCESS
TXN0001068,S0001450,2026-02-08,CASH,70,SUCCESS
TXN0001069,S0001451,2026-02-08,CARD,255,SUCCESS
TXN0001070,S0001452,2026-02-08,UPI,250,SUCCESS
TXN0001071,S0001453,2026-02-08,CARD,165,SUCCESS
TXN0001072,S0001454,2026-02-08,CARD,104,SUCCESS
TXN0001073,S0001455,2026-02-08,UPI,156,SUCCESS
TXN0001074,S0001456,2026-02-08,CASH,168,SUCCESS
TXN0001075,S0001457,2026-02-08,CASH,70,SUCCESS
TXN0001076,S0001459,2026-02-08,UPI,64,SUCCESS
TXN0001077,S0001461,2026-02-08,CASH,90,SUCCESS
TXN0001078,S0001462,2026-02-08,CARD,80,SUCCESS
TXN0001079,S0001464,2026-02-08,CARD,155,SUCCESS
TXN0001080,S0001465,2026-02-08,CARD,285,SUCCESS
TXN0001081,S0001467,2026-02-08,CARD,75,SUCCESS
TXN0001082,S0001469,2026-02-08,UPI,90,SUCCESS
TXN0001083,S0001470,2026-02-08,CARD,47,SUCCESS
TXN0001084,S0001471,2026-02-09,UPI,54,SUCCESS
TXN0001085,S0001472,2026-02-09,UPI,110,SUCCESS
TXN0001086,S0001475,2026-02-09,UPI,80,SUCCESS
TXN0001087,S0001476,2026-02-09,UPI,23,SUCCESS
TXN0001088,S0001477,2026-02-09,CASH,30,SUCCESS
TXN0001089,S0001479,2026-02-09,CASH,60,SUCCESS
TXN0001090,S0001480,2026-02-09,CARD,620,SUCCESS
TXN0001091,S0001483,2026-02-09,CASH,94,SUCCESS
TXN0001092,S0001485,2026-02-09,CARD,510,SUCCESS
TXN0001093,S0001486,2026-02-09,CASH,52,SUCCESS
TXN0001094,S0001487,2026-02-09,CARD,310,SUCCESS
TXN0001095,S0001488,2026-02-09,CARD,45,SUCCESS
TXN0001096,S0001489,2026-02-09,CASH,620,SUCCESS
TXN0001097,S0001490,2026-02-09,UPI,156,SUCCESS
TXN0001098,S0001493,2026-02-09,UPI,16,SUCCESS
TXN0001099,S0001495,2026-02-09,CASH,285,SUCCESS
TXN0001100,S0001497,2026-02-09,UPI,35,SUCCESS
TXN0001101,S0001498,2026-02-09,CARD,40,SUCCESS
TXN0001102,S0001499,2026-02-09,CARD,13,SUCCESS
TXN0001103,S0001500,2026-02-09,UPI,180,SUCCESS
TXN0001104,S0001501,2026-02-09,UPI,25,SUCCESS
TXN0001105,S0001504,2026-02-09,CASH,110,SUCCESS
TXN0001106,S0001505,2026-02-09,CASH,253,SUCCESS
TXN0001107,S0001506,2026-02-09,CASH,290,SUCCESS
TXN0001108,S0001507,2026-02-09,UPI,50,SUCCESS
TXN0001109,S0001508,2026-02-10,UPI,190,SUCCESS
TXN0001110,S0001511,2026-02-10,UPI,104,SUCCESS
TXN0001111,S0001512,2026-02-10,CASH,15,SUCCESS
TXN0001112,S0001514,2026-02-10,CASH,306,SUCCESS
TXN0001113,S0001516,2026-02-10,CASH,620,SUCCESS
TXN0001114,S0001517,2026-02-10,CASH,50,SUCCESS
TXN0001115,S0001519,2026-02-10,CASH,44,SUCCESS
TXN0001116,S0001520,2026-02-10,CARD,135,SUCCESS
TXN0001117,S0001521,2026-02-10,UPI,30,SUCCESS
TXN0001118,S0001522,2026-02-10,UPI,150,SUCCESS
TXN0001119,S0001523,2026-02-10,CARD,25,SUCCESS
TXN0001120,S0001524,2026-02-10,UPI,220,SUCCESS
TXN0001121,S0001525,2026-02-10,CASH,105,SUCCESS
TXN0001122,S0001526,2026-02-10,UPI,60,SUCCESS
TXN0001123,S0001527,2026-02-10,UPI,15,SUCCESS
TXN0001124,S0001528,2026-02-10,UPI,50,SUCCESS
TXN0001125,S0001530,2026-02-10,CARD,48,SUCCESS
TXN0001126,S0001532,2026-02-10,CARD,450,SUCCESS
TXN0001127,S0001533,2026-02-10,CARD,150,SUCCESS
TXN0001128,S0001534,2026-02-10,UPI,30,SUCCESS
TXN0001129,S0001535,2026-02-10,CARD,52,SUCCESS
TXN0001130,S0001536,2026-02-10,CARD,85,SUCCESS
TXN0001131,S0001537,2026-02-10,UPI,198,SUCCESS
TXN0001132,S0001538,2026-02-10,CASH,250,SUCCESS
TXN0001133,S0001541,2026-02-10,CARD,216,SUCCESS
TXN0001134,S0001542,2026-02-10,CARD,20,SUCCESS
TXN0001135,S0001543,2026-02-10,CASH,40,SUCCESS
TXN0001136,S0001545,2026-02-10,CARD,8,SUCCESS
TXN0001137,S0001547,2026-02-10,UPI,96,SUCCESS
TXN0001138,S0001548,2026-02-10,CASH,120,SUCCESS
TXN0001139,S0001551,2026-02-11,CARD,190,SUCCESS
TXN0001140,S0001552,2026-02-11,CARD,15,SUCCESS
TXN0001141,S0001553,2026-02-11,UPI,145,SUCCESS
TXN0001142,S0001554,2026-02-11,CASH,490,SUCCESS
TXN0001143,S0001557,2026-02-11,CARD,420,SUCCESS
TXN0001144,S0001558,2026-02-11,UPI,510,SUCCESS
TXN0001145,S0001560,2026-02-11,UPI,620,SUCCESS
TXN0001146,S0001562,2026-02-11,UPI,210,SUCCESS
TXN0001147,S0001563,2026-02-11,UPI,50,SUCCESS
TXN0001148,S0001564,2026-02-11,CARD,96,SUCCESS
TXN0001149,S0001565,2026-02-11,UPI,155,SUCCESS
TXN0001150,S0001567,2026-02-11,CASH,440,SUCCESS
TXN0001151,S0001569,2026-02-11,CARD,96,SUCCESS
TXN0001152,S0001571,2026-02-11,CASH,145,SUCCESS
TXN0001153,S0001572,2026-02-11,CARD,95,SUCCESS
TXN0001154,S0001574,2026-02-11,CARD,104,SUCCESS
TXN0001155,S0001576,2026-02-11,CASH,192,SUCCESS
TXN0001156,S0001578,2026-02-11,CARD,270,SUCCESS
TXN0001157,S0001579,2026-02-11,UPI,38,SUCCESS
TXN0001158,S0001580,2026-02-12,UPI,96,SUCCESS
TXN0001159,S0001581,2026-02-12,CARD,90,SUCCESS
TXN0001160,S0001582,2026-02-12,CASH,620,SUCCESS
TXN0001161,S0001583,2026-02-12,CARD,15,SUCCESS
TXN0001162,S0001584,2026-02-12,CASH,93,SUCCESS
TXN0001163,S0001585,2026-02-12,CARD,145,SUCCESS
TXN0001164,S0001586,2026-02-12,CARD,32,SUCCESS
TXN0001165,S0001587,2026-02-12,CARD,72,SUCCESS
TXN0001166,S0001589,2026-02-12,UPI,360,SUCCESS
TXN0001167,S0001591,2026-02-12,UPI,125,SUCCESS
TXN0001168,S0001592,2026-02-12,UPI,90,SUCCESS
TXN0001169,S0001594,2026-02-12,CARD,290,SUCCESS
TXN0001170,S0001596,2026-02-12,CASH,135,SUCCESS
TXN0001171,S0001597,2026-02-12,UPI,54,SUCCESS
TXN0001172,S0001599,2026-02-12,UPI,510,SUCCESS
TXN0001173,S0001600,2026-02-12,CASH,26,SUCCESS
TXN0001174,S0001601,2026-02-12,CASH,13,SUCCESS
TXN0001175,S0001603,2026-02-12,UPI,84,SUCCESS
TXN0001176,S0001605,2026-02-12,UPI,52,SUCCESS
TXN0001177,S0001606,2026-02-12,UPI,798,SUCCESS
TXN0001178,S0001607,2026-02-12,UPI,95,SUCCESS
TXN0001179,S0001608,2026-02-12,CASH,66,SUCCESS
TXN0001180,S0001609,2026-02-12,CASH,312,SUCCESS
TXN0001181,S0001610,2026-02-12,CASH,135,SUCCESS
TXN0001182,S0001611,2026-02-12,CASH,93,SUCCESS
TXN0001183,S0001613,2026-02-12,UPI,10,SUCCESS
TXN0001184,S0001615,2026-02-13,CARD,104,SUCCESS
TXN0001185,S0001616,2026-02-13,UPI,300,SUCCESS
TXN0001186,S0001618,2026-02-13,UPI,100,SUCCESS
TXN0001187,S0001619,2026-02-13,CARD,95,SUCCESS
TXN0001188,S0001620,2026-02-13,UPI,84,SUCCESS
TXN0001189,S0001621,2026-02-13,CASH,280,SUCCESS
TXN0001190,S0001622,2026-02-13,CARD,100,SUCCESS
TXN0001191,S0001623,2026-02-13,UPI,310,SUCCESS
TXN0001192,S0001624,2026-02-13,UPI,72,SUCCESS
TXN0001193,S0001625,2026-02-13,CASH,30,SUCCESS
TXN0001194,S0001626,2026-02-13,CARD,108,SUCCESS
TXN0001195,S0001627,2026-02-13,CASH,95,SUCCESS
TXN0001196,S0001628,2026-02-13,UPI,45,SUCCESS
TXN0001197,S0001629,2026-02-13,UPI,99,SUCCESS
TXN0001198,S0001630,2026-02-13,CARD,75,SUCCESS
TXN0001199,S0001631,2026-02-13,CARD,300,SUCCESS
TXN0001200,S0001632,2026-02-13,UPI,255,SUCCESS
TXN0001201,S0001633,2026-02-13,CARD,155,SUCCESS
TXN0001202,S0001634,2026-02-13,CARD,190,SUCCESS
TXN0001203,S0001636,2026-02-13,UPI,95,SUCCESS
TXN0001204,S0001637,2026-02-13,UPI,45,SUCCESS
TXN0001205,S0001639,2026-02-13,UPI,180,SUCCESS
TXN0001206,S0001640,2026-02-13,CARD,93,SUCCESS
TXN0001207,S0001641,2026-02-13,CASH,135,SUCCESS
TXN0001208,S0001642,2026-02-13,CARD,310,SUCCESS
TXN0001209,S0001643,2026-02-13,CASH,282,SUCCESS
TXN0001210,S0001644,2026-02-13,UPI,270,SUCCESS
TXN0001211,S0001646,2026-02-13,CASH,616,SUCCESS
TXN0001212,S0001649,2026-02-13,CASH,170,SUCCESS
TXN0001213,S0001650,2026-02-13,CASH,180,SUCCESS
TXN0001214,S0001651,2026-02-13,CARD,45,SUCCESS
TXN0001215,S0001652,2026-02-13,CASH,72,SUCCESS
TXN0001216,S0001653,2026-02-14,CASH,90,SUCCESS
TXN0001217,S0001654,2026-02-14,CASH,104,SUCCESS
TXN0001218,S0001655,2026-02-14,CASH,35,SUCCESS
TXN0001219,S0001656,2026-02-14,UPI,15,SUCCESS
TXN0001220,S0001657,2026-02-14,CASH,50,SUCCESS
TXN0001221,S0001658,2026-02-14,CARD,96,SUCCESS
TXN0001222,S0001660,2026-02-14,CARD,110,SUCCESS
TXN0001223,S0001661,2026-02-14,UPI,126,SUCCESS
TXN0001224,S0001662,2026-02-14,CARD,52,SUCCESS
TXN0001225,S0001663,2026-02-14,CASH,96,SUCCESS
TXN0001226,S0001664,2026-02-14,UPI,100,SUCCESS
TXN0001227,S0001667,2026-02-14,CASH,45,SUCCESS
TXN0001228,S0001668,2026-02-14,CASH,140,SUCCESS
TXN0001229,S0001669,2026-02-14,UPI,50,SUCCESS
TXN0001230,S0001670,2026-02-14,CARD,70,SUCCESS
TXN0001231,S0001671,2026-02-14,CASH,90,SUCCESS
TXN0001232,S0001673,2026-02-14,CARD,100,SUCCESS
TXN0001233,S0001676,2026-02-14,UPI,64,SUCCESS
TXN0001234,S0001680,2026-02-14,UPI,160,SUCCESS
TXN0001235,S0001682,2026-02-14,CARD,8,SUCCESS
TXN0001236,S0001683,2026-02-14,CARD,114,SUCCESS
TXN0001237,S0001684,2026-02-14,CASH,50,SUCCESS
TXN0001238,S0001686,2026-02-15,UPI,450,SUCCESS
TXN0001239,S0001687,2026-02-15,CASH,15,SUCCESS
TXN0001240,S0001689,2026-02-15,CASH,310,SUCCESS
TXN0001241,S0001690,2026-02-15,CARD,114,SUCCESS
TXN0001242,S0001691,2026-02-15,CASH,90,SUCCESS
TXN0001243,S0001692,2026-02-15,UPI,45,SUCCESS
TXN0001244,S0001693,2026-02-15,CARD,140,SUCCESS
TXN0001245,S0001695,2026-02-15,CASH,44,SUCCESS
TXN0001246,S0001696,2026-02-15,UPI,99,SUCCESS
TXN0001247,S0001697,2026-02-15,CASH,25,SUCCESS
TXN0001248,S0001698,2026-02-15,CASH,15,SUCCESS
TXN0001249,S0001699,2026-02-15,CARD,50,SUCCESS
TXN0001250,S0001701,2026-02-15,UPI,13,SUCCESS
TXN0001251,S0001702,2026-02-15,CARD,156,SUCCESS
TXN0001252,S0001706,2026-02-15,UPI,38,SUCCESS
TXN0001253,S0001707,2026-02-15,CASH,96,SUCCESS
TXN0001254,S0001708,2026-02-15,CASH,285,SUCCESS
TXN0001255,S0001709,2026-02-15,UPI,510,SUCCESS
TXN0001256,S0001710,2026-02-15,CASH,60,SUCCESS
TXN0001257,S0001711,2026-02-15,CARD,250,SUCCESS
TXN0001258,S0001712,2026-02-16,UPI,45,SUCCESS
TXN0001259,S0001713,2026-02-16,CARD,135,SUCCESS
TXN0001260,S0001714,2026-02-16,CASH,90,SUCCESS
TXN0001261,S0001715,2026-02-16,CARD,13,SUCCESS
TXN0001262,S0001716,2026-02-16,CARD,255,SUCCESS
TXN0001263,S0001718,2026-02-16,UPI,145,SUCCESS
TXN0001264,S0001719,2026-02-16,UPI,18,SUCCESS
TXN0001265,S0001720,2026-02-16,CARD,80,SUCCESS
TXN0001266,S0001721,2026-02-16,CASH,180,SUCCESS
TXN0001267,S0001722,2026-02-16,UPI,100,SUCCESS
TXN0001268,S0001723,2026-02-16,UPI,715,SUCCESS
TXN0001269,S0001724,2026-02-16,CARD,130,SUCCESS
TXN0001270,S0001725,2026-02-16,CARD,43,SUCCESS
TXN0001271,S0001726,2026-02-16,CARD,23,SUCCESS
TXN0001272,S0001729,2026-02-16,CASH,125,SUCCESS
TXN0001273,S0001730,2026-02-16,UPI,150,SUCCESS
TXN0001274,S0001731,2026-02-16,UPI,580,SUCCESS
TXN0001275,S0001733,2026-02-16,CARD,180,SUCCESS
TXN0001276,S0001734,2026-02-16,CASH,85,SUCCESS
TXN0001277,S0001735,2026-02-16,CARD,915,SUCCESS
TXN0001278,S0001736,2026-02-16,CARD,30,SUCCESS
TXN0001279,S0001737,2026-02-16,CARD,64,SUCCESS
TXN0001280,S0001738,2026-02-16,CARD,930,SUCCESS
TXN0001281,S0001739,2026-02-16,UPI,45,SUCCESS
TXN0001282,S0001740,2026-02-16,CARD,50,SUCCESS
TXN0001283,S0001743,2026-02-16,CARD,282,SUCCESS
TXN0001284,S0001745,2026-02-16,CARD,32,SUCCESS
TXN0001285,S0001746,2026-02-16,CARD,67,SUCCESS
TXN0001286,S0001747,2026-02-16,CASH,93,SUCCESS
TXN0001287,S0001748,2026-02-16,CARD,201,SUCCESS
TXN0001288,S0001749,2026-02-17,UPI,310,SUCCESS
TXN0001289,S0001750,2026-02-17,CASH,60,SUCCESS
TXN0001290,S0001751,2026-02-17,CASH,210,SUCCESS
TXN0001291,S0001752,2026-02-17,CARD,100,SUCCESS
TXN0001292,S0001753,2026-02-17,UPI,80,SUCCESS
TXN0001293,S0001755,2026-02-17,CARD,95,SUCCESS
TXN0001294,S0001756,2026-02-17,CASH,216,SUCCESS
TXN0001295,S0001757,2026-02-17,UPI,290,SUCCESS
TXN0001296,S0001758,2026-02-17,UPI,440,SUCCESS
TXN0001297,S0001759,2026-02-17,CASH,266,SUCCESS
TXN0001298,S0001760,2026-02-17,CARD,45,SUCCESS
TXN0001299,S0001761,2026-02-17,UPI,15,SUCCESS
TXN0001300,S0001762,2026-02-17,CASH,170,SUCCESS
TXN0001301,S0001764,2026-02-17,UPI,40,SUCCESS
TXN0001302,S0001765,2026-02-17,UPI,930,SUCCESS
TXN0001303,S0001766,2026-02-17,UPI,570,SUCCESS
TXN0001304,S0001767,2026-02-17,UPI,15,SUCCESS
TXN0001305,S0001768,2026-02-17,CARD,143,SUCCESS
TXN0001306,S0001769,2026-02-17,CARD,924,SUCCESS
TXN0001307,S0001770,2026-02-17,CASH,30,SUCCESS
TXN0001308,S0001771,2026-02-17,CARD,220,SUCCESS
TXN0001309,S0001772,2026-02-17,CARD,99,SUCCESS
TXN0001310,S0001773,2026-02-17,UPI,104,SUCCESS
TXN0001311,S0001774,2026-02-17,UPI,308,SUCCESS
TXN0001312,S0001775,2026-02-17,CARD,108,SUCCESS
TXN0001313,S0001776,2026-02-17,CARD,75,SUCCESS
TXN0001314,S0001777,2026-02-17,UPI,144,SUCCESS
TXN0001315,S0001778,2026-02-17,CARD,16,SUCCESS
TXN0001316,S0001779,2026-02-17,CASH,285,SUCCESS
TXN0001317,S0001780,2026-02-17,UPI,310,SUCCESS
TXN0001318,S0001781,2026-02-17,UPI,435,SUCCESS
TXN0001319,S0001783,2026-02-17,CARD,250,SUCCESS
TXN0001320,S0001784,2026-02-17,UPI,105,SUCCESS
TXN0001321,S0001785,2026-02-17,UPI,36,SUCCESS
TXN0001322,S0001788,2026-02-17,CASH,540,SUCCESS
TXN0001323,S0001789,2026-02-17,CARD,300,SUCCESS
TXN0001324,S0001790,2026-02-18,CARD,105,SUCCESS
TXN0001325,S0001791,2026-02-18,UPI,60,SUCCESS
TXN0001326,S0001792,2026-02-18,CARD,310,SUCCESS
TXN0001327,S0001793,2026-02-18,CASH,135,SUCCESS
TXN0001328,S0001794,2026-02-18,CASH,8,SUCCESS
TXN0001329,S0001795,2026-02-18,UPI,180,SUCCESS
TXN0001330,S0001796,2026-02-18,UPI,13,SUCCESS
TXN0001331,S0001798,2026-02-18,CASH,72,SUCCESS
TXN0001332,S0001801,2026-02-18,CARD,86,SUCCESS
TXN0001333,S0001802,2026-02-18,CASH,180,SUCCESS
TXN0001334,S0001806,2026-02-18,UPI,50,SUCCESS
TXN0001335,S0001808,2026-02-18,UPI,30,SUCCESS
TXN0001336,S0001809,2026-02-18,CASH,310,SUCCESS
TXN0001337,S0001810,2026-02-18,UPI,186,SUCCESS
TXN0001338,S0001813,2026-02-18,CARD,220,SUCCESS
TXN0001339,S0001814,2026-02-18,CARD,16,SUCCESS
TXN0001340,S0001815,2026-02-18,CARD,40,SUCCESS
TXN0001341,S0001817,2026-02-18,UPI,126,SUCCESS
TXN0001342,S0001818,2026-02-18,UPI,150,SUCCESS
TXN0001343,S0001819,2026-02-18,CARD,144,SUCCESS
TXN0001344,S0001820,2026-02-18,UPI,270,SUCCESS
TXN0001345,S0001823,2026-02-19,CASH,35,SUCCESS
TXN0001346,S0001824,2026-02-19,CASH,105,SUCCESS
TXN0001347,S0001825,2026-02-19,CARD,216,SUCCESS
TXN0001348,S0001826,2026-02-19,CASH,135,SUCCESS
TXN0001349,S0001827,2026-02-19,UPI,312,SUCCESS
TXN0001350,S0001829,2026-02-19,UPI,210,SUCCESS
TXN0001351,S0001836,2026-02-19,CARD,32,SUCCESS
TXN0001352,S0001837,2026-02-19,CARD,86,SUCCESS
TXN0001353,S0001840,2026-02-19,CARD,50,SUCCESS
TXN0001354,S0001841,2026-02-19,UPI,36,SUCCESS
TXN0001355,S0001842,2026-02-19,UPI,95,SUCCESS
TXN0001356,S0001843,2026-02-19,CARD,100,SUCCESS
TXN0001357,S0001844,2026-02-19,CARD,150,SUCCESS
TXN0001358,S0001848,2026-02-19,CARD,190,SUCCESS
TXN0001359,S0001849,2026-02-19,CARD,25,SUCCESS
TXN0001360,S0001850,2026-02-19,CARD,44,SUCCESS
TXN0001361,S0001851,2026-02-19,CASH,1000,SUCCESS
TXN0001362,S0001852,2026-02-19,CARD,288,SUCCESS
TXN0001363,S0001853,2026-02-19,CARD,30,SUCCESS
TXN0001364,S0001854,2026-02-19,UPI,405,SUCCESS
TXN0001365,S0001855,2026-02-20,CARD,25,SUCCESS
TXN0001366,S0001856,2026-02-20,UPI,15,SUCCESS
TXN0001367,S0001857,2026-02-20,CASH,96,SUCCESS
TXN0001368,S0001859,2026-02-20,CARD,84,SUCCESS
TXN0001369,S0001860,2026-02-20,CASH,150,SUCCESS
TXN0001370,S0001861,2026-02-20,CARD,240,SUCCESS
TXN0001371,S0001862,2026-02-20,CASH,155,SUCCESS
TXN0001372,S0001864,2026-02-20,CASH,90,SUCCESS
TXN0001373,S0001865,2026-02-20,CARD,324,SUCCESS
TXN0001374,S0001866,2026-02-20,UPI,500,SUCCESS
TXN0001375,S0001868,2026-02-20,CASH,135,SUCCESS
TXN0001376,S0001872,2026-02-20,UPI,30,SUCCESS
TXN0001377,S0001873,2026-02-20,CARD,572,SUCCESS
TXN0001378,S0001874,2026-02-20,CARD,43,SUCCESS
TXN0001379,S0001875,2026-02-20,UPI,15,SUCCESS
TXN0001380,S0001877,2026-02-20,CASH,56,SUCCESS
TXN0001381,S0001878,2026-02-20,CASH,81,SUCCESS
TXN0001382,S0001879,2026-02-20,CASH,90,SUCCESS
TXN0001383,S0001880,2026-02-20,UPI,26,SUCCESS
TXN0001384,S0001881,2026-02-20,UPI,155,SUCCESS
TXN0001385,S0001883,2026-02-20,CARD,208,SUCCESS
TXN0001386,S0001884,2026-02-20,UPI,25,SUCCESS
TXN0001387,S0001885,2026-02-20,CASH,100,SUCCESS
TXN0001388,S0001886,2026-02-20,UPI,45,SUCCESS
TXN0001389,S0001887,2026-02-20,CASH,145,SUCCESS
TXN0001390,S0001888,2026-02-20,CASH,120,SUCCESS
TXN0001391,S0001889,2026-02-21,CARD,140,SUCCESS
TXN0001392,S0001890,2026-02-21,UPI,18,SUCCESS
TXN0001393,S0001891,2026-02-21,CARD,90,SUCCESS
TXN0001394,S0001892,2026-02-21,CARD,240,SUCCESS
TXN0001395,S0001893,2026-02-21,UPI,25,SUCCESS
TXN0001396,S0001895,2026-02-21,CARD,35,SUCCESS
TXN0001397,S0001896,2026-02-21,UPI,50,SUCCESS
TXN0001398,S0001898,2026-02-21,UPI,120,SUCCESS
TXN0001399,S0001900,2026-02-21,UPI,108,SUCCESS
TXN0001400,S0001901,2026-02-21,UPI,33,SUCCESS
TXN0001401,S0001902,2026-02-21,CARD,255,SUCCESS
TXN0001402,S0001904,2026-02-21,UPI,47,SUCCESS
TXN0001403,S0001905,2026-02-21,CARD,1000,SUCCESS
TXN0001404,S0001908,2026-02-21,UPI,135,SUCCESS
TXN0001405,S0001911,2026-02-21,CARD,143,SUCCESS
TXN0001406,S0001913,2026-02-21,UPI,500,SUCCESS
TXN0001407,S0001914,2026-02-21,CARD,50,SUCCESS
TXN0001408,S0001915,2026-02-21,CARD,290,SUCCESS
TXN0001409,S0001916,2026-02-21,UPI,60,SUCCESS
TXN0001410,S0001917,2026-02-21,CARD,30,SUCCESS
TXN0001411,S0001918,2026-02-21,UPI,250,SUCCESS
TXN0001412,S0001920,2026-02-21,CASH,300,SUCCESS
TXN0001413,S0001921,2026-02-21,UPI,104,SUCCESS
TXN0001414,S0001923,2026-02-21,CARD,70,SUCCESS
TXN0001415,S0001925,2026-02-21,UPI,310,SUCCESS
TXN0001416,S0001926,2026-02-21,UPI,10,SUCCESS
TXN0001417,S0001928,2026-02-21,CASH,190,SUCCESS
TXN0001418,S0001929,2026-02-21,UPI,30,SUCCESS
TXN0001419,S0001931,2026-02-21,UPI,30,SUCCESS
TXN0001420,S0001932,2026-02-21,CASH,90,SUCCESS
TXN0001421,S0001933,2026-02-21,UPI,310,SUCCESS
TXN0001422,S0001934,2026-02-21,UPI,8,SUCCESS
TXN0001423,S0001935,2026-02-21,UPI,108,SUCCESS
TXN0001424,S0001936,2026-02-21,CASH,290,SUCCESS
TXN0001425,S0001939,2026-02-21,CASH,60,SUCCESS
TXN0001426,S0001940,2026-02-21,CASH,20,SUCCESS
TXN0001427,S0001941,2026-02-21,CARD,253,SUCCESS
TXN0001428,S0001942,2026-02-21,CASH,310,SUCCESS
TXN0001429,S0001943,2026-02-22,CARD,90,SUCCESS
TXN0001430,S0001944,2026-02-22,CASH,190,SUCCESS
TXN0001431,S0001945,2026-02-22,UPI,72,SUCCESS
TXN0001432,S0001946,2026-02-22,CASH,56,SUCCESS
TXN0001433,S0001947,2026-02-22,UPI,930,SUCCESS
TXN0001434,S0001948,2026-02-22,UPI,310,SUCCESS
TXN0001435,S0001949,2026-02-22,CARD,135,SUCCESS
TXN0001436,S0001951,2026-02-22,CASH,50,SUCCESS
TXN0001437,S0001953,2026-02-22,UPI,45,SUCCESS
TXN0001438,S0001955,2026-02-22,CARD,100,SUCCESS
TXN0001439,S0001956,2026-02-22,CASH,104,SUCCESS
TXN0001440,S0001957,2026-02-22,UPI,330,SUCCESS
TXN0001441,S0001958,2026-02-22,CASH,50,SUCCESS
TXN0001442,S0001959,2026-02-22,CASH,112,SUCCESS
TXN0001443,S0001960,2026-02-22,UPI,50,SUCCESS
TXN0001444,S0001962,2026-02-22,UPI,270,SUCCESS
TXN0001445,S0001963,2026-02-22,CARD,750,SUCCESS
TXN0001446,S0001964,2026-02-22,CARD,110,SUCCESS
TXN0001447,S0001966,2026-02-22,UPI,1020,SUCCESS
TXN0001448,S0001967,2026-02-22,UPI,95,SUCCESS
TXN0001449,S0001968,2026-02-22,UPI,798,SUCCESS
TXN0001450,S0001969,2026-02-22,CARD,90,SUCCESS
TXN0001451,S0001970,2026-02-22,CARD,45,SUCCESS
TXN0001452,S0001971,2026-02-22,CARD,85,SUCCESS
TXN0001453,S0001973,2026-02-22,CASH,220,SUCCESS
TXN0001454,S0001975,2026-02-22,CASH,510,SUCCESS
TXN0001455,S0001977,2026-02-22,CASH,32,SUCCESS
TXN0001456,S0001978,2026-02-22,CASH,120,SUCCESS
TXN0001457,S0001979,2026-02-22,UPI,45,SUCCESS
TXN0001458,S0001981,2026-02-22,CARD,190,SUCCESS
TXN0001459,S0001982,2026-02-23,CASH,95,SUCCESS
TXN0001460,S0001983,2026-02-23,CASH,112,SUCCESS
TXN0001461,S0001984,2026-02-23,CASH,140,SUCCESS
TXN0001462,S0001988,2026-02-23,CASH,44,SUCCESS
TXN0001463,S0001989,2026-02-23,CASH,45,SUCCESS
TXN0001464,S0001990,2026-02-23,UPI,288,SUCCESS
TXN0001465,S0001992,2026-02-23,UPI,66,SUCCESS
TXN0001466,S0001995,2026-02-23,UPI,405,SUCCESS
TXN0001467,S0001996,2026-02-23,CASH,90,SUCCESS
TXN0001468,S0001997,2026-02-23,CASH,156,SUCCESS
TXN0001469,S0002000,2026-02-23,UPI,201,SUCCESS
TXN0001470,S0002001,2026-02-23,CASH,76,SUCCESS
TXN0001471,S0002002,2026-02-23,CARD,50,SUCCESS
TXN0001472,S0002003,2026-02-23,UPI,60,SUCCESS
TXN0001473,S0002004,2026-02-23,CARD,90,SUCCESS
TXN0001474,S0002006,2026-02-23,CASH,20,SUCCESS
TXN0001475,S0002007,2026-02-23,CARD,315,SUCCESS
TXN0001476,S0002008,2026-02-23,CARD,96,SUCCESS
TXN0001477,S0002009,2026-02-23,CARD,255,SUCCESS
TXN0001478,S0002010,2026-02-23,CARD,36,SUCCESS
TXN0001479,S0002011,2026-02-23,UPI,52,SUCCESS
TXN0001480,S0002012,2026-02-23,CASH,90,SUCCESS
TXN0001481,S0002013,2026-02-23,UPI,104,SUCCESS
TXN0001482,S0002014,2026-02-23,CASH,90,SUCCESS
TXN0001483,S0002015,2026-02-23,CARD,44,SUCCESS
TXN0001484,S0002017,2026-02-23,CARD,25,SUCCESS
TXN0001485,S0002018,2026-02-23,UPI,208,SUCCESS
TXN0001486,S0002019,2026-02-23,CARD,260,SUCCESS
TXN0001487,S0002020,2026-02-24,UPI,36,SUCCESS
TXN0001488,S0002021,2026-02-24,UPI,220,SUCCESS
TXN0001489,S0002022,2026-02-24,UPI,35,SUCCESS
TXN0001490,S0002023,2026-02-24,UPI,145,SUCCESS
TXN0001491,S0002024,2026-02-24,CASH,200,SUCCESS
TXN0001492,S0002025,2026-02-24,UPI,108,SUCCESS
TXN0001493,S0002026,2026-02-24,CASH,54,SUCCESS
TXN0001494,S0002028,2026-02-24,CARD,54,SUCCESS
TXN0001495,S0002029,2026-02-24,CASH,220,SUCCESS
TXN0001496,S0002031,2026-02-24,CARD,72,SUCCESS
TXN0001497,S0002033,2026-02-24,CASH,38,SUCCESS
TXN0001498,S0002034,2026-02-24,CARD,18,SUCCESS
TXN0001499,S0002035,2026-02-24,CARD,190,SUCCESS
TXN0001500,S0002036,2026-02-24,CARD,1275,SUCCESS
TXN0001501,S0002037,2026-02-24,CASH,152,SUCCESS
TXN0001502,S0002038,2026-02-24,CASH,144,SUCCESS
TXN0001503,S0002039,2026-02-24,CASH,45,SUCCESS
TXN0001504,S0002040,2026-02-24,UPI,50,SUCCESS
TXN0001505,S0002042,2026-02-24,CASH,100,SUCCESS
TXN0001506,S0002043,2026-02-24,CARD,180,SUCCESS
TXN0001507,S0002045,2026-02-24,CARD,95,SUCCESS
TXN0001508,S0002047,2026-02-25,CARD,104,SUCCESS
TXN0001509,S0002048,2026-02-25,CARD,52,SUCCESS
TXN0001510,S0002050,2026-02-25,CASH,8,SUCCESS
TXN0001511,S0002053,2026-02-25,UPI,765,SUCCESS
TXN0001512,S0002054,2026-02-25,CASH,72,SUCCESS
TXN0001513,S0002055,2026-02-25,CARD,38,SUCCESS
TXN0001514,S0002056,2026-02-25,CASH,1012,SUCCESS
TXN0001515,S0002057,2026-02-25,CARD,70,SUCCESS
TXN0001516,S0002060,2026-02-25,UPI,330,SUCCESS
TXN0001517,S0002061,2026-02-25,CASH,105,SUCCESS
TXN0001518,S0002062,2026-02-25,CARD,200,SUCCESS
TXN0001519,S0002063,2026-02-25,CARD,105,SUCCESS
TXN0001520,S0002068,2026-02-25,UPI,32,SUCCESS
TXN0001521,S0002071,2026-02-25,CARD,155,SUCCESS
TXN0001522,S0002073,2026-02-25,CASH,48,SUCCESS
TXN0001523,S0002075,2026-02-25,UPI,16,SUCCESS
TXN0001524,S0002076,2026-02-25,CARD,16,SUCCESS
TXN0001525,S0002078,2026-02-25,UPI,95,SUCCESS
TXN0001526,S0002080,2026-02-25,CARD,140,SUCCESS
TXN0001527,S0002081,2026-02-26,CASH,90,SUCCESS
TXN0001528,S0002082,2026-02-26,CARD,620,SUCCESS
TXN0001529,S0002083,2026-02-26,CARD,540,SUCCESS
TXN0001530,S0002086,2026-02-26,CARD,40,SUCCESS
TXN0001531,S0002087,2026-02-26,UPI,255,SUCCESS
TXN0001532,S0002088,2026-02-26,UPI,25,SUCCESS
TXN0001533,S0002089,2026-02-26,CASH,104,SUCCESS
TXN0001534,S0002090,2026-02-26,CARD,312,SUCCESS
TXN0001535,S0002091,2026-02-26,CARD,208,SUCCESS
TXN0001536,S0002092,2026-02-26,UPI,510,SUCCESS
TXN0001537,S0002093,2026-02-26,CASH,90,SUCCESS
TXN0001538,S0002094,2026-02-26,CASH,429,SUCCESS
TXN0001539,S0002095,2026-02-26,CARD,190,SUCCESS
TXN0001540,S0002096,2026-02-26,CARD,95,SUCCESS
TXN0001541,S0002097,2026-02-26,CARD,100,SUCCESS
TXN0001542,S0002098,2026-02-26,CARD,572,SUCCESS
TXN0001543,S0002099,2026-02-26,CARD,104,SUCCESS
TXN0001544,S0002101,2026-02-26,CASH,60,SUCCESS
TXN0001545,S0002102,2026-02-26,CASH,100,SUCCESS
TXN0001546,S0002103,2026-02-26,UPI,186,SUCCESS
TXN0001547,S0002104,2026-02-26,UPI,90,SUCCESS
TXN0001548,S0002105,2026-02-26,UPI,135,SUCCESS
TXN0001549,S0002106,2026-02-26,CARD,270,SUCCESS
TXN0001550,S0002107,2026-02-26,CARD,126,SUCCESS
TXN0001551,S0002108,2026-02-26,UPI,40,SUCCESS
TXN0001552,S0002109,2026-02-26,CASH,68,SUCCESS
TXN0001553,S0002110,2026-02-26,CASH,84,SUCCESS
TXN0001554,S0002111,2026-02-26,CASH,100,SUCCESS
TXN0001555,S0002113,2026-02-26,UPI,80,SUCCESS
TXN0001556,S0002115,2026-02-26,UPI,45,SUCCESS
TXN0001557,S0002116,2026-02-26,UPI,490,SUCCESS
TXN0001558,S0002117,2026-02-26,CARD,135,SUCCESS
TXN0001559,S0002118,2026-02-26,UPI,255,SUCCESS
TXN0001560,S0002119,2026-02-26,CASH,270,SUCCESS
TXN0001561,S0002120,2026-02-26,CARD,144,SUCCESS
TXN0001562,S0002121,2026-02-26,CARD,1550,SUCCESS
TXN0001563,S0002122,2026-02-26,CASH,144,SUCCESS
TXN0001564,S0002123,2026-02-26,CASH,240,SUCCESS
TXN0001565,S0002124,2026-02-26,UPI,176,SUCCESS
TXN0001566,S0002125,2026-02-27,CASH,62,SUCCESS
TXN0001567,S0002126,2026-02-27,CASH,50,SUCCESS
TXN0001568,S0002127,2026-02-27,UPI,190,SUCCESS
TXN0001569,S0002129,2026-02-27,CASH,47,SUCCESS
TXN0001570,S0002130,2026-02-27,CASH,33,SUCCESS
TXN0001571,S0002131,2026-02-27,CASH,312,SUCCESS
TXN0001572,S0002132,2026-02-27,UPI,90,SUCCESS
TXN0001573,S0002133,2026-02-27,UPI,30,SUCCESS
TXN0001574,S0002134,2026-02-27,CARD,90,SUCCESS
TXN0001575,S0002135,2026-02-27,UPI,100,SUCCESS
TXN0001576,S0002136,2026-02-27,UPI,155,SUCCESS
TXN0001577,S0002137,2026-02-27,CARD,35,SUCCESS
TXN0001578,S0002138,2026-02-27,CASH,190,SUCCESS
TXN0001579,S0002141,2026-02-27,UPI,105,SUCCESS
TXN0001580,S0002142,2026-02-27,UPI,105,SUCCESS
TXN0001581,S0002143,2026-02-27,UPI,35,SUCCESS
TXN0001582,S0002145,2026-02-27,CASH,144,SUCCESS
TXN0001583,S0002146,2026-02-27,CARD,310,SUCCESS
TXN0001584,S0002149,2026-02-27,CARD,160,SUCCESS
TXN0001585,S0002154,2026-02-27,CASH,135,SUCCESS
TXN0001586,S0002155,2026-02-27,UPI,620,SUCCESS
TXN0001587,S0002156,2026-02-27,UPI,620,SUCCESS
TXN0001588,S0002157,2026-02-27,CARD,50,SUCCESS
TXN0001589,S0002158,2026-02-27,UPI,156,SUCCESS
TXN0001590,S0002161,2026-02-27,CARD,133,SUCCESS
TXN0001591,S0002162,2026-02-28,UPI,93,SUCCESS
TXN0001592,S0002165,2026-02-28,CASH,76,SUCCESS
TXN0001593,S0002166,2026-02-28,CARD,90,SUCCESS
TXN0001594,S0002171,2026-02-28,CASH,266,SUCCESS
TXN0001595,S0002172,2026-02-28,CARD,90,SUCCESS
TXN0001596,S0002173,2026-02-28,CARD,133,SUCCESS
TXN0001597,S0002174,2026-02-28,UPI,18,SUCCESS
TXN0001598,S0002175,2026-02-28,CARD,144,SUCCESS
TXN0001599,S0002176,2026-02-28,UPI,84,SUCCESS
TXN0001600,S0002177,2026-02-28,UPI,30,SUCCESS
TXN0001601,S0002179,2026-02-28,CASH,104,SUCCESS
TXN0001602,S0002180,2026-02-28,CARD,95,SUCCESS
TXN0001603,S0002181,2026-02-28,UPI,72,SUCCESS
TXN0001604,S0002182,2026-02-28,CASH,18,SUCCESS
TXN0001605,S0002183,2026-02-28,UPI,924,SUCCESS
TXN0001606,S0002188,2026-02-28,UPI,144,SUCCESS
TXN0001607,S0002189,2026-02-28,CASH,270,SUCCESS
TXN0001608,S0002190,2026-02-28,CARD,15,SUCCESS
TXN0001609,S0002191,2026-02-28,CARD,46,SUCCESS
TXN0001610,S0002192,2026-02-28,UPI,45,SUCCESS
TXN0001611,S0002193,2026-02-28,CARD,190,SUCCESS
TXN0001612,S0002195,2026-02-28,UPI,186,SUCCESS
TXN0001613,S0002196,2026-02-28,UPI,160,SUCCESS
TXN0001614,S0002197,2026-02-28,UPI,216,SUCCESS
TXN0001615,S0002199,2026-03-01,UPI,90,SUCCESS
TXN0001616,S0002200,2026-03-01,CARD,20,SUCCESS
TXN0001617,S0002201,2026-03-01,CARD,40,SUCCESS
TXN0001618,S0002202,2026-03-01,CARD,220,SUCCESS
TXN0001619,S0002203,2026-03-01,CASH,48,SUCCESS
TXN0001620,S0002204,2026-03-01,CASH,610,SUCCESS
TXN0001621,S0002207,2026-03-01,UPI,67,SUCCESS
TXN0001622,S0002209,2026-03-01,CARD,52,SUCCESS
TXN0001623,S0002210,2026-03-01,UPI,135,SUCCESS
TXN0001624,S0002212,2026-03-01,CASH,60,SUCCESS
TXN0001625,S0002213,2026-03-01,CASH,40,SUCCESS
TXN0001626,S0002214,2026-03-01,CASH,70,SUCCESS
TXN0001627,S0002215,2026-03-01,CARD,220,SUCCESS
TXN0001628,S0002217,2026-03-01,UPI,40,SUCCESS
TXN0001629,S0002218,2026-03-01,CASH,330,SUCCESS
TXN0001630,S0002219,2026-03-01,CARD,620,SUCCESS
TXN0001631,S0002220,2026-03-01,UPI,309,SUCCESS
TXN0001632,S0002221,2026-03-01,UPI,96,SUCCESS
TXN0001633,S0002222,2026-03-01,UPI,980,SUCCESS
TXN0001634,S0002223,2026-03-01,UPI,52,SUCCESS
TXN0001635,S0002224,2026-03-01,UPI,90,SUCCESS
TXN0001636,S0002225,2026-03-01,CASH,25,SUCCESS
TXN0001637,S0002226,2026-03-01,UPI,190,SUCCESS
TXN0001638,S0002227,2026-03-01,CARD,85,SUCCESS
TXN0001639,S0002228,2026-03-01,UPI,270,SUCCESS
TXN0001640,S0002231,2026-03-01,CASH,110,SUCCESS
TXN0001641,S0002233,2026-03-01,UPI,30,SUCCESS
TXN0001642,S0002234,2026-03-01,UPI,133,SUCCESS
TXN0001643,S0002236,2026-03-01,CASH,105,SUCCESS
TXN0001644,S0002237,2026-03-01,CARD,52,SUCCESS
TXN0001645,S0002238,2026-03-01,UPI,18,SUCCESS
TXN0001646,S0002239,2026-03-01,UPI,54,SUCCESS
TXN0001647,S0002240,2026-03-01,CASH,80,SUCCESS
TXN0001648,S0002241,2026-03-01,CARD,23,SUCCESS
TXN0001649,S0002242,2026-03-01,UPI,5,SUCCESS
TXN0001650,S0002245,2026-03-01,CASH,50,SUCCESS
TXN0001651,S0002246,2026-03-01,CASH,36,SUCCESS
TXN0001652,S0002248,2026-03-01,UPI,255,SUCCESS
TXN0001653,S0002250,2026-03-02,UPI,10,SUCCESS
TXN0001654,S0002251,2026-03-02,UPI,40,SUCCESS
TXN0001655,S0002252,2026-03-02,CARD,260,SUCCESS
TXN0001656,S0002253,2026-03-02,UPI,33,SUCCESS
TXN0001657,S0002256,2026-03-02,CARD,105,SUCCESS
TXN0001658,S0002257,2026-03-02,CASH,72,SUCCESS
TXN0001659,S0002258,2026-03-02,CASH,93,SUCCESS
TXN0001660,S0002259,2026-03-02,CARD,135,SUCCESS
TXN0001661,S0002260,2026-03-02,CASH,76,SUCCESS
TXN0001662,S0002261,2026-03-02,CARD,25,SUCCESS
TXN0001663,S0002264,2026-03-02,UPI,360,SUCCESS
TXN0001664,S0002265,2026-03-02,CASH,90,SUCCESS
TXN0001665,S0002266,2026-03-02,CARD,620,SUCCESS
TXN0001666,S0002267,2026-03-02,UPI,80,SUCCESS
TXN0001667,S0002268,2026-03-02,CARD,99,SUCCESS
TXN0001668,S0002269,2026-03-02,CASH,312,SUCCESS
TXN0001669,S0002272,2026-03-02,CASH,145,SUCCESS
TXN0001670,S0002273,2026-03-02,CARD,100,SUCCESS
TXN0001671,S0002275,2026-03-02,CASH,104,SUCCESS
TXN0001672,S0002276,2026-03-02,CARD,50,SUCCESS
TXN0001673,S0002278,2026-03-02,CASH,50,SUCCESS
TXN0001674,S0002279,2026-03-02,CASH,930,SUCCESS
TXN0001675,S0002280,2026-03-02,CASH,150,SUCCESS
TXN0001676,S0002282,2026-03-02,CASH,155,SUCCESS
TXN0001677,S0002283,2026-03-02,CASH,10,SUCCESS
TXN0001678,S0002285,2026-03-02,UPI,30,SUCCESS
TXN0001679,S0002286,2026-03-02,UPI,143,SUCCESS
TXN0001680,S0002287,2026-03-03,CARD,30,SUCCESS
TXN0001681,S0002288,2026-03-03,UPI,45,SUCCESS
TXN0001682,S0002290,2026-03-03,CARD,36,SUCCESS
TXN0001683,S0002291,2026-03-03,CASH,100,SUCCESS
TXN0001684,S0002293,2026-03-03,UPI,90,SUCCESS
TXN0001685,S0002295,2026-03-03,CARD,104,SUCCESS
TXN0001686,S0002296,2026-03-03,CARD,510,SUCCESS
TXN0001687,S0002298,2026-03-03,CARD,18,SUCCESS
TXN0001688,S0002299,2026-03-03,CASH,90,SUCCESS
TXN0001689,S0002300,2026-03-03,CASH,10,SUCCESS
TXN0001690,S0002302,2026-03-03,UPI,510,SUCCESS
TXN0001691,S0002307,2026-03-03,CASH,76,SUCCESS
TXN0001692,S0002308,2026-03-03,CASH,580,SUCCESS
TXN0001693,S0002309,2026-03-03,CASH,18,SUCCESS
TXN0001694,S0002310,2026-03-03,CARD,90,SUCCESS
TXN0001695,S0002311,2026-03-03,CASH,67,SUCCESS
TXN0001696,S0002312,2026-03-03,CASH,216,SUCCESS
TXN0001697,S0002314,2026-03-03,CARD,420,SUCCESS
TXN0001698,S0002315,2026-03-03,UPI,1550,SUCCESS
TXN0001699,S0002316,2026-03-03,UPI,35,SUCCESS
TXN0001700,S0002317,2026-03-03,UPI,30,SUCCESS
TXN0001701,S0002319,2026-03-03,UPI,66,SUCCESS
TXN0001702,S0002321,2026-03-03,CASH,20,SUCCESS
TXN0001703,S0002322,2026-03-03,CARD,100,SUCCESS
TXN0001704,S0002323,2026-03-04,UPI,15,SUCCESS
TXN0001705,S0002324,2026-03-04,UPI,93,SUCCESS
TXN0001706,S0002325,2026-03-04,CASH,70,SUCCESS
TXN0001707,S0002326,2026-03-04,CASH,70,SUCCESS
TXN0001708,S0002328,2026-03-04,CASH,52,SUCCESS
TXN0001709,S0002330,2026-03-04,CARD,22,SUCCESS
TXN0001710,S0002331,2026-03-04,CARD,309,SUCCESS
TXN0001711,S0002332,2026-03-04,CARD,315,SUCCESS
TXN0001712,S0002335,2026-03-04,CARD,145,SUCCESS
TXN0001713,S0002337,2026-03-04,CARD,620,SUCCESS
TXN0001714,S0002338,2026-03-04,CASH,66,SUCCESS
TXN0001715,S0002339,2026-03-04,UPI,532,SUCCESS
TXN0001716,S0002340,2026-03-04,UPI,72,SUCCESS
TXN0001717,S0002341,2026-03-04,CASH,135,SUCCESS
TXN0001718,S0002342,2026-03-04,CASH,420,SUCCESS
TXN0001719,S0002343,2026-03-04,UPI,180,SUCCESS
TXN0001720,S0002344,2026-03-04,UPI,190,SUCCESS
TXN0001721,S0002346,2026-03-04,CARD,225,SUCCESS
TXN0001722,S0002347,2026-03-04,UPI,52,SUCCESS
TXN0001723,S0002350,2026-03-04,CARD,765,SUCCESS
TXN0001724,S0002352,2026-03-04,CARD,105,SUCCESS
TXN0001725,S0002353,2026-03-04,CASH,5,SUCCESS
TXN0001726,S0002354,2026-03-05,CARD,110,SUCCESS
TXN0001727,S0002355,2026-03-05,UPI,105,SUCCESS
TXN0001728,S0002356,2026-03-05,UPI,1550,SUCCESS
TXN0001729,S0002359,2026-03-05,CARD,32,SUCCESS
TXN0001730,S0002361,2026-03-05,CASH,18,SUCCESS
TXN0001731,S0002362,2026-03-05,UPI,310,SUCCESS
TXN0001732,S0002363,2026-03-05,UPI,150,SUCCESS
TXN0001733,S0002364,2026-03-05,CASH,330,SUCCESS
TXN0001734,S0002365,2026-03-05,CASH,90,SUCCESS
TXN0001735,S0002367,2026-03-05,UPI,156,SUCCESS
TXN0001736,S0002368,2026-03-05,CASH,435,SUCCESS
TXN0001737,S0002371,2026-03-05,CARD,288,SUCCESS
TXN0001738,S0002373,2026-03-05,UPI,255,SUCCESS
TXN0001739,S0002375,2026-03-05,CARD,35,SUCCESS
TXN0001740,S0002378,2026-03-05,UPI,90,SUCCESS
TXN0001741,S0002379,2026-03-05,UPI,43,SUCCESS
TXN0001742,S0002381,2026-03-05,CARD,435,SUCCESS
TXN0001743,S0002382,2026-03-05,UPI,165,SUCCESS
TXN0001744,S0002383,2026-03-05,CASH,25,SUCCESS
TXN0001745,S0002384,2026-03-05,CASH,675,SUCCESS
TXN0001746,S0002385,2026-03-05,CARD,160,SUCCESS
TXN0001747,S0002388,2026-03-06,CARD,105,SUCCESS
TXN0001748,S0002389,2026-03-06,CASH,125,SUCCESS
TXN0001749,S0002390,2026-03-06,UPI,50,SUCCESS
TXN0001750,S0002391,2026-03-06,CASH,105,SUCCESS
TXN0001751,S0002394,2026-03-06,UPI,18,SUCCESS
TXN0001752,S0002395,2026-03-06,CARD,930,SUCCESS
TXN0001753,S0002396,2026-03-06,CASH,235,SUCCESS
TXN0001754,S0002397,2026-03-06,UPI,90,SUCCESS
TXN0001755,S0002398,2026-03-06,CASH,60,SUCCESS
TXN0001756,S0002400,2026-03-06,CARD,50,SUCCESS
TXN0001757,S0002401,2026-03-06,CARD,245,SUCCESS
TXN0001758,S0002402,2026-03-06,UPI,84,SUCCESS
TXN0001759,S0002404,2026-03-06,UPI,56,SUCCESS
TXN0001760,S0002405,2026-03-06,UPI,135,SUCCESS
TXN0001761,S0002406,2026-03-06,UPI,190,SUCCESS
TXN0001762,S0002407,2026-03-06,CASH,20,SUCCESS
TXN0001763,S0002408,2026-03-06,CARD,208,SUCCESS
TXN0001764,S0002410,2026-03-06,CASH,44,SUCCESS
TXN0001765,S0002411,2026-03-06,CASH,60,SUCCESS
TXN0001766,S0002413,2026-03-06,UPI,35,SUCCESS
TXN0001767,S0002415,2026-03-06,CASH,15,SUCCESS
TXN0001768,S0002417,2026-03-07,CASH,94,SUCCESS
TXN0001769,S0002421,2026-03-07,CARD,80,SUCCESS
TXN0001770,S0002422,2026-03-07,UPI,620,SUCCESS
TXN0001771,S0002423,2026-03-07,UPI,40,SUCCESS
TXN0001772,S0002426,2026-03-07,CASH,250,SUCCESS
TXN0001773,S0002427,2026-03-07,CARD,216,SUCCESS
TXN0001774,S0002428,2026-03-07,CARD,45,SUCCESS
TXN0001775,S0002429,2026-03-07,CARD,27,SUCCESS
TXN0001776,S0002430,2026-03-07,CASH,600,SUCCESS
TXN0001777,S0002431,2026-03-07,CASH,50,SUCCESS
TXN0001778,S0002434,2026-03-07,UPI,110,SUCCESS
TXN0001779,S0002435,2026-03-07,CASH,285,SUCCESS
TXN0001780,S0002436,2026-03-07,CASH,88,SUCCESS
TXN0001781,S0002437,2026-03-07,CARD,153,SUCCESS
TXN0001782,S0002438,2026-03-07,CASH,270,SUCCESS
TXN0001783,S0002439,2026-03-07,CARD,310,SUCCESS
TXN0001784,S0002440,2026-03-07,CARD,85,SUCCESS
TXN0001785,S0002441,2026-03-07,UPI,32,SUCCESS
TXN0001786,S0002442,2026-03-07,CARD,32,SUCCESS
TXN0001787,S0002443,2026-03-07,CARD,80,SUCCESS
TXN0001788,S0002444,2026-03-07,UPI,145,SUCCESS
TXN0001789,S0002445,2026-03-07,UPI,114,SUCCESS
TXN0001790,S0002446,2026-03-07,CASH,152,SUCCESS
TXN0001791,S0002447,2026-03-07,CASH,104,SUCCESS
TXN0001792,S0002448,2026-03-07,CASH,200,SUCCESS
TXN0001793,S0002449,2026-03-07,CASH,145,SUCCESS
TXN0001794,S0002450,2026-03-07,CASH,260,SUCCESS
TXN0001795,S0002458,2026-03-07,CASH,32,SUCCESS
TXN0001796,S0002460,2026-03-07,UPI,100,SUCCESS
TXN0001797,S0002462,2026-03-07,CARD,750,SUCCESS
TXN0001798,S0002464,2026-03-08,CARD,145,SUCCESS
TXN0001799,S0002465,2026-03-08,UPI,759,SUCCESS
TXN0001800,S0002466,2026-03-08,CARD,104,SUCCESS
TXN0001801,S0002467,2026-03-08,CASH,18,SUCCESS
TXN0001802,S0002469,2026-03-08,CARD,1275,SUCCESS
TXN0001803,S0002471,2026-03-08,CARD,620,SUCCESS
TXN0001804,S0002475,2026-03-08,CASH,22,SUCCESS
TXN0001805,S0002477,2026-03-08,CASH,99,SUCCESS
TXN0001806,S0002481,2026-03-08,UPI,32,SUCCESS
TXN0001807,S0002482,2026-03-08,CARD,40,SUCCESS
TXN0001808,S0002483,2026-03-08,UPI,180,SUCCESS
TXN0001809,S0002484,2026-03-08,UPI,432,SUCCESS
TXN0001810,S0002486,2026-03-08,CASH,180,SUCCESS
TXN0001811,S0002487,2026-03-08,CASH,620,SUCCESS
TXN0001812,S0002489,2026-03-08,CARD,145,SUCCESS
TXN0001813,S0002491,2026-03-08,CASH,930,SUCCESS
TXN0001814,S0002492,2026-03-08,CARD,45,SUCCESS
TXN0001815,S0002493,2026-03-08,UPI,70,SUCCESS
TXN0001816,S0002494,2026-03-08,CARD,143,SUCCESS
TXN0001817,S0002495,2026-03-08,UPI,156,SUCCESS
TXN0001818,S0002496,2026-03-08,CASH,52,SUCCESS
TXN0001819,S0002497,2026-03-08,CASH,1012,SUCCESS
TXN0001820,S0002498,2026-03-08,CARD,305,SUCCESS
TXN0001821,S0002499,2026-03-08,CASH,35,SUCCESS
TXN0001822,S0002501,2026-03-08,CASH,145,SUCCESS
TXN0001823,S0002504,2026-03-08,CARD,435,SUCCESS
TXN0001824,S0002505,2026-03-08,UPI,36,SUCCESS
TXN0001825,S0002506,2026-03-08,CASH,135,SUCCESS
TXN0001826,S0002507,2026-03-08,UPI,310,SUCCESS
TXN0001827,S0002508,2026-03-09,CASH,85,SUCCESS
TXN0001828,S0002510,2026-03-09,CASH,290,SUCCESS
TXN0001829,S0002511,2026-03-09,CASH,52,SUCCESS
TXN0001830,S0002514,2026-03-09,CASH,100,SUCCESS
TXN0001831,S0002517,2026-03-09,CASH,126,SUCCESS
TXN0001832,S0002518,2026-03-09,CARD,186,SUCCESS
TXN0001833,S0002519,2026-03-09,UPI,510,SUCCESS
TXN0001834,S0002520,2026-03-09,UPI,108,SUCCESS
TXN0001835,S0002521,2026-03-09,CARD,47,SUCCESS
TXN0001836,S0002522,2026-03-09,CARD,45,SUCCESS
TXN0001837,S0002523,2026-03-09,CARD,315,SUCCESS
TXN0001838,S0002524,2026-03-09,CASH,150,SUCCESS
TXN0001839,S0002525,2026-03-09,CASH,105,SUCCESS
TXN0001840,S0002526,2026-03-09,UPI,36,SUCCESS
TXN0001841,S0002527,2026-03-09,UPI,50,SUCCESS
TXN0001842,S0002528,2026-03-09,UPI,50,SUCCESS
TXN0001843,S0002530,2026-03-09,UPI,46,SUCCESS
TXN0001844,S0002533,2026-03-09,CASH,50,SUCCESS
TXN0001845,S0002535,2026-03-09,UPI,104,SUCCESS
TXN0001846,S0002536,2026-03-09,CARD,540,SUCCESS
TXN0001847,S0002537,2026-03-09,CASH,400,SUCCESS
TXN0001848,S0002538,2026-03-09,CARD,145,SUCCESS
TXN0001849,S0002541,2026-03-10,CASH,45,SUCCESS
TXN0001850,S0002544,2026-03-10,CASH,23,SUCCESS
TXN0001851,S0002545,2026-03-10,UPI,153,SUCCESS
TXN0001852,S0002546,2026-03-10,CASH,104,SUCCESS
TXN0001853,S0002547,2026-03-10,CARD,255,SUCCESS
TXN0001854,S0002548,2026-03-10,UPI,200,SUCCESS
TXN0001855,S0002549,2026-03-10,CARD,45,SUCCESS
TXN0001856,S0002551,2026-03-10,UPI,1550,SUCCESS
TXN0001857,S0002554,2026-03-10,UPI,270,SUCCESS
TXN0001858,S0002555,2026-03-10,CARD,160,SUCCESS
TXN0001859,S0002556,2026-03-10,CARD,43,SUCCESS
TXN0001860,S0002557,2026-03-10,CARD,310,SUCCESS
TXN0001861,S0002558,2026-03-10,UPI,153,SUCCESS
TXN0001862,S0002560,2026-03-10,CASH,155,SUCCESS
TXN0001863,S0002561,2026-03-10,UPI,30,SUCCESS
TXN0001864,S0002562,2026-03-10,UPI,930,SUCCESS
TXN0001865,S0002563,2026-03-10,CARD,124,SUCCESS
TXN0001866,S0002565,2026-03-10,UPI,285,SUCCESS
TXN0001867,S0002566,2026-03-10,CASH,26,SUCCESS
TXN0001868,S0002568,2026-03-10,UPI,280,SUCCESS
TXN0001869,S0002569,2026-03-10,UPI,155,SUCCESS
TXN0001870,S0002570,2026-03-10,UPI,35,SUCCESS
TXN0001871,S0002573,2026-03-10,UPI,310,SUCCESS
TXN0001872,S0002576,2026-03-10,UPI,85,SUCCESS
TXN0001873,S0002578,2026-03-10,CARD,48,SUCCESS
TXN0001874,S0002579,2026-03-10,UPI,50,SUCCESS
TXN0001875,S0002580,2026-03-10,CASH,72,SUCCESS
TXN0001876,S0002581,2026-03-11,UPI,290,SUCCESS
TXN0001877,S0002582,2026-03-11,CASH,124,SUCCESS
TXN0001878,S0002583,2026-03-11,CARD,72,SUCCESS
TXN0001879,S0002585,2026-03-11,UPI,75,SUCCESS
TXN0001880,S0002587,2026-03-11,CARD,170,SUCCESS
TXN0001881,S0002588,2026-03-11,CASH,32,SUCCESS
TXN0001882,S0002589,2026-03-11,CARD,52,SUCCESS
TXN0001883,S0002590,2026-03-11,CASH,18,SUCCESS
TXN0001884,S0002591,2026-03-11,UPI,510,SUCCESS
TXN0001885,S0002592,2026-03-11,CASH,45,SUCCESS
TXN0001886,S0002593,2026-03-11,UPI,30,SUCCESS
TXN0001887,S0002595,2026-03-11,CARD,270,SUCCESS
TXN0001888,S0002596,2026-03-11,CARD,210,SUCCESS
TXN0001889,S0002597,2026-03-11,UPI,180,SUCCESS
TXN0001890,S0002598,2026-03-11,UPI,28,SUCCESS
TXN0001891,S0002599,2026-03-11,UPI,675,SUCCESS
TXN0001892,S0002600,2026-03-11,CASH,30,SUCCESS
TXN0001893,S0002601,2026-03-11,CASH,180,SUCCESS
TXN0001894,S0002602,2026-03-11,CARD,780,SUCCESS
TXN0001895,S0002604,2026-03-11,CARD,90,SUCCESS
TXN0001896,S0002605,2026-03-11,UPI,620,SUCCESS
TXN0001897,S0002606,2026-03-11,CARD,95,SUCCESS
TXN0001898,S0002607,2026-03-11,CARD,76,SUCCESS
TXN0001899,S0002608,2026-03-11,CASH,510,SUCCESS
TXN0001900,S0002609,2026-03-11,CARD,18,SUCCESS
TXN0001901,S0002610,2026-03-11,CASH,64,SUCCESS
TXN0001902,S0002611,2026-03-11,CASH,150,SUCCESS
TXN0001903,S0002612,2026-03-11,CASH,25,SUCCESS
TXN0001904,S0002613,2026-03-11,UPI,90,SUCCESS
TXN0001905,S0002615,2026-03-11,CARD,475,SUCCESS
TXN0001906,S0002617,2026-03-12,CASH,150,SUCCESS
TXN0001907,S0002618,2026-03-12,CASH,42,SUCCESS
TXN0001908,S0002619,2026-03-12,CARD,190,SUCCESS
TXN0001909,S0002620,2026-03-12,CASH,39,SUCCESS
TXN0001910,S0002621,2026-03-12,CASH,245,SUCCESS
TXN0001911,S0002622,2026-03-12,CASH,190,SUCCESS
TXN0001912,S0002623,2026-03-12,CARD,30,SUCCESS
TXN0001913,S0002626,2026-03-12,CASH,309,SUCCESS
TXN0001914,S0002627,2026-03-12,CARD,180,SUCCESS
TXN0001915,S0002628,2026-03-12,CASH,133,SUCCESS
TXN0001916,S0002630,2026-03-12,CARD,50,SUCCESS
TXN0001917,S0002631,2026-03-12,UPI,360,SUCCESS
TXN0001918,S0002632,2026-03-12,CASH,110,SUCCESS
TXN0001919,S0002635,2026-03-12,CARD,72,SUCCESS
TXN0001920,S0002636,2026-03-12,CASH,92,SUCCESS
TXN0001921,S0002637,2026-03-12,CARD,465,SUCCESS
TXN0001922,S0002641,2026-03-12,CARD,84,SUCCESS
TXN0001923,S0002642,2026-03-12,CASH,50,SUCCESS
TXN0001924,S0002643,2026-03-12,UPI,38,SUCCESS
TXN0001925,S0002644,2026-03-12,UPI,52,SUCCESS
TXN0001926,S0002645,2026-03-12,UPI,25,SUCCESS
TXN0001927,S0002646,2026-03-12,CASH,620,SUCCESS
TXN0001928,S0002647,2026-03-12,CARD,90,SUCCESS
TXN0001929,S0002648,2026-03-12,CARD,25,SUCCESS
TXN0001930,S0002649,2026-03-12,CASH,315,SUCCESS
TXN0001931,S0002650,2026-03-12,CARD,45,SUCCESS
TXN0001932,S0002651,2026-03-12,CARD,300,SUCCESS
TXN0001933,S0002653,2026-03-12,UPI,248,SUCCESS
TXN0001934,S0002654,2026-03-12,CASH,650,SUCCESS
TXN0001935,S0002655,2026-03-12,CASH,70,SUCCESS
TXN0001936,S0002657,2026-03-12,CARD,66,SUCCESS
TXN0001937,S0002658,2026-03-12,CASH,155,SUCCESS
TXN0001938,S0002660,2026-03-12,UPI,110,SUCCESS
TXN0001939,S0002661,2026-03-12,CASH,104,SUCCESS
TXN0001940,S0002663,2026-03-12,CARD,75,SUCCESS
TXN0001941,S0002665,2026-03-12,CARD,48,SUCCESS
TXN0001942,S0002666,2026-03-13,UPI,72,SUCCESS
TXN0001943,S0002668,2026-03-13,UPI,35,SUCCESS
TXN0001944,S0002671,2026-03-13,CASH,150,SUCCESS
TXN0001945,S0002672,2026-03-13,CASH,280,SUCCESS
TXN0001946,S0002674,2026-03-13,UPI,620,SUCCESS
TXN0001947,S0002675,2026-03-13,CASH,70,SUCCESS
TXN0001948,S0002676,2026-03-13,UPI,39,SUCCESS
TXN0001949,S0002677,2026-03-13,UPI,38,SUCCESS
TXN0001950,S0002679,2026-03-13,CASH,140,SUCCESS
TXN0001951,S0002680,2026-03-13,UPI,475,SUCCESS
TXN0001952,S0002681,2026-03-13,CASH,100,SUCCESS
TXN0001953,S0002683,2026-03-13,CARD,69,SUCCESS
TXN0001954,S0002685,2026-03-13,CASH,50,SUCCESS
TXN0001955,S0002687,2026-03-13,CARD,80,SUCCESS
TXN0001956,S0002689,2026-03-13,UPI,72,SUCCESS
TXN0001957,S0002691,2026-03-13,CARD,47,SUCCESS
TXN0001958,S0002692,2026-03-13,CASH,33,SUCCESS
TXN0001959,S0002694,2026-03-13,CASH,190,SUCCESS
TXN0001960,S0002696,2026-03-13,CASH,50,SUCCESS
TXN0001961,S0002697,2026-03-13,CARD,60,SUCCESS
TXN0001962,S0002698,2026-03-13,CASH,315,SUCCESS
TXN0001963,S0002699,2026-03-13,UPI,135,SUCCESS
TXN0001964,S0002700,2026-03-13,UPI,104,SUCCESS
TXN0001965,S0002701,2026-03-14,CARD,80,SUCCESS
TXN0001966,S0002702,2026-03-14,CARD,180,SUCCESS
TXN0001967,S0002706,2026-03-14,UPI,110,SUCCESS
TXN0001968,S0002707,2026-03-14,CASH,25,SUCCESS
TXN0001969,S0002709,2026-03-14,UPI,135,SUCCESS
TXN0001970,S0002711,2026-03-14,CARD,104,SUCCESS
TXN0001971,S0002712,2026-03-14,UPI,25,SUCCESS
TXN0001972,S0002713,2026-03-14,CARD,300,SUCCESS
TXN0001973,S0002715,2026-03-14,UPI,25,SUCCESS
TXN0001974,S0002717,2026-03-14,UPI,52,SUCCESS
TXN0001975,S0002719,2026-03-14,UPI,150,SUCCESS
TXN0001976,S0002721,2026-03-14,UPI,253,SUCCESS
TXN0001977,S0002722,2026-03-14,CASH,50,SUCCESS
TXN0001978,S0002723,2026-03-14,UPI,156,SUCCESS
TXN0001979,S0002724,2026-03-14,UPI,1240,SUCCESS
TXN0001980,S0002725,2026-03-14,UPI,10,SUCCESS
TXN0001981,S0002726,2026-03-14,CASH,95,SUCCESS
TXN0001982,S0002728,2026-03-14,CARD,270,SUCCESS
TXN0001983,S0002729,2026-03-14,CASH,39,SUCCESS
TXN0001984,S0002731,2026-03-14,CASH,45,SUCCESS
TXN0001985,S0002732,2026-03-14,CASH,580,SUCCESS
TXN0001986,S0002733,2026-03-14,CARD,930,SUCCESS
TXN0001987,S0002735,2026-03-14,CARD,285,SUCCESS
TXN0001988,S0002736,2026-03-14,UPI,28,SUCCESS
TXN0001989,S0002737,2026-03-14,CARD,310,SUCCESS
TXN0001990,S0002738,2026-03-14,CASH,100,SUCCESS
TXN0001991,S0002739,2026-03-14,CARD,25,SUCCESS
TXN0001992,S0002740,2026-03-14,CASH,50,SUCCESS
TXN0001993,S0002741,2026-03-14,CARD,45,SUCCESS
TXN0001994,S0002742,2026-03-14,CARD,105,SUCCESS
TXN0001995,S0002744,2026-03-14,CASH,66,SUCCESS
TXN0001996,S0002745,2026-03-14,UPI,440,SUCCESS
TXN0001997,S0002746,2026-03-14,UPI,95,SUCCESS
TXN0001998,S0002748,2026-03-15,UPI,279,SUCCESS
TXN0001999,S0002749,2026-03-15,CARD,156,SUCCESS
TXN0002000,S0002750,2026-03-15,CASH,110,SUCCESS
TXN0002001,S0002752,2026-03-15,CARD,64,SUCCESS
TXN0002002,S0002753,2026-03-15,UPI,10,SUCCESS
TXN0002003,S0002754,2026-03-15,CARD,400,SUCCESS
TXN0002004,S0002755,2026-03-15,CARD,930,SUCCESS
TXN0002005,S0002756,2026-03-15,UPI,30,SUCCESS
TXN0002006,S0002757,2026-03-15,CASH,315,SUCCESS
TXN0002007,S0002758,2026-03-15,CARD,80,SUCCESS
TXN0002008,S0002759,2026-03-15,UPI,125,SUCCESS
TXN0002009,S0002760,2026-03-15,UPI,290,SUCCESS
TXN0002010,S0002761,2026-03-15,CASH,330,SUCCESS
TXN0002011,S0002762,2026-03-15,CASH,440,SUCCESS
TXN0002012,S0002763,2026-03-15,CASH,70,SUCCESS
TXN0002013,S0002765,2026-03-15,CASH,32,SUCCESS
TXN0002014,S0002767,2026-03-15,CARD,23,SUCCESS
TXN0002015,S0002768,2026-03-15,CASH,96,SUCCESS
TXN0002016,S0002775,2026-03-15,CARD,145,SUCCESS
TXN0002017,S0002776,2026-03-15,CASH,48,SUCCESS
TXN0002018,S0002777,2026-03-15,CARD,75,SUCCESS
TXN0002019,S0002780,2026-03-15,CASH,110,SUCCESS
TXN0002020,S0002781,2026-03-15,CARD,930,SUCCESS
TXN0002021,S0002784,2026-03-16,UPI,675,SUCCESS
TXN0002022,S0002785,2026-03-16,UPI,45,SUCCESS
TXN0002023,S0002786,2026-03-16,CASH,66,SUCCESS
TXN0002024,S0002787,2026-03-16,CARD,135,SUCCESS
TXN0002025,S0002788,2026-03-16,CARD,340,SUCCESS
TXN0002026,S0002790,2026-03-16,CASH,120,SUCCESS
TXN0002027,S0002791,2026-03-16,CARD,270,SUCCESS
TXN0002028,S0002792,2026-03-16,UPI,25,SUCCESS
TXN0002029,S0002793,2026-03-16,CASH,45,SUCCESS
TXN0002030,S0002794,2026-03-16,CASH,92,SUCCESS
TXN0002031,S0002795,2026-03-16,CASH,25,SUCCESS
TXN0002032,S0002796,2026-03-16,UPI,310,SUCCESS
TXN0002033,S0002798,2026-03-16,UPI,120,SUCCESS
TXN0002034,S0002800,2026-03-16,CARD,45,SUCCESS
TXN0002035,S0002803,2026-03-16,UPI,44,SUCCESS
TXN0002036,S0002804,2026-03-16,CARD,84,SUCCESS
TXN0002037,S0002805,2026-03-16,CASH,188,SUCCESS
TXN0002038,S0002806,2026-03-16,CARD,32,SUCCESS
TXN0002039,S0002809,2026-03-16,CARD,180,SUCCESS
TXN0002040,S0002810,2026-03-16,CASH,32,SUCCESS
TXN0002041,S0002811,2026-03-16,CASH,52,SUCCESS
TXN0002042,S0002812,2026-03-17,UPI,110,SUCCESS
TXN0002043,S0002813,2026-03-17,CASH,108,SUCCESS
TXN0002044,S0002814,2026-03-17,CASH,25,SUCCESS
TXN0002045,S0002816,2026-03-17,UPI,99,SUCCESS
TXN0002046,S0002817,2026-03-17,CARD,30,SUCCESS
TXN0002047,S0002818,2026-03-17,CARD,310,SUCCESS
TXN0002048,S0002819,2026-03-17,CASH,310,SUCCESS
TXN0002049,S0002820,2026-03-17,UPI,135,SUCCESS
TXN0002050,S0002821,2026-03-17,UPI,310,SUCCESS
TXN0002051,S0002822,2026-03-17,UPI,103,SUCCESS
TXN0002052,S0002823,2026-03-17,UPI,725,SUCCESS
TXN0002053,S0002824,2026-03-17,CARD,66,SUCCESS
TXN0002054,S0002825,2026-03-17,CARD,270,SUCCESS
TXN0002055,S0002826,2026-03-17,CARD,100,SUCCESS
TXN0002056,S0002827,2026-03-17,CASH,105,SUCCESS
TXN0002057,S0002829,2026-03-17,CARD,150,SUCCESS
TXN0002058,S0002831,2026-03-17,CASH,22,SUCCESS
TXN0002059,S0002832,2026-03-17,CARD,308,SUCCESS
TXN0002060,S0002833,2026-03-17,CASH,80,SUCCESS
TXN0002061,S0002835,2026-03-17,CASH,90,SUCCESS
TXN0002062,S0002836,2026-03-17,CARD,610,SUCCESS
TXN0002063,S0002837,2026-03-17,UPI,305,SUCCESS
TXN0002064,S0002840,2026-03-17,UPI,30,SUCCESS
TXN0002065,S0002842,2026-03-17,UPI,285,SUCCESS
TXN0002066,S0002843,2026-03-17,CASH,64,SUCCESS
TXN0002067,S0002844,2026-03-18,UPI,50,SUCCESS
TXN0002068,S0002845,2026-03-18,UPI,52,SUCCESS
TXN0002069,S0002848,2026-03-18,CASH,103,SUCCESS
TXN0002070,S0002849,2026-03-18,UPI,220,SUCCESS
TXN0002071,S0002850,2026-03-18,UPI,725,SUCCESS
TXN0002072,S0002852,2026-03-18,CARD,25,SUCCESS
TXN0002073,S0002853,2026-03-18,UPI,105,SUCCESS
TXN0002074,S0002855,2026-03-18,CARD,145,SUCCESS
TXN0002075,S0002856,2026-03-18,UPI,93,SUCCESS
TXN0002076,S0002859,2026-03-18,UPI,190,SUCCESS
TXN0002077,S0002860,2026-03-18,UPI,18,SUCCESS
TXN0002078,S0002861,2026-03-18,CASH,10,SUCCESS
TXN0002079,S0002862,2026-03-18,CARD,160,SUCCESS
TXN0002080,S0002864,2026-03-18,CARD,134,SUCCESS
TXN0002081,S0002865,2026-03-18,CASH,759,SUCCESS
TXN0002082,S0002866,2026-03-18,CARD,70,SUCCESS
TXN0002083,S0002867,2026-03-18,CASH,95,SUCCESS
TXN0002084,S0002869,2026-03-18,CARD,30,SUCCESS
TXN0002085,S0002871,2026-03-18,CASH,250,SUCCESS
TXN0002086,S0002872,2026-03-18,UPI,27,SUCCESS
TXN0002087,S0002873,2026-03-18,UPI,50,SUCCESS
TXN0002088,S0002876,2026-03-19,UPI,26,SUCCESS
TXN0002089,S0002877,2026-03-19,CASH,45,SUCCESS
TXN0002090,S0002878,2026-03-19,UPI,44,SUCCESS
TXN0002091,S0002880,2026-03-19,CASH,8,SUCCESS
TXN0002092,S0002881,2026-03-19,CARD,616,SUCCESS
TXN0002093,S0002882,2026-03-19,CARD,40,SUCCESS
TXN0002094,S0002883,2026-03-19,CARD,70,SUCCESS
TXN0002095,S0002884,2026-03-19,CASH,65,SUCCESS
TXN0002096,S0002886,2026-03-19,UPI,435,SUCCESS
TXN0002097,S0002887,2026-03-19,CASH,50,SUCCESS
TXN0002098,S0002889,2026-03-19,CASH,108,SUCCESS
TXN0002099,S0002890,2026-03-19,UPI,32,SUCCESS
TXN0002100,S0002891,2026-03-19,UPI,47,SUCCESS
TXN0002101,S0002892,2026-03-19,CASH,190,SUCCESS
TXN0002102,S0002893,2026-03-19,CASH,35,SUCCESS
TXN0002103,S0002895,2026-03-19,CARD,100,SUCCESS
TXN0002104,S0002897,2026-03-19,CASH,95,SUCCESS
TXN0002105,S0002898,2026-03-19,CASH,70,SUCCESS
TXN0002106,S0002899,2026-03-19,UPI,75,SUCCESS
TXN0002107,S0002902,2026-03-19,UPI,104,SUCCESS
TXN0002108,S0002903,2026-03-19,CASH,310,SUCCESS
TXN0002109,S0002905,2026-03-19,UPI,60,SUCCESS
TXN0002110,S0002907,2026-03-19,CARD,25,SUCCESS
TXN0002111,S0002908,2026-03-19,CARD,288,SUCCESS
TXN0002112,S0002909,2026-03-19,CASH,450,SUCCESS
TXN0002113,S0002910,2026-03-19,UPI,25,SUCCESS
TXN0002114,S0002912,2026-03-19,UPI,153,SUCCESS
TXN0002115,S0002913,2026-03-19,UPI,105,SUCCESS
TXN0002116,S0002914,2026-03-19,CASH,15,SUCCESS
TXN0002117,S0002915,2026-03-19,CARD,308,SUCCESS
TXN0002118,S0002916,2026-03-19,CASH,290,SUCCESS
TXN0002119,S0002917,2026-03-19,CARD,90,SUCCESS
TXN0002120,S0002918,2026-03-19,CARD,510,SUCCESS
TXN0002121,S0002920,2026-03-20,CARD,315,SUCCESS
TXN0002122,S0002921,2026-03-20,CARD,759,SUCCESS
TXN0002123,S0002922,2026-03-20,CASH,309,SUCCESS
TXN0002124,S0002923,2026-03-20,CARD,360,SUCCESS
TXN0002125,S0002924,2026-03-20,CASH,180,SUCCESS
TXN0002126,S0002925,2026-03-20,UPI,50,SUCCESS
TXN0002127,S0002926,2026-03-20,CASH,190,SUCCESS
TXN0002128,S0002927,2026-03-20,CASH,24,SUCCESS
TXN0002129,S0002928,2026-03-20,CASH,150,SUCCESS
TXN0002130,S0002929,2026-03-20,CASH,144,SUCCESS
TXN0002131,S0002930,2026-03-20,UPI,30,SUCCESS
TXN0002132,S0002934,2026-03-20,CASH,100,SUCCESS
TXN0002133,S0002935,2026-03-20,CARD,150,SUCCESS
TXN0002134,S0002936,2026-03-20,CASH,5,SUCCESS
TXN0002135,S0002937,2026-03-20,CASH,200,SUCCESS
TXN0002136,S0002938,2026-03-20,CARD,70,SUCCESS
TXN0002137,S0002939,2026-03-20,CASH,135,SUCCESS
TXN0002138,S0002940,2026-03-20,UPI,310,SUCCESS
TXN0002139,S0002941,2026-03-20,UPI,206,SUCCESS
TXN0002140,S0002942,2026-03-20,CARD,10,SUCCESS
TXN0002141,S0002943,2026-03-20,CASH,15,SUCCESS
TXN0002142,S0002944,2026-03-20,UPI,190,SUCCESS
TXN0002143,S0002945,2026-03-20,UPI,70,SUCCESS
TXN0002144,S0002946,2026-03-20,CARD,290,SUCCESS
TXN0002145,S0002948,2026-03-20,CARD,143,SUCCESS
TXN0002146,S0002949,2026-03-20,UPI,285,SUCCESS
TXN0002147,S0002952,2026-03-20,CARD,133,SUCCESS
TXN0002148,S0002953,2026-03-20,CASH,305,SUCCESS
TXN0002149,S0002955,2026-03-20,UPI,67,SUCCESS
TXN0002150,S0002956,2026-03-20,CASH,54,SUCCESS
TXN0002151,S0002960,2026-03-21,CASH,85,SUCCESS
TXN0002152,S0002961,2026-03-21,UPI,13,SUCCESS
TXN0002153,S0002962,2026-03-21,CARD,18,SUCCESS
TXN0002154,S0002963,2026-03-21,UPI,150,SUCCESS
TXN0002155,S0002964,2026-03-21,CASH,32,SUCCESS
TXN0002156,S0002965,2026-03-21,CARD,144,SUCCESS
TXN0002157,S0002966,2026-03-21,UPI,380,SUCCESS
TXN0002158,S0002967,2026-03-21,CASH,120,SUCCESS
TXN0002159,S0002968,2026-03-21,UPI,270,SUCCESS
TXN0002160,S0002969,2026-03-21,CASH,35,SUCCESS
TXN0002161,S0002971,2026-03-21,CARD,48,SUCCESS
TXN0002162,S0002972,2026-03-21,UPI,90,SUCCESS
TXN0002163,S0002973,2026-03-21,CASH,100,SUCCESS
TXN0002164,S0002974,2026-03-21,CASH,50,SUCCESS
TXN0002165,S0002976,2026-03-21,CARD,135,SUCCESS
TXN0002166,S0002977,2026-03-21,CASH,435,SUCCESS
TXN0002167,S0002978,2026-03-21,UPI,255,SUCCESS
TXN0002168,S0002979,2026-03-21,CARD,18,SUCCESS
TXN0002169,S0002981,2026-03-21,UPI,550,SUCCESS
TXN0002170,S0002984,2026-03-21,UPI,30,SUCCESS
TXN0002171,S0002985,2026-03-21,CASH,1550,SUCCESS
TXN0002172,S0002986,2026-03-21,UPI,140,SUCCESS
TXN0002173,S0002987,2026-03-21,UPI,45,SUCCESS
TXN0002174,S0002988,2026-03-21,CASH,88,SUCCESS
TXN0002175,S0002990,2026-03-21,CARD,620,SUCCESS
TXN0002176,S0002991,2026-03-21,CARD,95,SUCCESS
TXN0002177,S0002992,2026-03-21,CASH,72,SUCCESS
TXN0002178,S0002993,2026-03-21,UPI,170,SUCCESS
TXN0002179,S0002996,2026-03-21,CASH,930,SUCCESS
TXN0002180,S0002997,2026-03-21,UPI,290,SUCCESS
TXN0002181,S0002998,2026-03-21,CARD,104,SUCCESS
TXN0002182,S0002999,2026-03-21,CASH,255,SUCCESS
TXN0002183,S0003000,2026-03-21,UPI,260,SUCCESS
TXN0002184,S0003002,2026-03-21,CARD,200,SUCCESS
TXN0002185,S0003004,2026-03-21,UPI,52,SUCCESS
TXN0002186,S0003005,2026-03-21,UPI,52,SUCCESS
TXN0002187,S0003006,2026-03-21,CARD,105,SUCCESS
TXN0002188,S0003007,2026-03-21,UPI,129,SUCCESS
TXN0002189,S0003008,2026-03-21,CARD,135,SUCCESS
TXN0002190,S0003010,2026-03-22,CASH,93,SUCCESS
TXN0002191,S0003011,2026-03-22,UPI,95,SUCCESS
TXN0002192,S0003013,2026-03-22,UPI,110,SUCCESS
TXN0002193,S0003014,2026-03-22,CASH,45,SUCCESS
TXN0002194,S0003015,2026-03-22,CASH,100,SUCCESS
TXN0002195,S0003017,2026-03-22,CASH,510,SUCCESS
TXN0002196,S0003018,2026-03-22,CASH,90,SUCCESS
TXN0002197,S0003020,2026-03-22,CASH,43,SUCCESS
TXN0002198,S0003022,2026-03-22,UPI,253,SUCCESS
TXN0002199,S0003023,2026-03-22,CARD,18,SUCCESS
TXN0002200,S0003025,2026-03-22,UPI,190,SUCCESS
TXN0002201,S0003026,2026-03-22,UPI,50,SUCCESS
TXN0002202,S0003027,2026-03-22,CASH,100,SUCCESS
TXN0002203,S0003028,2026-03-22,UPI,36,SUCCESS
TXN0002204,S0003030,2026-03-22,UPI,104,SUCCESS
TXN0002205,S0003031,2026-03-22,CASH,420,SUCCESS
TXN0002206,S0003032,2026-03-22,CARD,15,SUCCESS
TXN0002207,S0003033,2026-03-22,CARD,44,SUCCESS
TXN0002208,S0003034,2026-03-22,CASH,90,SUCCESS
TXN0002209,S0003035,2026-03-22,UPI,288,SUCCESS
TXN0002210,S0003036,2026-03-22,UPI,94,SUCCESS
TXN0002211,S0003037,2026-03-22,CASH,506,SUCCESS
TXN0002212,S0003038,2026-03-22,UPI,105,SUCCESS
TXN0002213,S0003039,2026-03-22,CARD,306,SUCCESS
TXN0002214,S0003040,2026-03-22,CASH,13,SUCCESS
TXN0002215,S0003041,2026-03-22,UPI,90,SUCCESS
TXN0002216,S0003042,2026-03-22,CARD,52,SUCCESS
TXN0002217,S0003043,2026-03-22,CARD,190,SUCCESS
TXN0002218,S0003044,2026-03-22,UPI,33,SUCCESS
TXN0002219,S0003046,2026-03-22,UPI,352,SUCCESS
TXN0002220,S0003047,2026-03-22,CASH,23,SUCCESS
TXN0002221,S0003048,2026-03-22,UPI,36,SUCCESS
TXN0002222,S0003050,2026-03-23,UPI,130,SUCCESS
TXN0002223,S0003053,2026-03-23,CASH,100,SUCCESS
TXN0002224,S0003054,2026-03-23,CASH,620,SUCCESS
TXN0002225,S0003056,2026-03-23,CARD,85,SUCCESS
TXN0002226,S0003057,2026-03-23,CARD,24,SUCCESS
TXN0002227,S0003058,2026-03-23,UPI,100,SUCCESS
TXN0002228,S0003059,2026-03-23,CASH,75,SUCCESS
TXN0002229,S0003060,2026-03-23,CASH,54,SUCCESS
TXN0002230,S0003061,2026-03-23,UPI,100,SUCCESS
TXN0002231,S0003062,2026-03-23,CASH,40,SUCCESS
TXN0002232,S0003063,2026-03-23,CARD,95,SUCCESS
TXN0002233,S0003064,2026-03-23,CARD,84,SUCCESS
TXN0002234,S0003065,2026-03-23,CARD,300,SUCCESS
TXN0002235,S0003066,2026-03-23,CARD,32,SUCCESS
TXN0002236,S0003067,2026-03-23,UPI,60,SUCCESS
TXN0002237,S0003068,2026-03-23,CARD,208,SUCCESS
TXN0002238,S0003069,2026-03-23,UPI,50,SUCCESS
TXN0002239,S0003071,2026-03-23,CASH,30,SUCCESS
TXN0002240,S0003072,2026-03-23,CARD,114,SUCCESS
TXN0002241,S0003077,2026-03-23,CASH,15,SUCCESS
TXN0002242,S0003078,2026-03-23,CASH,216,SUCCESS
TXN0002243,S0003079,2026-03-23,CARD,150,SUCCESS
TXN0002244,S0003081,2026-03-23,UPI,206,SUCCESS
TXN0002245,S0003082,2026-03-23,CASH,52,SUCCESS
TXN0002246,S0003083,2026-03-24,UPI,66,SUCCESS
TXN0002247,S0003084,2026-03-24,UPI,180,SUCCESS
TXN0002248,S0003086,2026-03-24,UPI,310,SUCCESS
TXN0002249,S0003087,2026-03-24,CASH,30,SUCCESS
TXN0002250,S0003088,2026-03-24,UPI,155,SUCCESS
TXN0002251,S0003089,2026-03-24,CARD,300,SUCCESS
TXN0002252,S0003090,2026-03-24,CASH,50,SUCCESS
TXN0002253,S0003093,2026-03-24,CARD,156,SUCCESS
TXN0002254,S0003094,2026-03-24,UPI,56,SUCCESS
TXN0002255,S0003095,2026-03-24,CARD,765,SUCCESS
TXN0002256,S0003097,2026-03-24,CASH,52,SUCCESS
TXN0002257,S0003099,2026-03-24,CARD,104,SUCCESS
TXN0002258,S0003100,2026-03-24,UPI,90,SUCCESS
TXN0002259,S0003101,2026-03-24,CASH,405,SUCCESS
TXN0002260,S0003102,2026-03-24,UPI,435,SUCCESS
TXN0002261,S0003103,2026-03-24,CARD,100,SUCCESS
TXN0002262,S0003104,2026-03-24,CASH,155,SUCCESS
TXN0002263,S0003105,2026-03-24,CARD,75,SUCCESS
TXN0002264,S0003107,2026-03-24,CARD,141,SUCCESS
TXN0002265,S0003108,2026-03-24,CARD,120,SUCCESS
TXN0002266,S0003110,2026-03-24,CARD,210,SUCCESS
TXN0002267,S0003111,2026-03-24,UPI,40,SUCCESS
TXN0002268,S0003112,2026-03-24,CASH,84,SUCCESS
TXN0002269,S0003116,2026-03-25,UPI,64,SUCCESS
TXN0002270,S0003119,2026-03-25,CARD,260,SUCCESS
TXN0002271,S0003120,2026-03-25,CASH,42,SUCCESS
TXN0002272,S0003122,2026-03-25,CASH,279,SUCCESS
TXN0002273,S0003124,2026-03-25,CASH,88,SUCCESS
TXN0002274,S0003125,2026-03-25,CARD,50,SUCCESS
TXN0002275,S0003126,2026-03-25,UPI,310,SUCCESS
TXN0002276,S0003127,2026-03-25,CASH,50,SUCCESS
TXN0002277,S0003128,2026-03-25,CARD,290,SUCCESS
TXN0002278,S0003129,2026-03-25,CASH,168,SUCCESS
TXN0002279,S0003131,2026-03-25,CASH,95,SUCCESS
TXN0002280,S0003132,2026-03-25,UPI,250,SUCCESS
TXN0002281,S0003135,2026-03-25,UPI,156,SUCCESS
TXN0002282,S0003137,2026-03-25,UPI,120,SUCCESS
TXN0002283,S0003138,2026-03-25,UPI,52,SUCCESS
TXN0002284,S0003141,2026-03-25,CARD,160,SUCCESS
TXN0002285,S0003142,2026-03-25,CARD,270,SUCCESS
TXN0002286,S0003143,2026-03-25,UPI,28,SUCCESS
TXN0002287,S0003144,2026-03-25,UPI,18,SUCCESS
TXN0002288,S0003145,2026-03-25,CASH,30,SUCCESS
TXN0002289,S0003148,2026-03-25,CARD,180,SUCCESS
TXN0002290,S0003149,2026-03-25,CASH,70,SUCCESS
TXN0002291,S0003150,2026-03-25,UPI,90,SUCCESS
TXN0002292,S0003151,2026-03-25,CASH,270,SUCCESS
TXN0002293,S0003152,2026-03-25,CASH,99,SUCCESS
TXN0002294,S0003153,2026-03-25,UPI,105,SUCCESS
TXN0002295,S0003154,2026-03-25,CARD,50,SUCCESS
TXN0002296,S0003156,2026-03-26,CARD,50,SUCCESS
TXN0002297,S0003157,2026-03-26,CARD,30,SUCCESS
TXN0002298,S0003158,2026-03-26,CARD,145,SUCCESS
TXN0002299,S0003159,2026-03-26,CARD,40,SUCCESS
TXN0002300,S0003160,2026-03-26,CASH,1240,SUCCESS
TXN0002301,S0003161,2026-03-26,CASH,95,SUCCESS
TXN0002302,S0003162,2026-03-26,CARD,100,SUCCESS
TXN0002303,S0003163,2026-03-26,UPI,108,SUCCESS
TXN0002304,S0003164,2026-03-26,UPI,190,SUCCESS
TXN0002305,S0003165,2026-03-26,UPI,62,SUCCESS
TXN0002306,S0003166,2026-03-26,CARD,1020,SUCCESS
TXN0002307,S0003167,2026-03-26,CARD,1240,SUCCESS
TXN0002308,S0003168,2026-03-26,CARD,33,SUCCESS
TXN0002309,S0003169,2026-03-26,CASH,120,SUCCESS
TXN0002310,S0003170,2026-03-26,CARD,270,SUCCESS
TXN0002311,S0003171,2026-03-26,UPI,120,SUCCESS
TXN0002312,S0003172,2026-03-26,CASH,320,SUCCESS
TXN0002313,S0003174,2026-03-26,UPI,266,SUCCESS
TXN0002314,S0003176,2026-03-26,CASH,150,SUCCESS
TXN0002315,S0003177,2026-03-26,CASH,600,SUCCESS
TXN0002316,S0003178,2026-03-26,CARD,50,SUCCESS
TXN0002317,S0003179,2026-03-26,CARD,84,SUCCESS
TXN0002318,S0003182,2026-03-26,UPI,570,SUCCESS
TXN0002319,S0003184,2026-03-26,CASH,135,SUCCESS
TXN0002320,S0003185,2026-03-26,UPI,16,SUCCESS
TXN0002321,S0003186,2026-03-26,CARD,135,SUCCESS
TXN0002322,S0003187,2026-03-26,UPI,25,SUCCESS
TXN0002323,S0003188,2026-03-26,CARD,23,SUCCESS
TXN0002324,S0003192,2026-03-26,CARD,510,SUCCESS
TXN0002325,S0003193,2026-03-26,CASH,35,SUCCESS
TXN0002326,S0003194,2026-03-26,CARD,38,SUCCESS
TXN0002327,S0003196,2026-03-27,UPI,90,SUCCESS
TXN0002328,S0003197,2026-03-27,CASH,115,SUCCESS
TXN0002329,S0003198,2026-03-27,UPI,80,SUCCESS
TXN0002330,S0003199,2026-03-27,CARD,84,SUCCESS
TXN0002331,S0003204,2026-03-27,UPI,870,SUCCESS
TXN0002332,S0003205,2026-03-27,CASH,75,SUCCESS
TXN0002333,S0003206,2026-03-27,CARD,70,SUCCESS
TXN0002334,S0003207,2026-03-27,CASH,39,SUCCESS
TXN0002335,S0003208,2026-03-27,UPI,45,SUCCESS
TXN0002336,S0003209,2026-03-27,CASH,25,SUCCESS
TXN0002337,S0003210,2026-03-27,CASH,270,SUCCESS
TXN0002338,S0003213,2026-03-27,CASH,135,SUCCESS
TXN0002339,S0003215,2026-03-27,CASH,25,SUCCESS
TXN0002340,S0003216,2026-03-27,CARD,930,SUCCESS
TXN0002341,S0003218,2026-03-27,CARD,86,SUCCESS
TXN0002342,S0003219,2026-03-27,UPI,45,SUCCESS
TXN0002343,S0003220,2026-03-27,CARD,135,SUCCESS
TXN0002344,S0003222,2026-03-27,CASH,135,SUCCESS
TXN0002345,S0003224,2026-03-27,CASH,616,SUCCESS
TXN0002346,S0003225,2026-03-27,CASH,300,SUCCESS
TXN0002347,S0003226,2026-03-27,CARD,10,SUCCESS
TXN0002348,S0003228,2026-03-27,CARD,52,SUCCESS
TXN0002349,S0003230,2026-03-27,UPI,46,SUCCESS
TXN0002350,S0003231,2026-03-27,CASH,56,SUCCESS
TXN0002351,S0003232,2026-03-27,UPI,60,SUCCESS
TXN0002352,S0003233,2026-03-27,CASH,255,SUCCESS
TXN0002353,S0003234,2026-03-27,CASH,40,SUCCESS
TXN0002354,S0003235,2026-03-28,CARD,50,SUCCESS
TXN0002355,S0003236,2026-03-28,UPI,330,SUCCESS
TXN0002356,S0003237,2026-03-28,UPI,84,SUCCESS
TXN0002357,S0003238,2026-03-28,UPI,36,SUCCESS
TXN0002358,S0003240,2026-03-28,CARD,45,SUCCESS
TXN0002359,S0003241,2026-03-28,CARD,95,SUCCESS
TXN0002360,S0003243,2026-03-28,CASH,104,SUCCESS
TXN0002361,S0003244,2026-03-28,CARD,190,SUCCESS
TXN0002362,S0003246,2026-03-28,UPI,90,SUCCESS
TXN0002363,S0003247,2026-03-28,UPI,725,SUCCESS
TXN0002364,S0003249,2026-03-28,UPI,290,SUCCESS
TXN0002365,S0003250,2026-03-28,UPI,30,SUCCESS
TXN0002366,S0003253,2026-03-28,CASH,95,SUCCESS
TXN0002367,S0003256,2026-03-28,CASH,620,SUCCESS
TXN0002368,S0003257,2026-03-28,CARD,90,SUCCESS
TXN0002369,S0003260,2026-03-28,CASH,510,SUCCESS
TXN0002370,S0003261,2026-03-28,CARD,42,SUCCESS
TXN0002371,S0003263,2026-03-28,CASH,372,SUCCESS
TXN0002372,S0003264,2026-03-28,UPI,180,SUCCESS
TXN0002373,S0003266,2026-03-28,CARD,32,SUCCESS
TXN0002374,S0003267,2026-03-28,CASH,360,SUCCESS
TXN0002375,S0003268,2026-03-28,CASH,560,SUCCESS
TXN0002376,S0003270,2026-03-28,CASH,90,SUCCESS
TXN0002377,S0003271,2026-03-28,UPI,15,SUCCESS
TXN0002378,S0003272,2026-03-28,CASH,930,SUCCESS
TXN0002379,S0003273,2026-03-28,UPI,1848,SUCCESS
TXN0002380,S0003274,2026-03-28,CASH,72,SUCCESS
TXN0002381,S0003275,2026-03-28,CARD,132,SUCCESS
TXN0002382,S0003276,2026-03-28,CASH,50,SUCCESS
TXN0002383,S0003277,2026-03-29,CASH,18,SUCCESS
TXN0002384,S0003279,2026-03-29,CARD,120,SUCCESS
TXN0002385,S0003280,2026-03-29,UPI,465,SUCCESS
TXN0002386,S0003281,2026-03-29,UPI,112,SUCCESS
TXN0002387,S0003282,2026-03-29,UPI,725,SUCCESS
TXN0002388,S0003283,2026-03-29,CARD,145,SUCCESS
TXN0002389,S0003286,2026-03-29,UPI,145,SUCCESS
TXN0002390,S0003287,2026-03-29,UPI,45,SUCCESS
TXN0002391,S0003290,2026-03-29,UPI,25,SUCCESS
TXN0002392,S0003291,2026-03-29,UPI,20,SUCCESS
TXN0002393,S0003293,2026-03-29,UPI,288,SUCCESS
TXN0002394,S0003294,2026-03-29,CARD,69,SUCCESS
TXN0002395,S0003295,2026-03-29,UPI,725,SUCCESS
TXN0002396,S0003296,2026-03-29,CASH,190,SUCCESS
TXN0002397,S0003297,2026-03-29,UPI,100,SUCCESS
TXN0002398,S0003298,2026-03-29,CASH,330,SUCCESS
TXN0002399,S0003299,2026-03-29,CASH,95,SUCCESS
TXN0002400,S0003300,2026-03-29,CASH,25,SUCCESS
TXN0002401,S0003301,2026-03-29,CARD,155,SUCCESS
TXN0002402,S0003303,2026-03-29,CASH,43,SUCCESS
TXN0002403,S0003304,2026-03-29,CARD,25,SUCCESS
TXN0002404,S0003305,2026-03-29,CARD,70,SUCCESS
TXN0002405,S0003307,2026-03-29,CARD,45,SUCCESS
TXN0002406,S0003309,2026-03-29,CARD,45,SUCCESS
TXN0002407,S0003310,2026-03-29,UPI,47,SUCCESS
TXN0002408,S0003311,2026-03-29,UPI,152,SUCCESS
TXN0002409,S0003313,2026-03-29,CARD,16,SUCCESS
TXN0002410,S0003314,2026-03-29,CASH,70,SUCCESS
TXN0002411,S0003315,2026-03-29,CASH,15,SUCCESS
TXN0002412,S0003316,2026-03-29,CASH,104,SUCCESS
TXN0002413,S0003317,2026-03-29,CASH,315,SUCCESS
TXN0002414,S0003318,2026-03-29,CARD,15,SUCCESS
TXN0002415,S0003319,2026-03-29,CARD,100,SUCCESS
TXN0002416,S0003320,2026-03-29,CARD,220,SUCCESS
TXN0002417,S0003322,2026-03-29,CASH,32,SUCCESS
TXN0002418,S0003323,2026-03-29,UPI,143,SUCCESS
TXN0002419,S0003325,2026-03-30,CASH,5,SUCCESS
TXN0002420,S0003328,2026-03-30,CASH,145,SUCCESS
TXN0002421,S0003330,2026-03-30,CARD,279,SUCCESS
TXN0002422,S0003331,2026-03-30,UPI,610,SUCCESS
TXN0002423,S0003333,2026-03-30,UPI,759,SUCCESS
TXN0002424,S0003334,2026-03-30,UPI,40,SUCCESS
TXN0002425,S0003336,2026-03-30,CARD,44,SUCCESS
TXN0002426,S0003337,2026-03-30,CARD,208,SUCCESS
TXN0002427,S0003340,2026-03-30,CARD,30,SUCCESS
TXN0002428,S0003341,2026-03-30,CASH,50,SUCCESS
TXN0002429,S0003342,2026-03-30,CASH,490,SUCCESS
TXN0002430,S0003344,2026-03-30,CASH,190,SUCCESS
TXN0002431,S0003345,2026-03-30,UPI,44,SUCCESS
TXN0002432,S0003346,2026-03-30,CARD,120,SUCCESS
TXN0002433,S0003347,2026-03-30,CARD,255,SUCCESS
TXN0002434,S0003349,2026-03-30,CASH,20,SUCCESS
TXN0002435,S0003350,2026-03-31,CASH,216,SUCCESS
TXN0002436,S0003352,2026-03-31,UPI,30,SUCCESS
TXN0002437,S0003354,2026-03-31,CARD,105,SUCCESS
TXN0002438,S0003355,2026-03-31,UPI,64,SUCCESS
TXN0002439,S0003356,2026-03-31,UPI,30,SUCCESS
TXN0002440,S0003357,2026-03-31,CASH,100,SUCCESS
TXN0002441,S0003358,2026-03-31,CASH,200,SUCCESS
TXN0002442,S0003360,2026-03-31,CASH,510,SUCCESS
TXN0002443,S0003361,2026-03-31,CASH,28,SUCCESS
TXN0002444,S0003362,2026-03-31,CASH,270,SUCCESS
TXN0002445,S0003363,2026-03-31,CARD,62,SUCCESS
TXN0002446,S0003364,2026-03-31,CASH,26,SUCCESS
TXN0002447,S0003365,2026-03-31,CASH,90,SUCCESS
TXN0002448,S0003369,2026-03-31,UPI,60,SUCCESS
TXN0002449,S0003370,2026-03-31,UPI,52,SUCCESS
TXN0002450,S0003371,2026-03-31,UPI,160,SUCCESS
TXN0002451,S0003372,2026-03-31,UPI,190,SUCCESS
TXN0002452,S0003374,2026-03-31,UPI,52,SUCCESS
TXN0002453,S0003375,2026-03-31,CASH,52,SUCCESS
TXN0002454,S0003376,2026-03-31,CARD,99,SUCCESS
TXN0002455,S0003377,2026-03-31,CARD,255,SUCCESS
TXN0002456,S0003379,2026-03-31,CARD,64,SUCCESS
TXN0002457,S0003380,2026-03-31,CARD,440,SUCCESS
TXN0002458,S0003382,2026-04-01,CASH,140,SUCCESS
TXN0002459,S0003383,2026-04-01,UPI,145,SUCCESS
TXN0002460,S0003384,2026-04-01,CASH,1012,SUCCESS
TXN0002461,S0003385,2026-04-01,CARD,153,SUCCESS
TXN0002462,S0003387,2026-04-01,CASH,35,SUCCESS
TXN0002463,S0003388,2026-04-01,CARD,88,SUCCESS
TXN0002464,S0003389,2026-04-01,CASH,405,SUCCESS
TXN0002465,S0003390,2026-04-01,CARD,94,SUCCESS
TXN0002466,S0003391,2026-04-01,CASH,96,SUCCESS
TXN0002467,S0003393,2026-04-01,CASH,64,SUCCESS
TXN0002468,S0003394,2026-04-01,UPI,25,SUCCESS
TXN0002469,S0003397,2026-04-01,CASH,225,SUCCESS
TXN0002470,S0003398,2026-04-01,UPI,25,SUCCESS
TXN0002471,S0003399,2026-04-01,UPI,50,SUCCESS
TXN0002472,S0003401,2026-04-01,UPI,145,SUCCESS
TXN0002473,S0003402,2026-04-01,CASH,268,SUCCESS
TXN0002474,S0003403,2026-04-01,CASH,176,SUCCESS
TXN0002475,S0003404,2026-04-01,CARD,290,SUCCESS
TXN0002476,S0003405,2026-04-01,CARD,114,SUCCESS
TXN0002477,S0003407,2026-04-01,UPI,50,SUCCESS
TXN0002478,S0003408,2026-04-01,CARD,104,SUCCESS
TXN0002479,S0003410,2026-04-01,UPI,870,SUCCESS
TXN0002480,S0003411,2026-04-02,CASH,156,SUCCESS
TXN0002481,S0003414,2026-04-02,UPI,52,SUCCESS
TXN0002482,S0003415,2026-04-02,UPI,110,SUCCESS
TXN0002483,S0003417,2026-04-02,CARD,180,SUCCESS
TXN0002484,S0003419,2026-04-02,UPI,50,SUCCESS
TXN0002485,S0003420,2026-04-02,CARD,140,SUCCESS
TXN0002486,S0003422,2026-04-02,CARD,62,SUCCESS
TXN0002487,S0003424,2026-04-02,CASH,210,SUCCESS
TXN0002488,S0003425,2026-04-02,CASH,270,SUCCESS
TXN0002489,S0003426,2026-04-02,UPI,18,SUCCESS
TXN0002490,S0003427,2026-04-02,UPI,18,SUCCESS
TXN0002491,S0003428,2026-04-02,UPI,220,SUCCESS
TXN0002492,S0003429,2026-04-02,UPI,255,SUCCESS
TXN0002493,S0003430,2026-04-02,UPI,45,SUCCESS
TXN0002494,S0003431,2026-04-02,CARD,765,SUCCESS
TXN0002495,S0003432,2026-04-02,CASH,8,SUCCESS
TXN0002496,S0003433,2026-04-02,CASH,300,SUCCESS
TXN0002497,S0003434,2026-04-02,UPI,32,SUCCESS
TXN0002498,S0003437,2026-04-02,UPI,135,SUCCESS
TXN0002499,S0003438,2026-04-02,CARD,25,SUCCESS
TXN0002500,S0003439,2026-04-02,CARD,69,SUCCESS
TXN0002501,S0003440,2026-04-02,CASH,72,SUCCESS
TXN0002502,S0003441,2026-04-02,CASH,75,SUCCESS
TXN0002503,S0003442,2026-04-02,CARD,18,SUCCESS
TXN0002504,S0003443,2026-04-02,CASH,134,SUCCESS
TXN0002505,S0003446,2026-04-02,CARD,50,SUCCESS
TXN0002506,S0003448,2026-04-02,UPI,45,SUCCESS
TXN0002507,S0003450,2026-04-02,CARD,290,SUCCESS
TXN0002508,S0003451,2026-04-03,CARD,93,SUCCESS
TXN0002509,S0003452,2026-04-03,CARD,50,SUCCESS
TXN0002510,S0003454,2026-04-03,UPI,104,SUCCESS
TXN0002511,S0003456,2026-04-03,CARD,255,SUCCESS
TXN0002512,S0003457,2026-04-03,UPI,60,SUCCESS
TXN0002513,S0003458,2026-04-03,CARD,32,SUCCESS
TXN0002514,S0003459,2026-04-03,UPI,255,SUCCESS
TXN0002515,S0003460,2026-04-03,CASH,200,SUCCESS
TXN0002516,S0003461,2026-04-03,CASH,450,SUCCESS
TXN0002517,S0003462,2026-04-03,CASH,360,SUCCESS
TXN0002518,S0003463,2026-04-03,UPI,39,SUCCESS
TXN0002519,S0003464,2026-04-03,CASH,133,SUCCESS
TXN0002520,S0003465,2026-04-03,CASH,145,SUCCESS
TXN0002521,S0003466,2026-04-03,UPI,250,SUCCESS
TXN0002522,S0003469,2026-04-03,UPI,85,SUCCESS
TXN0002523,S0003470,2026-04-03,CASH,36,SUCCESS
TXN0002524,S0003471,2026-04-03,CARD,510,SUCCESS
TXN0002525,S0003472,2026-04-03,UPI,45,SUCCESS
TXN0002526,S0003473,2026-04-03,UPI,45,SUCCESS
TXN0002527,S0003474,2026-04-03,CASH,25,SUCCESS
TXN0002528,S0003475,2026-04-03,CASH,46,SUCCESS
TXN0002529,S0003476,2026-04-03,CARD,135,SUCCESS
TXN0002530,S0003479,2026-04-03,UPI,150,SUCCESS
TXN0002531,S0003482,2026-04-03,UPI,715,SUCCESS
TXN0002532,S0003485,2026-04-03,UPI,32,SUCCESS
TXN0002533,S0003486,2026-04-03,CASH,50,SUCCESS
TXN0002534,S0003488,2026-04-03,CASH,450,SUCCESS
TXN0002535,S0003489,2026-04-03,CARD,94,SUCCESS
TXN0002536,S0003490,2026-04-03,CASH,66,SUCCESS
TXN0002537,S0003491,2026-04-04,CARD,30,SUCCESS
TXN0002538,S0003493,2026-04-04,CASH,105,SUCCESS
TXN0002539,S0003494,2026-04-04,CARD,134,SUCCESS
TXN0002540,S0003495,2026-04-04,CARD,188,SUCCESS
TXN0002541,S0003497,2026-04-04,CASH,465,SUCCESS
TXN0002542,S0003498,2026-04-04,UPI,95,SUCCESS
TXN0002543,S0003499,2026-04-04,CARD,130,SUCCESS
TXN0002544,S0003500,2026-04-04,CASH,85,SUCCESS
TXN0002545,S0003502,2026-04-04,CARD,45,SUCCESS
TXN0002546,S0003503,2026-04-04,UPI,145,SUCCESS
TXN0002547,S0003504,2026-04-04,UPI,112,SUCCESS
TXN0002548,S0003506,2026-04-04,CASH,140,SUCCESS
TXN0002549,S0003508,2026-04-04,CASH,210,SUCCESS
TXN0002550,S0003509,2026-04-04,CASH,32,SUCCESS
TXN0002551,S0003510,2026-04-04,UPI,153,SUCCESS
TXN0002552,S0003511,2026-04-04,CASH,110,SUCCESS
TXN0002553,S0003513,2026-04-04,UPI,140,SUCCESS
TXN0002554,S0003516,2026-04-04,CASH,270,SUCCESS
TXN0002555,S0003518,2026-04-04,CASH,153,SUCCESS
TXN0002556,S0003519,2026-04-04,UPI,180,SUCCESS
TXN0002557,S0003520,2026-04-04,CARD,135,SUCCESS
TXN0002558,S0003521,2026-04-04,CARD,620,SUCCESS
TXN0002559,S0003522,2026-04-04,CARD,50,SUCCESS
TXN0002560,S0003523,2026-04-04,CASH,145,SUCCESS
TXN0002561,S0003524,2026-04-04,CASH,18,SUCCESS
TXN0002562,S0003525,2026-04-05,CARD,88,SUCCESS
TXN0002563,S0003526,2026-04-05,UPI,99,SUCCESS
TXN0002564,S0003527,2026-04-05,CARD,144,SUCCESS
TXN0002565,S0003528,2026-04-05,CARD,150,SUCCESS
TXN0002566,S0003529,2026-04-05,CARD,135,SUCCESS
TXN0002567,S0003530,2026-04-05,CARD,510,SUCCESS
TXN0002568,S0003532,2026-04-05,UPI,580,SUCCESS
TXN0002569,S0003533,2026-04-05,UPI,52,SUCCESS
TXN0002570,S0003534,2026-04-05,CARD,95,SUCCESS
TXN0002571,S0003535,2026-04-05,UPI,32,SUCCESS
TXN0002572,S0003536,2026-04-05,CARD,399,SUCCESS
TXN0002573,S0003537,2026-04-05,CASH,135,SUCCESS
TXN0002574,S0003538,2026-04-05,CASH,310,SUCCESS
TXN0002575,S0003540,2026-04-05,UPI,200,SUCCESS
TXN0002576,S0003543,2026-04-05,CASH,50,SUCCESS
TXN0002577,S0003544,2026-04-05,CARD,145,SUCCESS
TXN0002578,S0003546,2026-04-05,UPI,765,SUCCESS
TXN0002579,S0003548,2026-04-05,UPI,44,SUCCESS
TXN0002580,S0003549,2026-04-05,CASH,600,SUCCESS
TXN0002581,S0003550,2026-04-05,CASH,255,SUCCESS
TXN0002582,S0003551,2026-04-05,UPI,38,SUCCESS
TXN0002583,S0003552,2026-04-05,CASH,30,SUCCESS
TXN0002584,S0003554,2026-04-05,UPI,650,SUCCESS
TXN0002585,S0003555,2026-04-05,CASH,465,SUCCESS
TXN0002586,S0003556,2026-04-05,CARD,780,SUCCESS
TXN0002587,S0003557,2026-04-05,CARD,95,SUCCESS
TXN0002588,S0003558,2026-04-05,CARD,210,SUCCESS
TXN0002589,S0003559,2026-04-05,CARD,60,SUCCESS
TXN0002590,S0003560,2026-04-05,UPI,10,SUCCESS
TXN0002591,S0003562,2026-04-05,CARD,48,SUCCESS
TXN0002592,S0003563,2026-04-05,CASH,310,SUCCESS
TXN0002593,S0003564,2026-04-05,CASH,180,SUCCESS
TXN0002594,S0003565,2026-04-05,CASH,145,SUCCESS
TXN0002595,S0003567,2026-04-06,UPI,20,SUCCESS
TXN0002596,S0003568,2026-04-06,UPI,930,SUCCESS
TXN0002597,S0003570,2026-04-06,UPI,16,SUCCESS
TXN0002598,S0003573,2026-04-06,CASH,105,SUCCESS
TXN0002599,S0003575,2026-04-06,CARD,95,SUCCESS
TXN0002600,S0003576,2026-04-06,CARD,253,SUCCESS
TXN0002601,S0003577,2026-04-06,CARD,616,SUCCESS
TXN0002602,S0003578,2026-04-06,CASH,30,SUCCESS
TXN0002603,S0003580,2026-04-06,UPI,35,SUCCESS
TXN0002604,S0003581,2026-04-06,CARD,143,SUCCESS
TXN0002605,S0003582,2026-04-06,CARD,285,SUCCESS
TXN0002606,S0003583,2026-04-06,CASH,75,SUCCESS
TXN0002607,S0003584,2026-04-06,CARD,52,SUCCESS
TXN0002608,S0003585,2026-04-06,CARD,310,SUCCESS
TXN0002609,S0003586,2026-04-06,UPI,13,SUCCESS
TXN0002610,S0003587,2026-04-06,CARD,250,SUCCESS
TXN0002611,S0003588,2026-04-06,UPI,105,SUCCESS
TXN0002612,S0003589,2026-04-06,CARD,725,SUCCESS
TXN0002613,S0003591,2026-04-06,UPI,76,SUCCESS
TXN0002614,S0003593,2026-04-06,CASH,40,SUCCESS
TXN0002615,S0003594,2026-04-06,UPI,45,SUCCESS
TXN0002616,S0003595,2026-04-06,CARD,23,SUCCESS
TXN0002617,S0003596,2026-04-06,CARD,310,SUCCESS
TXN0002618,S0003598,2026-04-06,CASH,104,SUCCESS
TXN0002619,S0003599,2026-04-06,UPI,106,SUCCESS
TXN0002620,S0003600,2026-04-06,UPI,95,SUCCESS
TXN0002621,S0003602,2026-04-06,CASH,72,SUCCESS
TXN0002622,S0003603,2026-04-07,CARD,250,SUCCESS
TXN0002623,S0003604,2026-04-07,CARD,610,SUCCESS
TXN0002624,S0003605,2026-04-07,CASH,90,SUCCESS
TXN0002625,S0003607,2026-04-07,CASH,429,SUCCESS
TXN0002626,S0003608,2026-04-07,CARD,220,SUCCESS
TXN0002627,S0003610,2026-04-07,CARD,18,SUCCESS
TXN0002628,S0003611,2026-04-07,CARD,40,SUCCESS
TXN0002629,S0003613,2026-04-07,CASH,16,SUCCESS
TXN0002630,S0003614,2026-04-07,CASH,104,SUCCESS
TXN0002631,S0003615,2026-04-07,CASH,144,SUCCESS
TXN0002632,S0003616,2026-04-07,CARD,13,SUCCESS
TXN0002633,S0003617,2026-04-07,UPI,110,SUCCESS
TXN0002634,S0003619,2026-04-07,CASH,30,SUCCESS
TXN0002635,S0003621,2026-04-07,UPI,90,SUCCESS
TXN0002636,S0003623,2026-04-07,CARD,15,SUCCESS
TXN0002637,S0003624,2026-04-07,CARD,380,SUCCESS
TXN0002638,S0003625,2026-04-07,UPI,190,SUCCESS
TXN0002639,S0003627,2026-04-07,UPI,104,SUCCESS
TXN0002640,S0003628,2026-04-07,CASH,141,SUCCESS
TXN0002641,S0003629,2026-04-07,CASH,140,SUCCESS
TXN0002642,S0003630,2026-04-07,CASH,62,SUCCESS
TXN0002643,S0003632,2026-04-07,CASH,515,SUCCESS
TXN0002644,S0003633,2026-04-07,CARD,200,SUCCESS
TXN0002645,S0003634,2026-04-07,UPI,30,SUCCESS
TXN0002646,S0003635,2026-04-07,CASH,90,SUCCESS
TXN0002647,S0003636,2026-04-07,CASH,72,SUCCESS
TXN0002648,S0003637,2026-04-07,CASH,75,SUCCESS
TXN0002649,S0003639,2026-04-07,UPI,64,SUCCESS
TXN0002650,S0003640,2026-04-07,CASH,90,SUCCESS
TXN0002651,S0003643,2026-04-08,CARD,96,SUCCESS
TXN0002652,S0003644,2026-04-08,CARD,580,SUCCESS
TXN0002653,S0003645,2026-04-08,UPI,140,SUCCESS
TXN0002654,S0003646,2026-04-08,CARD,32,SUCCESS
TXN0002655,S0003648,2026-04-08,CARD,22,SUCCESS
TXN0002656,S0003649,2026-04-08,CASH,520,SUCCESS
TXN0002657,S0003650,2026-04-08,UPI,44,SUCCESS
TXN0002658,S0003651,2026-04-08,CARD,104,SUCCESS
TXN0002659,S0003653,2026-04-08,CARD,30,SUCCESS
TXN0002660,S0003656,2026-04-08,CARD,18,SUCCESS
TXN0002661,S0003657,2026-04-08,CASH,25,SUCCESS
TXN0002662,S0003658,2026-04-08,CARD,258,SUCCESS
TXN0002663,S0003659,2026-04-08,CASH,725,SUCCESS
TXN0002664,S0003661,2026-04-08,CASH,114,SUCCESS
TXN0002665,S0003662,2026-04-08,UPI,18,SUCCESS
TXN0002666,S0003663,2026-04-08,CASH,180,SUCCESS
TXN0002667,S0003664,2026-04-08,CASH,435,SUCCESS
TXN0002668,S0003665,2026-04-08,UPI,1540,SUCCESS
TXN0002669,S0003666,2026-04-08,CASH,93,SUCCESS
TXN0002670,S0003667,2026-04-08,UPI,930,SUCCESS
TXN0002671,S0003669,2026-04-08,CASH,192,SUCCESS
TXN0002672,S0003670,2026-04-08,UPI,38,SUCCESS
TXN0002673,S0003671,2026-04-08,UPI,90,SUCCESS
TXN0002674,S0003672,2026-04-08,CARD,76,SUCCESS
TXN0002675,S0003673,2026-04-08,CARD,290,SUCCESS
TXN0002676,S0003674,2026-04-08,CARD,27,SUCCESS
TXN0002677,S0003675,2026-04-08,CASH,750,SUCCESS
TXN0002678,S0003676,2026-04-08,CASH,32,SUCCESS
TXN0002679,S0003678,2026-04-08,UPI,25,SUCCESS
TXN0002680,S0003679,2026-04-08,UPI,45,SUCCESS
TXN0002681,S0003680,2026-04-08,CARD,90,SUCCESS
TXN0002682,S0003681,2026-04-08,UPI,100,SUCCESS
TXN0002683,S0003682,2026-04-08,CASH,25,SUCCESS
TXN0002684,S0003683,2026-04-08,CASH,50,SUCCESS
TXN0002685,S0003685,2026-04-08,CASH,156,SUCCESS
TXN0002686,S0003686,2026-04-08,CASH,128,SUCCESS
TXN0002687,S0003687,2026-04-08,UPI,105,SUCCESS
TXN0002688,S0003688,2026-04-08,CASH,80,SUCCESS
TXN0002689,S0003690,2026-04-08,CASH,93,SUCCESS
TXN0002690,S0003691,2026-04-08,CARD,510,SUCCESS
TXN0002691,S0003692,2026-04-08,CASH,100,SUCCESS
TXN0002692,S0003693,2026-04-09,CASH,30,SUCCESS
TXN0002693,S0003694,2026-04-09,CARD,24,SUCCESS
TXN0002694,S0003697,2026-04-09,UPI,18,SUCCESS
TXN0002695,S0003698,2026-04-09,CARD,72,SUCCESS
TXN0002696,S0003699,2026-04-09,UPI,450,SUCCESS
TXN0002697,S0003700,2026-04-09,UPI,25,SUCCESS
TXN0002698,S0003701,2026-04-09,CASH,47,SUCCESS
TXN0002699,S0003703,2026-04-09,CASH,100,SUCCESS
TXN0002700,S0003704,2026-04-09,CASH,310,SUCCESS
TXN0002701,S0003705,2026-04-09,CARD,45,SUCCESS
TXN0002702,S0003708,2026-04-09,UPI,105,SUCCESS
TXN0002703,S0003709,2026-04-09,CASH,25,SUCCESS
TXN0002704,S0003710,2026-04-09,UPI,10,SUCCESS
TXN0002705,S0003711,2026-04-09,CASH,36,SUCCESS
TXN0002706,S0003712,2026-04-09,CASH,72,SUCCESS
TXN0002707,S0003713,2026-04-09,CARD,180,SUCCESS
TXN0002708,S0003714,2026-04-09,UPI,100,SUCCESS
TXN0002709,S0003716,2026-04-09,CARD,435,SUCCESS
TXN0002710,S0003717,2026-04-09,UPI,42,SUCCESS
TXN0002711,S0003718,2026-04-09,CASH,120,SUCCESS
TXN0002712,S0003719,2026-04-09,CASH,50,SUCCESS
TXN0002713,S0003720,2026-04-09,CASH,190,SUCCESS
TXN0002714,S0003721,2026-04-09,CARD,8,SUCCESS
TXN0002715,S0003722,2026-04-09,CASH,30,SUCCESS
TXN0002716,S0003723,2026-04-09,UPI,910,SUCCESS
TXN0002717,S0003725,2026-04-09,CARD,135,SUCCESS
TXN0002718,S0003726,2026-04-09,CASH,18,SUCCESS
TXN0002719,S0003727,2026-04-09,UPI,765,SUCCESS
TXN0002720,S0003728,2026-04-09,CASH,150,SUCCESS
TXN0002721,S0003729,2026-04-09,UPI,32,SUCCESS
TXN0002722,S0003731,2026-04-10,CASH,310,SUCCESS
TXN0002723,S0003733,2026-04-10,CARD,300,SUCCESS
TXN0002724,S0003734,2026-04-10,UPI,15,SUCCESS
TXN0002725,S0003735,2026-04-10,CASH,36,SUCCESS
TXN0002726,S0003737,2026-04-10,UPI,35,SUCCESS
TXN0002727,S0003738,2026-04-10,CARD,95,SUCCESS
TXN0002728,S0003739,2026-04-10,CASH,270,SUCCESS
TXN0002729,S0003741,2026-04-10,UPI,84,SUCCESS
TXN0002730,S0003742,2026-04-10,UPI,114,SUCCESS
TXN0002731,S0003744,2026-04-10,UPI,52,SUCCESS
TXN0002732,S0003745,2026-04-10,CASH,30,SUCCESS
TXN0002733,S0003746,2026-04-10,CASH,30,SUCCESS
TXN0002734,S0003747,2026-04-10,CASH,100,SUCCESS
TXN0002735,S0003749,2026-04-10,CASH,170,SUCCESS
TXN0002736,S0003750,2026-04-10,CARD,245,SUCCESS
TXN0002737,S0003751,2026-04-10,CARD,45,SUCCESS
TXN0002738,S0003753,2026-04-10,CASH,620,SUCCESS
TXN0002739,S0003755,2026-04-10,CARD,20,SUCCESS
TXN0002740,S0003756,2026-04-10,UPI,33,SUCCESS
TXN0002741,S0003757,2026-04-10,UPI,580,SUCCESS
TXN0002742,S0003758,2026-04-10,UPI,140,SUCCESS
TXN0002743,S0003759,2026-04-10,UPI,23,SUCCESS
TXN0002744,S0003760,2026-04-10,UPI,25,SUCCESS
TXN0002745,S0003761,2026-04-10,CASH,255,SUCCESS
TXN0002746,S0003764,2026-04-10,UPI,105,SUCCESS
TXN0002747,S0003765,2026-04-10,CARD,90,SUCCESS
TXN0002748,S0003766,2026-04-10,CARD,270,SUCCESS
TXN0002749,S0003767,2026-04-10,CASH,67,SUCCESS
TXN0002750,S0003768,2026-04-10,CASH,16,SUCCESS
TXN0002751,S0003769,2026-04-10,CARD,135,SUCCESS
TXN0002752,S0003770,2026-04-10,CARD,135,SUCCESS
TXN0002753,S0003771,2026-04-10,CASH,54,SUCCESS
TXN0002754,S0003773,2026-04-10,CASH,310,SUCCESS
TXN0002755,S0003774,2026-04-10,UPI,312,SUCCESS
TXN0002756,S0003775,2026-04-11,CASH,52,SUCCESS
TXN0002757,S0003778,2026-04-11,CARD,100,SUCCESS
TXN0002758,S0003779,2026-04-11,CASH,28,SUCCESS
TXN0002759,S0003780,2026-04-11,CASH,94,SUCCESS
TXN0002760,S0003782,2026-04-11,CARD,134,SUCCESS
TXN0002761,S0003783,2026-04-11,CARD,160,SUCCESS
TXN0002762,S0003784,2026-04-11,CASH,93,SUCCESS
TXN0002763,S0003785,2026-04-11,UPI,765,SUCCESS
TXN0002764,S0003786,2026-04-11,CASH,64,SUCCESS
TXN0002765,S0003787,2026-04-11,CASH,69,SUCCESS
TXN0002766,S0003789,2026-04-11,CARD,39,SUCCESS
TXN0002767,S0003791,2026-04-11,CASH,330,SUCCESS
TXN0002768,S0003792,2026-04-11,CASH,110,SUCCESS
TXN0002769,S0003793,2026-04-11,UPI,208,SUCCESS
TXN0002770,S0003794,2026-04-11,UPI,90,SUCCESS
TXN0002771,S0003796,2026-04-11,CARD,40,SUCCESS
TXN0002772,S0003797,2026-04-11,UPI,48,SUCCESS
TXN0002773,S0003799,2026-04-11,CARD,120,SUCCESS
TXN0002774,S0003800,2026-04-11,CARD,8,SUCCESS
TXN0002775,S0003801,2026-04-11,CASH,90,SUCCESS
TXN0002776,S0003802,2026-04-11,CARD,120,SUCCESS
TXN0002777,S0003804,2026-04-11,CARD,380,SUCCESS
TXN0002778,S0003806,2026-04-11,UPI,60,SUCCESS
TXN0002779,S0003807,2026-04-11,CARD,84,SUCCESS
TXN0002780,S0003808,2026-04-11,CASH,64,SUCCESS
TXN0002781,S0003809,2026-04-11,UPI,70,SUCCESS
TXN0002782,S0003810,2026-04-11,CASH,220,SUCCESS
TXN0002783,S0003811,2026-04-11,CARD,616,SUCCESS
TXN0002784,S0003812,2026-04-11,CARD,145,SUCCESS
TXN0002785,S0003813,2026-04-11,CARD,270,SUCCESS
TXN0002786,S0003815,2026-04-11,CARD,70,SUCCESS
TXN0002787,S0003816,2026-04-11,UPI,20,SUCCESS
TXN0002788,S0003818,2026-04-11,UPI,405,SUCCESS
TXN0002789,S0003819,2026-04-11,CASH,255,SUCCESS
TXN0002790,S0003820,2026-04-11,CASH,45,SUCCESS
TXN0002791,S0003821,2026-04-11,UPI,155,SUCCESS
TXN0002792,S0003822,2026-04-11,UPI,510,SUCCESS
TXN0002793,S0003823,2026-04-11,CARD,60,SUCCESS
TXN0002794,S0003824,2026-04-11,UPI,105,SUCCESS
TXN0002795,S0003825,2026-04-11,CARD,15,SUCCESS
TXN0002796,S0003826,2026-04-11,CARD,50,SUCCESS
TXN0002797,S0003828,2026-04-11,UPI,175,SUCCESS
TXN0002798,S0003829,2026-04-11,CASH,155,SUCCESS
TXN0002799,S0003830,2026-04-11,CASH,64,SUCCESS
TXN0002800,S0003831,2026-04-11,CASH,38,SUCCESS
TXN0002801,S0003832,2026-04-11,CASH,48,SUCCESS
TXN0002802,S0003833,2026-04-12,UPI,50,SUCCESS
TXN0002803,S0003834,2026-04-12,CARD,36,SUCCESS
TXN0002804,S0003835,2026-04-12,UPI,290,SUCCESS
TXN0002805,S0003836,2026-04-12,UPI,72,SUCCESS
TXN0002806,S0003837,2026-04-12,UPI,155,SUCCESS
TXN0002807,S0003838,2026-04-12,UPI,50,SUCCESS
TXN0002808,S0003839,2026-04-12,CASH,75,SUCCESS
TXN0002809,S0003840,2026-04-12,UPI,30,SUCCESS
TXN0002810,S0003841,2026-04-12,CASH,128,SUCCESS
TXN0002811,S0003842,2026-04-12,CASH,44,SUCCESS
TXN0002812,S0003843,2026-04-12,CARD,36,SUCCESS
TXN0002813,S0003844,2026-04-12,CARD,30,SUCCESS
TXN0002814,S0003845,2026-04-12,CASH,45,SUCCESS
TXN0002815,S0003846,2026-04-12,CARD,25,SUCCESS
TXN0002816,S0003847,2026-04-12,CARD,40,SUCCESS
TXN0002817,S0003848,2026-04-12,CARD,155,SUCCESS
TXN0002818,S0003850,2026-04-12,CASH,25,SUCCESS
TXN0002819,S0003852,2026-04-12,CASH,150,SUCCESS
TXN0002820,S0003853,2026-04-12,CARD,50,SUCCESS
TXN0002821,S0003854,2026-04-12,CARD,220,SUCCESS
TXN0002822,S0003855,2026-04-12,CASH,306,SUCCESS
TXN0002823,S0003856,2026-04-12,CARD,100,SUCCESS
TXN0002824,S0003857,2026-04-12,CASH,765,SUCCESS
TXN0002825,S0003858,2026-04-12,CARD,270,SUCCESS
TXN0002826,S0003859,2026-04-12,UPI,100,SUCCESS
TXN0002827,S0003860,2026-04-12,CARD,50,SUCCESS
TXN0002828,S0003862,2026-04-12,UPI,15,SUCCESS
TXN0002829,S0003863,2026-04-12,CASH,25,SUCCESS
TXN0002830,S0003864,2026-04-12,UPI,36,SUCCESS
TXN0002831,S0003867,2026-04-12,CASH,64,SUCCESS
TXN0002832,S0003868,2026-04-12,CARD,20,SUCCESS
TXN0002833,S0003869,2026-04-12,CARD,390,SUCCESS
TXN0002834,S0003870,2026-04-12,UPI,255,SUCCESS
TXN0002835,S0003871,2026-04-12,CARD,90,SUCCESS
TXN0002836,S0003872,2026-04-12,UPI,144,SUCCESS
TXN0002837,S0003873,2026-04-12,CARD,23,SUCCESS
TXN0002838,S0003874,2026-04-12,CASH,45,SUCCESS
TXN0002839,S0003875,2026-04-12,CASH,62,SUCCESS
TXN0002840,S0003876,2026-04-12,UPI,315,SUCCESS
TXN0002841,S0003877,2026-04-12,CASH,620,SUCCESS
TXN0002842,S0003878,2026-04-12,CASH,104,SUCCESS
TXN0002843,S0003879,2026-04-13,CASH,114,SUCCESS
TXN0002844,S0003880,2026-04-13,CARD,330,SUCCESS
TXN0002845,S0003881,2026-04-13,CASH,155,SUCCESS
TXN0002846,S0003882,2026-04-13,CASH,45,SUCCESS
TXN0002847,S0003883,2026-04-13,CARD,141,SUCCESS
TXN0002848,S0003884,2026-04-13,CARD,310,SUCCESS
TXN0002849,S0003888,2026-04-13,UPI,200,SUCCESS
TXN0002850,S0003889,2026-04-13,CASH,175,SUCCESS
TXN0002851,S0003890,2026-04-13,CARD,50,SUCCESS
TXN0002852,S0003892,2026-04-13,UPI,50,SUCCESS
TXN0002853,S0003893,2026-04-13,UPI,104,SUCCESS
TXN0002854,S0003894,2026-04-13,CASH,93,SUCCESS
TXN0002855,S0003895,2026-04-13,UPI,104,SUCCESS
TXN0002856,S0003897,2026-04-13,CASH,150,SUCCESS
TXN0002857,S0003898,2026-04-13,CASH,135,SUCCESS
TXN0002858,S0003899,2026-04-13,CARD,18,SUCCESS
TXN0002859,S0003902,2026-04-13,UPI,570,SUCCESS
TXN0002860,S0003903,2026-04-13,CASH,50,SUCCESS
TXN0002861,S0003904,2026-04-13,UPI,60,SUCCESS
TXN0002862,S0003905,2026-04-13,CARD,112,SUCCESS
TXN0002863,S0003907,2026-04-13,CASH,620,SUCCESS
TXN0002864,S0003910,2026-04-13,CARD,35,SUCCESS
TXN0002865,S0003911,2026-04-13,UPI,45,SUCCESS
TXN0002866,S0003914,2026-04-14,CARD,100,SUCCESS
TXN0002867,S0003916,2026-04-14,UPI,170,SUCCESS
TXN0002868,S0003917,2026-04-14,CARD,104,SUCCESS
TXN0002869,S0003919,2026-04-14,CARD,135,SUCCESS
TXN0002870,S0003921,2026-04-14,CARD,76,SUCCESS
TXN0002871,S0003922,2026-04-14,CARD,75,SUCCESS
TXN0002872,S0003923,2026-04-14,CASH,616,SUCCESS
TXN0002873,S0003924,2026-04-14,UPI,18,SUCCESS
TXN0002874,S0003925,2026-04-14,UPI,38,SUCCESS
TXN0002875,S0003926,2026-04-14,UPI,50,SUCCESS
TXN0002876,S0003927,2026-04-14,CASH,180,SUCCESS
TXN0002877,S0003928,2026-04-14,UPI,50,SUCCESS
TXN0002878,S0003932,2026-04-14,CARD,1275,SUCCESS
TXN0002879,S0003933,2026-04-14,UPI,255,SUCCESS
TXN0002880,S0003934,2026-04-14,UPI,66,SUCCESS
TXN0002881,S0003935,2026-04-14,CARD,20,SUCCESS
TXN0002882,S0003936,2026-04-14,CASH,90,SUCCESS
TXN0002883,S0003937,2026-04-14,UPI,32,SUCCESS
TXN0002884,S0003938,2026-04-14,CASH,45,SUCCESS
TXN0002885,S0003939,2026-04-14,CASH,72,SUCCESS
TXN0002886,S0003940,2026-04-14,CARD,80,SUCCESS
TXN0002887,S0003942,2026-04-14,CASH,20,SUCCESS
TXN0002888,S0003943,2026-04-14,UPI,46,SUCCESS
TXN0002889,S0003944,2026-04-14,CASH,150,SUCCESS
TXN0002890,S0003945,2026-04-14,UPI,105,SUCCESS
TXN0002891,S0003947,2026-04-14,CARD,210,SUCCESS
TXN0002892,S0003948,2026-04-14,CARD,36,SUCCESS
TXN0002893,S0003949,2026-04-14,UPI,145,SUCCESS
TXN0002894,S0003950,2026-04-14,UPI,100,SUCCESS
TXN0002895,S0003952,2026-04-14,CARD,216,SUCCESS
TXN0002896,S0003953,2026-04-14,UPI,190,SUCCESS
TXN0002897,S0003954,2026-04-14,CARD,45,SUCCESS
TXN0002898,S0003956,2026-04-14,CASH,216,SUCCESS
TXN0002899,S0003958,2026-04-15,UPI,500,SUCCESS
TXN0002900,S0003959,2026-04-15,CARD,30,SUCCESS
TXN0002901,S0003960,2026-04-15,CARD,620,SUCCESS
TXN0002902,S0003961,2026-04-15,CARD,18,SUCCESS
TXN0002903,S0003962,2026-04-15,UPI,33,SUCCESS
TXN0002904,S0003963,2026-04-15,CASH,50,SUCCESS
TXN0002905,S0003965,2026-04-15,CARD,105,SUCCESS
TXN0002906,S0003966,2026-04-15,CASH,90,SUCCESS
TXN0002907,S0003968,2026-04-15,UPI,40,SUCCESS
TXN0002908,S0003969,2026-04-15,UPI,105,SUCCESS
TXN0002909,S0003970,2026-04-15,CASH,144,SUCCESS
TXN0002910,S0003973,2026-04-15,CARD,30,SUCCESS
TXN0002911,S0003974,2026-04-15,CARD,30,SUCCESS
TXN0002912,S0003979,2026-04-15,CARD,18,SUCCESS
TXN0002913,S0003980,2026-04-15,UPI,66,SUCCESS
TXN0002914,S0003982,2026-04-15,UPI,90,SUCCESS
TXN0002915,S0003983,2026-04-15,UPI,300,SUCCESS
TXN0002916,S0003985,2026-04-15,CASH,310,SUCCESS
TXN0002917,S0003987,2026-04-15,UPI,105,SUCCESS
TXN0002918,S0003989,2026-04-15,CASH,93,SUCCESS
TXN0002919,S0003990,2026-04-15,CASH,25,SUCCESS
TXN0002920,S0003991,2026-04-15,CASH,50,SUCCESS
TXN0002921,S0003992,2026-04-15,UPI,30,SUCCESS
TXN0002922,S0003996,2026-04-15,CARD,425,SUCCESS
TXN0002923,S0003997,2026-04-15,UPI,50,SUCCESS
TXN0002924,S0004000,2026-04-15,CARD,290,SUCCESS
TXN0002925,S0004001,2026-04-15,UPI,96,SUCCESS
TXN0002926,S0004002,2026-04-16,UPI,38,SUCCESS
TXN0002927,S0004003,2026-04-16,UPI,8,SUCCESS
TXN0002928,S0004005,2026-04-16,UPI,35,SUCCESS
TXN0002929,S0004006,2026-04-16,UPI,126,SUCCESS
TXN0002930,S0004008,2026-04-16,CASH,105,SUCCESS
TXN0002931,S0004009,2026-04-16,UPI,270,SUCCESS
TXN0002932,S0004010,2026-04-16,UPI,20,SUCCESS
TXN0002933,S0004011,2026-04-16,CASH,132,SUCCESS
TXN0002934,S0004013,2026-04-16,CARD,5,SUCCESS
TXN0002935,S0004014,2026-04-16,UPI,216,SUCCESS
TXN0002936,S0004015,2026-04-16,CARD,104,SUCCESS
TXN0002937,S0004016,2026-04-16,CARD,310,SUCCESS
TXN0002938,S0004017,2026-04-16,CARD,144,SUCCESS
TXN0002939,S0004018,2026-04-16,CARD,52,SUCCESS
TXN0002940,S0004019,2026-04-16,CARD,130,SUCCESS
TXN0002941,S0004020,2026-04-16,CASH,47,SUCCESS
TXN0002942,S0004022,2026-04-16,UPI,20,SUCCESS
TXN0002943,S0004023,2026-04-16,CASH,216,SUCCESS
TXN0002944,S0004024,2026-04-16,CARD,144,SUCCESS
TXN0002945,S0004026,2026-04-16,CASH,665,SUCCESS
TXN0002946,S0004027,2026-04-16,CARD,141,SUCCESS
TXN0002947,S0004031,2026-04-16,CARD,610,SUCCESS
TXN0002948,S0004032,2026-04-16,CASH,190,SUCCESS
TXN0002949,S0004033,2026-04-16,UPI,156,SUCCESS
TXN0002950,S0004035,2026-04-16,UPI,36,SUCCESS
TXN0002951,S0004036,2026-04-16,CASH,110,SUCCESS
TXN0002952,S0004037,2026-04-16,UPI,32,SUCCESS
TXN0002953,S0004038,2026-04-17,CARD,30,SUCCESS
TXN0002954,S0004039,2026-04-17,UPI,90,SUCCESS
TXN0002955,S0004040,2026-04-17,CASH,510,SUCCESS
TXN0002956,S0004041,2026-04-17,CASH,190,SUCCESS
TXN0002957,S0004042,2026-04-17,CASH,225,SUCCESS
TXN0002958,S0004044,2026-04-17,CARD,50,SUCCESS
TXN0002959,S0004045,2026-04-17,CASH,285,SUCCESS
TXN0002960,S0004046,2026-04-17,UPI,110,SUCCESS
TXN0002961,S0004047,2026-04-17,UPI,50,SUCCESS
TXN0002962,S0004049,2026-04-17,UPI,38,SUCCESS
TXN0002963,S0004050,2026-04-17,UPI,15,SUCCESS
TXN0002964,S0004052,2026-04-17,UPI,155,SUCCESS
TXN0002965,S0004058,2026-04-17,CASH,200,SUCCESS
TXN0002966,S0004059,2026-04-17,CARD,13,SUCCESS
TXN0002967,S0004060,2026-04-17,CASH,30,SUCCESS
TXN0002968,S0004061,2026-04-17,CARD,30,SUCCESS
TXN0002969,S0004062,2026-04-17,CASH,30,SUCCESS
TXN0002970,S0004064,2026-04-17,UPI,405,SUCCESS
TXN0002971,S0004065,2026-04-17,UPI,80,SUCCESS
TXN0002972,S0004066,2026-04-17,CASH,38,SUCCESS
TXN0002973,S0004067,2026-04-18,CASH,300,SUCCESS
TXN0002974,S0004068,2026-04-18,CARD,220,SUCCESS
TXN0002975,S0004070,2026-04-18,CASH,280,SUCCESS
TXN0002976,S0004071,2026-04-18,CARD,67,SUCCESS
TXN0002977,S0004073,2026-04-18,CASH,30,SUCCESS
TXN0002978,S0004075,2026-04-18,CARD,32,SUCCESS
TXN0002979,S0004076,2026-04-18,CARD,250,SUCCESS
TXN0002980,S0004077,2026-04-18,CARD,104,SUCCESS
TXN0002981,S0004078,2026-04-18,CARD,32,SUCCESS
TXN0002982,S0004081,2026-04-18,CASH,765,SUCCESS
TXN0002983,S0004082,2026-04-18,UPI,56,SUCCESS
TXN0002984,S0004083,2026-04-18,CARD,50,SUCCESS
TXN0002985,S0004084,2026-04-18,UPI,16,SUCCESS
TXN0002986,S0004086,2026-04-18,CASH,26,SUCCESS
TXN0002987,S0004088,2026-04-18,CASH,25,SUCCESS
TXN0002988,S0004090,2026-04-18,UPI,30,SUCCESS
TXN0002989,S0004093,2026-04-18,CARD,510,SUCCESS
TXN0002990,S0004095,2026-04-18,CASH,18,SUCCESS
TXN0002991,S0004097,2026-04-18,CARD,42,SUCCESS
TXN0002992,S0004098,2026-04-18,UPI,144,SUCCESS
TXN0002993,S0004099,2026-04-18,CARD,38,SUCCESS
TXN0002994,S0004100,2026-04-18,CARD,93,SUCCESS
TXN0002995,S0004101,2026-04-18,UPI,100,SUCCESS
TXN0002996,S0004102,2026-04-18,CARD,90,SUCCESS
TXN0002997,S0004103,2026-04-18,CASH,168,SUCCESS
TXN0002998,S0004104,2026-04-18,CASH,50,SUCCESS
TXN0002999,S0004105,2026-04-18,CASH,190,SUCCESS
TXN0003000,S0004106,2026-04-18,CARD,100,SUCCESS
TXN0003001,S0004107,2026-04-18,UPI,45,SUCCESS
TXN0003002,S0004110,2026-04-18,UPI,490,SUCCESS
TXN0003003,S0004112,2026-04-18,CARD,253,SUCCESS
TXN0003004,S0004113,2026-04-18,CARD,475,SUCCESS
TXN0003005,S0004114,2026-04-19,UPI,30,SUCCESS
TXN0003006,S0004115,2026-04-19,UPI,72,SUCCESS
TXN0003007,S0004116,2026-04-19,UPI,75,SUCCESS
TXN0003008,S0004117,2026-04-19,CASH,72,SUCCESS
TXN0003009,S0004119,2026-04-19,CASH,25,SUCCESS
TXN0003010,S0004120,2026-04-19,CASH,30,SUCCESS
TXN0003011,S0004123,2026-04-19,CARD,1550,SUCCESS
TXN0003012,S0004125,2026-04-19,CARD,310,SUCCESS
TXN0003013,S0004126,2026-04-19,CASH,90,SUCCESS
TXN0003014,S0004127,2026-04-19,CARD,67,SUCCESS
TXN0003015,S0004128,2026-04-19,CASH,95,SUCCESS
TXN0003016,S0004129,2026-04-19,CASH,144,SUCCESS
TXN0003017,S0004130,2026-04-19,CASH,200,SUCCESS
TXN0003018,S0004131,2026-04-19,UPI,18,SUCCESS
TXN0003019,S0004132,2026-04-19,UPI,186,SUCCESS
TXN0003020,S0004133,2026-04-19,UPI,50,SUCCESS
TXN0003021,S0004134,2026-04-19,CASH,5,SUCCESS
TXN0003022,S0004135,2026-04-19,CARD,105,SUCCESS
TXN0003023,S0004136,2026-04-19,CASH,25,SUCCESS
TXN0003024,S0004137,2026-04-19,UPI,100,SUCCESS
TXN0003025,S0004139,2026-04-19,CASH,620,SUCCESS
TXN0003026,S0004142,2026-04-19,UPI,62,SUCCESS
TXN0003027,S0004143,2026-04-19,UPI,23,SUCCESS
TXN0003028,S0004144,2026-04-19,UPI,15,SUCCESS
TXN0003029,S0004145,2026-04-19,CARD,130,SUCCESS
TXN0003030,S0004146,2026-04-19,CASH,96,SUCCESS
TXN0003031,S0004147,2026-04-19,CARD,220,SUCCESS
TXN0003032,S0004148,2026-04-19,UPI,270,SUCCESS
TXN0003033,S0004150,2026-04-19,UPI,225,SUCCESS
TXN0003034,S0004151,2026-04-19,UPI,52,SUCCESS
TXN0003035,S0004152,2026-04-19,CARD,35,SUCCESS
TXN0003036,S0004154,2026-04-19,CARD,405,SUCCESS
TXN0003037,S0004155,2026-04-19,CASH,1530,SUCCESS
TXN0003038,S0004156,2026-04-19,CASH,23,SUCCESS
TXN0003039,S0004158,2026-04-19,CASH,765,SUCCESS
TXN0003040,S0004159,2026-04-19,CARD,27,SUCCESS
TXN0003041,S0004160,2026-04-19,CASH,50,SUCCESS
TXN0003042,S0004161,2026-04-19,CASH,45,SUCCESS
TXN0003043,S0004162,2026-04-20,CASH,66,SUCCESS
TXN0003044,S0004163,2026-04-20,CASH,104,SUCCESS
TXN0003045,S0004164,2026-04-20,CARD,620,SUCCESS
TXN0003046,S0004165,2026-04-20,CARD,90,SUCCESS
TXN0003047,S0004166,2026-04-20,UPI,150,SUCCESS
TXN0003048,S0004168,2026-04-20,CASH,250,SUCCESS
TXN0003049,S0004170,2026-04-20,CASH,45,SUCCESS
TXN0003050,S0004171,2026-04-20,CARD,25,SUCCESS
TXN0003051,S0004172,2026-04-20,UPI,190,SUCCESS
TXN0003052,S0004174,2026-04-20,UPI,190,SUCCESS
TXN0003053,S0004175,2026-04-20,CARD,108,SUCCESS
TXN0003054,S0004176,2026-04-20,CARD,52,SUCCESS
TXN0003055,S0004177,2026-04-20,UPI,90,SUCCESS
TXN0003056,S0004178,2026-04-20,CASH,135,SUCCESS
TXN0003057,S0004179,2026-04-20,CASH,52,SUCCESS
TXN0003058,S0004180,2026-04-20,UPI,52,SUCCESS
TXN0003059,S0004182,2026-04-20,CASH,64,SUCCESS
TXN0003060,S0004183,2026-04-20,CARD,380,SUCCESS
TXN0003061,S0004184,2026-04-20,CARD,60,SUCCESS
TXN0003062,S0004185,2026-04-20,CARD,52,SUCCESS
TXN0003063,S0004186,2026-04-20,UPI,105,SUCCESS
TXN0003064,S0004187,2026-04-20,UPI,44,SUCCESS
TXN0003065,S0004188,2026-04-20,CASH,220,SUCCESS
TXN0003066,S0004189,2026-04-20,CASH,30,SUCCESS
TXN0003067,S0004190,2026-04-20,UPI,25,SUCCESS
TXN0003068,S0004191,2026-04-20,CARD,144,SUCCESS
TXN0003069,S0004193,2026-04-20,CARD,38,SUCCESS
TXN0003070,S0004194,2026-04-20,CARD,190,SUCCESS
TXN0003071,S0004195,2026-04-20,CARD,40,SUCCESS
TXN0003072,S0004196,2026-04-20,CARD,30,SUCCESS
TXN0003073,S0004198,2026-04-20,CARD,315,SUCCESS
TXN0003074,S0004199,2026-04-20,CARD,90,SUCCESS
TXN0003075,S0004200,2026-04-20,CASH,40,SUCCESS
TXN0003076,S0004201,2026-04-20,UPI,435,SUCCESS
TXN0003077,S0004202,2026-04-20,CARD,286,SUCCESS
TXN0003078,S0004203,2026-04-21,CARD,84,SUCCESS
TXN0003079,S0004204,2026-04-21,UPI,114,SUCCESS
TXN0003080,S0004205,2026-04-21,CASH,270,SUCCESS
TXN0003081,S0004206,2026-04-21,CASH,84,SUCCESS
TXN0003082,S0004207,2026-04-21,CARD,620,SUCCESS
TXN0003083,S0004208,2026-04-21,CASH,88,SUCCESS
TXN0003084,S0004209,2026-04-21,UPI,62,SUCCESS
TXN0003085,S0004210,2026-04-21,CASH,95,SUCCESS
TXN0003086,S0004211,2026-04-21,CARD,96,SUCCESS
TXN0003087,S0004212,2026-04-21,CASH,50,SUCCESS
TXN0003088,S0004213,2026-04-21,CASH,25,SUCCESS
TXN0003089,S0004217,2026-04-21,CASH,405,SUCCESS
TXN0003090,S0004218,2026-04-21,UPI,32,SUCCESS
TXN0003091,S0004219,2026-04-21,CARD,40,SUCCESS
TXN0003092,S0004220,2026-04-21,UPI,525,SUCCESS
TXN0003093,S0004221,2026-04-21,CASH,245,SUCCESS
TXN0003094,S0004222,2026-04-21,CASH,104,SUCCESS
TXN0003095,S0004223,2026-04-21,CASH,95,SUCCESS
TXN0003096,S0004224,2026-04-21,CASH,60,SUCCESS
TXN0003097,S0004225,2026-04-21,UPI,170,SUCCESS
TXN0003098,S0004227,2026-04-21,CASH,280,SUCCESS
TXN0003099,S0004228,2026-04-21,CARD,440,SUCCESS
TXN0003100,S0004229,2026-04-21,UPI,15,SUCCESS
TXN0003101,S0004230,2026-04-21,UPI,90,SUCCESS
TXN0003102,S0004231,2026-04-21,CASH,112,SUCCESS
TXN0003103,S0004232,2026-04-21,UPI,210,SUCCESS
TXN0003104,S0004234,2026-04-22,CARD,84,SUCCESS
TXN0003105,S0004235,2026-04-22,CARD,75,SUCCESS
TXN0003106,S0004238,2026-04-22,UPI,18,SUCCESS
TXN0003107,S0004239,2026-04-22,CARD,150,SUCCESS
TXN0003108,S0004241,2026-04-22,UPI,50,SUCCESS
TXN0003109,S0004242,2026-04-22,CARD,30,SUCCESS
TXN0003110,S0004243,2026-04-22,CARD,54,SUCCESS
TXN0003111,S0004245,2026-04-22,CARD,190,SUCCESS
TXN0003112,S0004247,2026-04-22,CASH,93,SUCCESS
TXN0003113,S0004248,2026-04-22,CARD,72,SUCCESS
TXN0003114,S0004252,2026-04-22,UPI,253,SUCCESS
TXN0003115,S0004253,2026-04-22,CASH,72,SUCCESS
TXN0003116,S0004255,2026-04-22,UPI,30,SUCCESS
TXN0003117,S0004257,2026-04-22,UPI,72,SUCCESS
TXN0003118,S0004259,2026-04-22,CASH,525,SUCCESS
TXN0003119,S0004260,2026-04-22,UPI,305,SUCCESS
TXN0003120,S0004261,2026-04-22,UPI,18,SUCCESS
TXN0003121,S0004262,2026-04-22,CARD,128,SUCCESS
TXN0003122,S0004263,2026-04-22,CARD,84,SUCCESS
TXN0003123,S0004265,2026-04-22,CARD,510,SUCCESS
TXN0003124,S0004266,2026-04-22,CARD,50,SUCCESS
TXN0003125,S0004267,2026-04-22,CARD,160,SUCCESS
TXN0003126,S0004268,2026-04-22,UPI,90,SUCCESS
TXN0003127,S0004269,2026-04-22,CASH,45,SUCCESS
TXN0003128,S0004270,2026-04-22,UPI,5,SUCCESS
TXN0003129,S0004272,2026-04-23,CASH,52,SUCCESS
TXN0003130,S0004275,2026-04-23,CASH,42,SUCCESS
TXN0003131,S0004276,2026-04-23,CASH,60,SUCCESS
TXN0003132,S0004277,2026-04-23,CARD,144,SUCCESS
TXN0003133,S0004279,2026-04-23,CASH,45,SUCCESS
TXN0003134,S0004281,2026-04-23,CARD,75,SUCCESS
TXN0003135,S0004282,2026-04-23,CASH,95,SUCCESS
TXN0003136,S0004283,2026-04-23,CARD,35,SUCCESS
TXN0003137,S0004284,2026-04-23,CARD,48,SUCCESS
TXN0003138,S0004285,2026-04-23,UPI,570,SUCCESS
TXN0003139,S0004286,2026-04-23,CARD,186,SUCCESS
TXN0003140,S0004287,2026-04-23,CASH,1550,SUCCESS
TXN0003141,S0004288,2026-04-23,CASH,95,SUCCESS
TXN0003142,S0004289,2026-04-23,CASH,156,SUCCESS
TXN0003143,S0004291,2026-04-23,CASH,76,SUCCESS
TXN0003144,S0004294,2026-04-23,CARD,32,SUCCESS
TXN0003145,S0004295,2026-04-23,CARD,50,SUCCESS
TXN0003146,S0004296,2026-04-23,CARD,285,SUCCESS
TXN0003147,S0004297,2026-04-23,CARD,300,SUCCESS
TXN0003148,S0004298,2026-04-23,CASH,50,SUCCESS
TXN0003149,S0004300,2026-04-23,CASH,95,SUCCESS
TXN0003150,S0004301,2026-04-23,CASH,64,SUCCESS
TXN0003151,S0004302,2026-04-23,UPI,76,SUCCESS
TXN0003152,S0004304,2026-04-23,CASH,72,SUCCESS
TXN0003153,S0004305,2026-04-23,UPI,308,SUCCESS
TXN0003154,S0004306,2026-04-23,CASH,52,SUCCESS
TXN0003155,S0004307,2026-04-23,UPI,150,SUCCESS
TXN0003156,S0004308,2026-04-23,CARD,96,SUCCESS
TXN0003157,S0004310,2026-04-23,CASH,40,SUCCESS
TXN0003158,S0004312,2026-04-23,CARD,64,SUCCESS
TXN0003159,S0004314,2026-04-24,CARD,42,SUCCESS
TXN0003160,S0004315,2026-04-24,CARD,616,SUCCESS
TXN0003161,S0004316,2026-04-24,UPI,72,SUCCESS
TXN0003162,S0004318,2026-04-24,CASH,32,SUCCESS
TXN0003163,S0004319,2026-04-24,CASH,279,SUCCESS
TXN0003164,S0004321,2026-04-24,UPI,32,SUCCESS
TXN0003165,S0004324,2026-04-24,CASH,126,SUCCESS
TXN0003166,S0004325,2026-04-24,CASH,145,SUCCESS
TXN0003167,S0004326,2026-04-24,CARD,100,SUCCESS
TXN0003168,S0004327,2026-04-24,CARD,675,SUCCESS
TXN0003169,S0004328,2026-04-24,CARD,70,SUCCESS
TXN0003170,S0004329,2026-04-24,CARD,25,SUCCESS
TXN0003171,S0004330,2026-04-24,CARD,56,SUCCESS
TXN0003172,S0004331,2026-04-24,UPI,616,SUCCESS
TXN0003173,S0004332,2026-04-24,CASH,210,SUCCESS
TXN0003174,S0004333,2026-04-24,UPI,308,SUCCESS
TXN0003175,S0004334,2026-04-24,UPI,15,SUCCESS
TXN0003176,S0004335,2026-04-24,UPI,210,SUCCESS
TXN0003177,S0004337,2026-04-24,CARD,23,SUCCESS
TXN0003178,S0004338,2026-04-24,CASH,675,SUCCESS
TXN0003179,S0004339,2026-04-24,CASH,50,SUCCESS
TXN0003180,S0004340,2026-04-24,CASH,66,SUCCESS
TXN0003181,S0004342,2026-04-24,UPI,924,SUCCESS
TXN0003182,S0004343,2026-04-24,CARD,90,SUCCESS
TXN0003183,S0004344,2026-04-24,CASH,105,SUCCESS
TXN0003184,S0004345,2026-04-24,CASH,580,SUCCESS
TXN0003185,S0004347,2026-04-25,UPI,76,SUCCESS
TXN0003186,S0004348,2026-04-25,CASH,15,SUCCESS
TXN0003187,S0004349,2026-04-25,CASH,340,SUCCESS
TXN0003188,S0004350,2026-04-25,UPI,35,SUCCESS
TXN0003189,S0004351,2026-04-25,UPI,125,SUCCESS
TXN0003190,S0004352,2026-04-25,CARD,270,SUCCESS
TXN0003191,S0004354,2026-04-25,CARD,360,SUCCESS
TXN0003192,S0004355,2026-04-25,CASH,15,SUCCESS
TXN0003193,S0004358,2026-04-25,CARD,620,SUCCESS
TXN0003194,S0004360,2026-04-25,CARD,54,SUCCESS
TXN0003195,S0004361,2026-04-25,UPI,200,SUCCESS
TXN0003196,S0004362,2026-04-25,CASH,220,SUCCESS
TXN0003197,S0004363,2026-04-25,UPI,60,SUCCESS
TXN0003198,S0004364,2026-04-25,CARD,285,SUCCESS
TXN0003199,S0004365,2026-04-25,UPI,105,SUCCESS
TXN0003200,S0004366,2026-04-25,CASH,285,SUCCESS
TXN0003201,S0004367,2026-04-25,UPI,70,SUCCESS
TXN0003202,S0004368,2026-04-25,CASH,330,SUCCESS
TXN0003203,S0004369,2026-04-25,UPI,180,SUCCESS
TXN0003204,S0004370,2026-04-25,CASH,100,SUCCESS
TXN0003205,S0004371,2026-04-25,UPI,67,SUCCESS
TXN0003206,S0004372,2026-04-25,UPI,1020,SUCCESS
TXN0003207,S0004373,2026-04-25,CASH,54,SUCCESS
TXN0003208,S0004374,2026-04-25,CARD,95,SUCCESS
TXN0003209,S0004375,2026-04-25,CASH,25,SUCCESS
TXN0003210,S0004376,2026-04-25,UPI,168,SUCCESS
TXN0003211,S0004377,2026-04-25,CASH,52,SUCCESS
TXN0003212,S0004379,2026-04-25,CARD,206,SUCCESS
TXN0003213,S0004380,2026-04-25,CARD,210,SUCCESS
TXN0003214,S0004382,2026-04-25,CASH,45,SUCCESS
TXN0003215,S0004383,2026-04-25,UPI,675,SUCCESS
TXN0003216,S0004384,2026-04-25,UPI,25,SUCCESS
TXN0003217,S0004385,2026-04-25,CASH,120,SUCCESS
TXN0003218,S0004386,2026-04-25,UPI,100,SUCCESS
TXN0003219,S0004387,2026-04-25,CASH,30,SUCCESS
TXN0003220,S0004388,2026-04-25,CARD,135,SUCCESS
TXN0003221,S0004390,2026-04-25,CARD,96,SUCCESS
TXN0003222,S0004391,2026-04-26,UPI,72,SUCCESS
TXN0003223,S0004392,2026-04-26,CASH,50,SUCCESS
TXN0003224,S0004394,2026-04-26,UPI,440,SUCCESS
TXN0003225,S0004395,2026-04-26,UPI,270,SUCCESS
TXN0003226,S0004397,2026-04-26,UPI,25,SUCCESS
TXN0003227,S0004398,2026-04-26,CARD,570,SUCCESS
TXN0003228,S0004400,2026-04-26,CASH,40,SUCCESS
TXN0003229,S0004401,2026-04-26,UPI,210,SUCCESS
TXN0003230,S0004402,2026-04-26,CARD,144,SUCCESS
TXN0003231,S0004405,2026-04-26,UPI,105,SUCCESS
TXN0003232,S0004406,2026-04-26,CASH,95,SUCCESS
TXN0003233,S0004408,2026-04-26,UPI,600,SUCCESS
TXN0003234,S0004409,2026-04-26,CARD,93,SUCCESS
TXN0003235,S0004410,2026-04-26,CARD,190,SUCCESS
TXN0003236,S0004411,2026-04-26,UPI,255,SUCCESS
TXN0003237,S0004412,2026-04-26,UPI,129,SUCCESS
TXN0003238,S0004413,2026-04-26,CARD,90,SUCCESS
TXN0003239,S0004414,2026-04-26,UPI,52,SUCCESS
TXN0003240,S0004417,2026-04-26,CASH,144,SUCCESS
TXN0003241,S0004418,2026-04-26,UPI,150,SUCCESS
TXN0003242,S0004420,2026-04-26,CARD,67,SUCCESS
TXN0003243,S0004424,2026-04-26,CARD,135,SUCCESS
TXN0003244,S0004425,2026-04-26,CASH,380,SUCCESS
TXN0003245,S0004426,2026-04-26,CASH,140,SUCCESS
TXN0003246,S0004429,2026-04-27,CASH,120,SUCCESS
TXN0003247,S0004430,2026-04-27,CARD,175,SUCCESS
TXN0003248,S0004433,2026-04-27,CARD,70,SUCCESS
TXN0003249,S0004434,2026-04-27,CASH,10,SUCCESS
TXN0003250,S0004435,2026-04-27,CASH,30,SUCCESS
TXN0003251,S0004436,2026-04-27,CASH,210,SUCCESS
TXN0003252,S0004437,2026-04-27,CARD,81,SUCCESS
TXN0003253,S0004439,2026-04-27,CASH,47,SUCCESS
TXN0003254,S0004440,2026-04-27,UPI,210,SUCCESS
TXN0003255,S0004441,2026-04-27,CARD,90,SUCCESS
TXN0003256,S0004442,2026-04-27,CASH,50,SUCCESS
TXN0003257,S0004443,2026-04-27,CASH,110,SUCCESS
TXN0003258,S0004445,2026-04-27,CASH,25,SUCCESS
TXN0003259,S0004446,2026-04-27,CASH,99,SUCCESS
TXN0003260,S0004447,2026-04-27,CASH,20,SUCCESS
TXN0003261,S0004448,2026-04-27,CASH,60,SUCCESS
TXN0003262,S0004450,2026-04-27,CASH,170,SUCCESS
TXN0003263,S0004451,2026-04-27,UPI,540,SUCCESS
TXN0003264,S0004452,2026-04-27,UPI,420,SUCCESS
TXN0003265,S0004453,2026-04-27,UPI,155,SUCCESS
TXN0003266,S0004454,2026-04-27,CARD,15,SUCCESS
TXN0003267,S0004455,2026-04-27,CASH,104,SUCCESS
TXN0003268,S0004456,2026-04-28,UPI,660,SUCCESS
TXN0003269,S0004457,2026-04-28,CARD,200,SUCCESS
TXN0003270,S0004459,2026-04-28,CARD,30,SUCCESS
TXN0003271,S0004460,2026-04-28,CASH,18,SUCCESS
TXN0003272,S0004461,2026-04-28,UPI,52,SUCCESS
TXN0003273,S0004462,2026-04-28,CASH,93,SUCCESS
TXN0003274,S0004464,2026-04-28,CASH,150,SUCCESS
TXN0003275,S0004466,2026-04-28,CASH,405,SUCCESS
TXN0003276,S0004468,2026-04-28,CARD,15,SUCCESS
TXN0003277,S0004469,2026-04-28,CASH,36,SUCCESS
TXN0003278,S0004470,2026-04-28,CARD,38,SUCCESS
TXN0003279,S0004471,2026-04-28,CARD,15,SUCCESS
TXN0003280,S0004472,2026-04-28,CARD,155,SUCCESS
TXN0003281,S0004473,2026-04-28,CASH,210,SUCCESS
TXN0003282,S0004474,2026-04-28,CASH,135,SUCCESS
TXN0003283,S0004475,2026-04-28,UPI,30,SUCCESS
TXN0003284,S0004478,2026-04-28,CARD,100,SUCCESS
TXN0003285,S0004479,2026-04-28,UPI,216,SUCCESS
TXN0003286,S0004480,2026-04-28,CASH,135,SUCCESS
TXN0003287,S0004481,2026-04-28,CARD,250,SUCCESS
TXN0003288,S0004482,2026-04-28,CARD,125,SUCCESS
TXN0003289,S0004484,2026-04-28,UPI,105,SUCCESS
TXN0003290,S0004485,2026-04-28,UPI,42,SUCCESS
TXN0003291,S0004486,2026-04-29,CARD,90,SUCCESS
TXN0003292,S0004488,2026-04-29,CARD,70,SUCCESS
TXN0003293,S0004489,2026-04-29,CARD,50,SUCCESS
TXN0003294,S0004491,2026-04-29,CASH,160,SUCCESS
TXN0003295,S0004492,2026-04-29,CASH,47,SUCCESS
TXN0003296,S0004493,2026-04-29,UPI,405,SUCCESS
TXN0003297,S0004494,2026-04-29,CARD,66,SUCCESS
TXN0003298,S0004495,2026-04-29,CASH,70,SUCCESS
TXN0003299,S0004496,2026-04-29,CASH,725,SUCCESS
TXN0003300,S0004497,2026-04-29,CASH,52,SUCCESS
TXN0003301,S0004498,2026-04-29,UPI,580,SUCCESS
TXN0003302,S0004499,2026-04-29,CARD,32,SUCCESS
TXN0003303,S0004501,2026-04-29,UPI,20,SUCCESS
TXN0003304,S0004502,2026-04-29,CASH,100,SUCCESS
TXN0003305,S0004503,2026-04-29,UPI,315,SUCCESS
TXN0003306,S0004504,2026-04-29,UPI,125,SUCCESS
TXN0003307,S0004505,2026-04-29,CASH,1240,SUCCESS
TXN0003308,S0004506,2026-04-29,UPI,330,SUCCESS
TXN0003309,S0004507,2026-04-29,CASH,140,SUCCESS
TXN0003310,S0004510,2026-04-29,UPI,13,SUCCESS
TXN0003311,S0004511,2026-04-29,UPI,38,SUCCESS
TXN0003312,S0004512,2026-04-29,CARD,155,SUCCESS
TXN0003313,S0004513,2026-04-29,CASH,100,SUCCESS
TXN0003314,S0004514,2026-04-29,UPI,50,SUCCESS
TXN0003315,S0004515,2026-04-29,CARD,220,SUCCESS
TXN0003316,S0004516,2026-04-29,CARD,95,SUCCESS
TXN0003317,S0004517,2026-04-29,CARD,50,SUCCESS
TXN0003318,S0004518,2026-04-30,CARD,330,SUCCESS
TXN0003319,S0004519,2026-04-30,UPI,64,SUCCESS
TXN0003320,S0004520,2026-04-30,CARD,25,SUCCESS
TXN0003321,S0004521,2026-04-30,UPI,50,SUCCESS
TXN0003322,S0004522,2026-04-30,UPI,135,SUCCESS
TXN0003323,S0004525,2026-04-30,UPI,305,SUCCESS
TXN0003324,S0004526,2026-04-30,CARD,13,SUCCESS
TXN0003325,S0004527,2026-04-30,UPI,225,SUCCESS
TXN0003326,S0004528,2026-04-30,CARD,360,SUCCESS
TXN0003327,S0004531,2026-04-30,CASH,13,SUCCESS
TXN0003328,S0004532,2026-04-30,UPI,93,SUCCESS
TXN0003329,S0004537,2026-04-30,CASH,270,SUCCESS
TXN0003330,S0004538,2026-04-30,CASH,15,SUCCESS
TXN0003331,S0004540,2026-04-30,CASH,105,SUCCESS
TXN0003332,S0004542,2026-04-30,CARD,135,SUCCESS
TXN0003333,S0004544,2026-04-30,CARD,125,SUCCESS
TXN0003334,S0004546,2026-04-30,CASH,180,SUCCESS
TXN0003335,S0004547,2026-04-30,CARD,260,SUCCESS
TXN0003336,S0004549,2026-04-30,CASH,50,SUCCESS
TXN0003337,S0004550,2026-04-30,CASH,90,SUCCESS
TXN0003338,S0004551,2026-04-30,CARD,45,SUCCESS
TXN0003339,S0004552,2026-04-30,CARD,60,SUCCESS
TXN0003340,S0004553,2026-05-01,UPI,206,SUCCESS
TXN0003341,S0004554,2026-05-01,CARD,150,SUCCESS
TXN0003342,S0004555,2026-05-01,CASH,10,SUCCESS
TXN0003343,S0004556,2026-05-01,UPI,50,SUCCESS
TXN0003344,S0004558,2026-05-01,CASH,95,SUCCESS
TXN0003345,S0004560,2026-05-01,CARD,46,SUCCESS
TXN0003346,S0004561,2026-05-01,CASH,100,SUCCESS
TXN0003347,S0004562,2026-05-01,CASH,10,SUCCESS
TXN0003348,S0004563,2026-05-01,CASH,48,SUCCESS
TXN0003349,S0004565,2026-05-01,UPI,310,SUCCESS
TXN0003350,S0004566,2026-05-01,CARD,50,SUCCESS
TXN0003351,S0004568,2026-05-01,UPI,45,SUCCESS
TXN0003352,S0004569,2026-05-01,CASH,38,SUCCESS
TXN0003353,S0004570,2026-05-01,CARD,80,SUCCESS
TXN0003354,S0004571,2026-05-01,CASH,255,SUCCESS
TXN0003355,S0004572,2026-05-01,CARD,60,SUCCESS
TXN0003356,S0004573,2026-05-01,CASH,50,SUCCESS
TXN0003357,S0004574,2026-05-01,CARD,50,SUCCESS
TXN0003358,S0004575,2026-05-01,CASH,48,SUCCESS
TXN0003359,S0004576,2026-05-01,CARD,48,SUCCESS
TXN0003360,S0004577,2026-05-01,CASH,64,SUCCESS
TXN0003361,S0004578,2026-05-01,CARD,80,SUCCESS
TXN0003362,S0004580,2026-05-01,UPI,40,SUCCESS
TXN0003363,S0004581,2026-05-01,CASH,18,SUCCESS
TXN0003364,S0004583,2026-05-01,CASH,155,SUCCESS
TXN0003365,S0004584,2026-05-01,CASH,132,SUCCESS
TXN0003366,S0004585,2026-05-02,CARD,250,SUCCESS
TXN0003367,S0004586,2026-05-02,CARD,145,SUCCESS
TXN0003368,S0004588,2026-05-02,CASH,18,SUCCESS
TXN0003369,S0004589,2026-05-02,UPI,45,SUCCESS
TXN0003370,S0004590,2026-05-02,CARD,26,SUCCESS
TXN0003371,S0004593,2026-05-02,CASH,60,SUCCESS
TXN0003372,S0004594,2026-05-02,UPI,13,SUCCESS
TXN0003373,S0004595,2026-05-02,UPI,30,SUCCESS
TXN0003374,S0004596,2026-05-02,CASH,360,SUCCESS
TXN0003375,S0004597,2026-05-02,UPI,135,SUCCESS
TXN0003376,S0004598,2026-05-02,CASH,52,SUCCESS
TXN0003377,S0004599,2026-05-02,CARD,150,SUCCESS
TXN0003378,S0004603,2026-05-02,CASH,40,SUCCESS
TXN0003379,S0004604,2026-05-02,CASH,340,SUCCESS
TXN0003380,S0004605,2026-05-02,CARD,38,SUCCESS
TXN0003381,S0004606,2026-05-02,UPI,95,SUCCESS
TXN0003382,S0004607,2026-05-02,CASH,500,SUCCESS
TXN0003383,S0004608,2026-05-02,CASH,135,SUCCESS
TXN0003384,S0004609,2026-05-02,CASH,285,SUCCESS
TXN0003385,S0004611,2026-05-02,UPI,50,SUCCESS
TXN0003386,S0004614,2026-05-02,CASH,190,SUCCESS
TXN0003387,S0004615,2026-05-02,CASH,144,SUCCESS
TXN0003388,S0004616,2026-05-03,CARD,144,SUCCESS
TXN0003389,S0004617,2026-05-03,CARD,150,SUCCESS
TXN0003390,S0004619,2026-05-03,UPI,110,SUCCESS
TXN0003391,S0004620,2026-05-03,CARD,50,SUCCESS
TXN0003392,S0004622,2026-05-03,CARD,15,SUCCESS
TXN0003393,S0004623,2026-05-03,CARD,45,SUCCESS
TXN0003394,S0004624,2026-05-03,CARD,175,SUCCESS
TXN0003395,S0004626,2026-05-03,UPI,310,SUCCESS
TXN0003396,S0004627,2026-05-03,CASH,75,SUCCESS
TXN0003397,S0004628,2026-05-03,CARD,400,SUCCESS
TXN0003398,S0004629,2026-05-03,CARD,45,SUCCESS
TXN0003399,S0004630,2026-05-03,CASH,52,SUCCESS
TXN0003400,S0004631,2026-05-03,CASH,62,SUCCESS
TXN0003401,S0004632,2026-05-03,UPI,180,SUCCESS
TXN0003402,S0004633,2026-05-03,CARD,200,SUCCESS
TXN0003403,S0004637,2026-05-03,CARD,133,SUCCESS
TXN0003404,S0004638,2026-05-03,UPI,285,SUCCESS
TXN0003405,S0004639,2026-05-03,UPI,100,SUCCESS
TXN0003406,S0004640,2026-05-03,UPI,308,SUCCESS
TXN0003407,S0004642,2026-05-03,CASH,90,SUCCESS
TXN0003408,S0004643,2026-05-03,CASH,290,SUCCESS
TXN0003409,S0004644,2026-05-03,CARD,30,SUCCESS
TXN0003410,S0004645,2026-05-03,UPI,775,SUCCESS
TXN0003411,S0004646,2026-05-03,UPI,24,SUCCESS
TXN0003412,S0004648,2026-05-03,UPI,220,SUCCESS
TXN0003413,S0004649,2026-05-03,UPI,270,SUCCESS
TXN0003414,S0004651,2026-05-03,CARD,134,SUCCESS
TXN0003415,S0004653,2026-05-04,CASH,150,SUCCESS
TXN0003416,S0004656,2026-05-04,UPI,38,SUCCESS
TXN0003417,S0004657,2026-05-04,UPI,432,SUCCESS
TXN0003418,S0004659,2026-05-04,UPI,200,SUCCESS
TXN0003419,S0004660,2026-05-04,CASH,315,SUCCESS
TXN0003420,S0004661,2026-05-04,UPI,180,SUCCESS
TXN0003421,S0004663,2026-05-04,CASH,270,SUCCESS
TXN0003422,S0004664,2026-05-04,UPI,80,SUCCESS
TXN0003423,S0004665,2026-05-04,CARD,54,SUCCESS
TXN0003424,S0004666,2026-05-04,CASH,84,SUCCESS
TXN0003425,S0004667,2026-05-04,CARD,282,SUCCESS
TXN0003426,S0004668,2026-05-04,CASH,60,SUCCESS
TXN0003427,S0004669,2026-05-04,CARD,10,SUCCESS
TXN0003428,S0004671,2026-05-04,CARD,52,SUCCESS
TXN0003429,S0004673,2026-05-04,CARD,103,SUCCESS
TXN0003430,S0004674,2026-05-04,CARD,45,SUCCESS
TXN0003431,S0004675,2026-05-04,CARD,156,SUCCESS
TXN0003432,S0004676,2026-05-04,CASH,60,SUCCESS
TXN0003433,S0004677,2026-05-04,CASH,255,SUCCESS
TXN0003434,S0004678,2026-05-04,CASH,100,SUCCESS
TXN0003435,S0004679,2026-05-04,CASH,288,SUCCESS
TXN0003436,S0004681,2026-05-04,UPI,572,SUCCESS
TXN0003437,S0004682,2026-05-04,UPI,90,SUCCESS
TXN0003438,S0004683,2026-05-04,CASH,69,SUCCESS
TXN0003439,S0004684,2026-05-04,CARD,128,SUCCESS
TXN0003440,S0004685,2026-05-04,CARD,135,SUCCESS
TXN0003441,S0004688,2026-05-04,CASH,120,SUCCESS
TXN0003442,S0004689,2026-05-04,CASH,50,SUCCESS
TXN0003443,S0004690,2026-05-04,UPI,80,SUCCESS
TXN0003444,S0004692,2026-05-05,CARD,52,SUCCESS
TXN0003445,S0004693,2026-05-05,CARD,170,SUCCESS
TXN0003446,S0004694,2026-05-05,UPI,432,SUCCESS
TXN0003447,S0004695,2026-05-05,UPI,220,SUCCESS
TXN0003448,S0004696,2026-05-05,CASH,36,SUCCESS
TXN0003449,S0004697,2026-05-05,CARD,525,SUCCESS
TXN0003450,S0004698,2026-05-05,CARD,114,SUCCESS
TXN0003451,S0004699,2026-05-05,CARD,525,SUCCESS
TXN0003452,S0004700,2026-05-05,CASH,30,SUCCESS
TXN0003453,S0004702,2026-05-05,UPI,28,SUCCESS
TXN0003454,S0004704,2026-05-05,CARD,15,SUCCESS
TXN0003455,S0004707,2026-05-05,CARD,96,SUCCESS
TXN0003456,S0004709,2026-05-05,UPI,255,SUCCESS
TXN0003457,S0004710,2026-05-05,UPI,135,SUCCESS
TXN0003458,S0004711,2026-05-05,UPI,310,SUCCESS
TXN0003459,S0004712,2026-05-05,CARD,190,SUCCESS
TXN0003460,S0004713,2026-05-05,UPI,279,SUCCESS
TXN0003461,S0004715,2026-05-05,UPI,324,SUCCESS
TXN0003462,S0004716,2026-05-05,UPI,610,SUCCESS
TXN0003463,S0004717,2026-05-05,CASH,90,SUCCESS
TXN0003464,S0004719,2026-05-05,UPI,180,SUCCESS
TXN0003465,S0004721,2026-05-06,CASH,25,SUCCESS
TXN0003466,S0004722,2026-05-06,CARD,510,SUCCESS
TXN0003467,S0004723,2026-05-06,CASH,45,SUCCESS
TXN0003468,S0004725,2026-05-06,CASH,95,SUCCESS
TXN0003469,S0004726,2026-05-06,CASH,35,SUCCESS
TXN0003470,S0004728,2026-05-06,UPI,180,SUCCESS
TXN0003471,S0004729,2026-05-06,CASH,290,SUCCESS
TXN0003472,S0004730,2026-05-06,UPI,30,SUCCESS
TXN0003473,S0004732,2026-05-06,CARD,305,SUCCESS
TXN0003474,S0004735,2026-05-06,UPI,180,SUCCESS
TXN0003475,S0004736,2026-05-06,CARD,155,SUCCESS
TXN0003476,S0004737,2026-05-06,CASH,405,SUCCESS
TXN0003477,S0004738,2026-05-06,CASH,52,SUCCESS
TXN0003478,S0004739,2026-05-06,CASH,306,SUCCESS
TXN0003479,S0004740,2026-05-06,CARD,33,SUCCESS
TXN0003480,S0004741,2026-05-06,UPI,475,SUCCESS
TXN0003481,S0004743,2026-05-06,CASH,286,SUCCESS
TXN0003482,S0004744,2026-05-06,CASH,330,SUCCESS
TXN0003483,S0004745,2026-05-06,UPI,54,SUCCESS
TXN0003484,S0004746,2026-05-06,UPI,52,SUCCESS
TXN0003485,S0004747,2026-05-06,CARD,858,SUCCESS
TXN0003486,S0004748,2026-05-06,CARD,140,SUCCESS
TXN0003487,S0004749,2026-05-06,CASH,104,SUCCESS
TXN0003488,S0004750,2026-05-06,CASH,125,SUCCESS
TXN0003489,S0004753,2026-05-06,UPI,90,SUCCESS
TXN0003490,S0004754,2026-05-06,CASH,47,SUCCESS
TXN0003491,S0004755,2026-05-06,UPI,465,SUCCESS
TXN0003492,S0004757,2026-05-07,CARD,70,SUCCESS
TXN0003493,S0004760,2026-05-07,CARD,310,SUCCESS
TXN0003494,S0004761,2026-05-07,CASH,35,SUCCESS
TXN0003495,S0004763,2026-05-07,CASH,60,SUCCESS
TXN0003496,S0004764,2026-05-07,CARD,93,SUCCESS
TXN0003497,S0004766,2026-05-07,UPI,100,SUCCESS
TXN0003498,S0004767,2026-05-07,CASH,380,SUCCESS
TXN0003499,S0004768,2026-05-07,CARD,30,SUCCESS
TXN0003500,S0004769,2026-05-07,CARD,70,SUCCESS
TXN0003501,S0004770,2026-05-07,CARD,8,SUCCESS
TXN0003502,S0004772,2026-05-07,CASH,50,SUCCESS
TXN0003503,S0004774,2026-05-07,UPI,13,SUCCESS
TXN0003504,S0004775,2026-05-07,CARD,20,SUCCESS
TXN0003505,S0004776,2026-05-07,CASH,16,SUCCESS
TXN0003506,S0004777,2026-05-07,CASH,15,SUCCESS
TXN0003507,S0004778,2026-05-07,CARD,72,SUCCESS
TXN0003508,S0004781,2026-05-07,CASH,600,SUCCESS
TXN0003509,S0004782,2026-05-07,CARD,200,SUCCESS
TXN0003510,S0004783,2026-05-07,CARD,96,SUCCESS
TXN0003511,S0004784,2026-05-07,CASH,300,SUCCESS
TXN0003512,S0004785,2026-05-07,CARD,140,SUCCESS
TXN0003513,S0004786,2026-05-08,CARD,60,SUCCESS
TXN0003514,S0004790,2026-05-08,CARD,475,SUCCESS
TXN0003515,S0004791,2026-05-08,UPI,50,SUCCESS
TXN0003516,S0004793,2026-05-08,CARD,1240,SUCCESS
TXN0003517,S0004794,2026-05-08,CARD,270,SUCCESS
TXN0003518,S0004795,2026-05-08,CASH,176,SUCCESS
TXN0003519,S0004798,2026-05-08,CASH,140,SUCCESS
TXN0003520,S0004799,2026-05-08,UPI,50,SUCCESS
TXN0003521,S0004800,2026-05-08,CARD,490,SUCCESS
TXN0003522,S0004801,2026-05-08,CARD,143,SUCCESS
TXN0003523,S0004803,2026-05-08,UPI,550,SUCCESS
TXN0003524,S0004804,2026-05-08,CARD,310,SUCCESS
TXN0003525,S0004805,2026-05-08,CASH,36,SUCCESS
TXN0003526,S0004806,2026-05-08,CARD,93,SUCCESS
TXN0003527,S0004807,2026-05-08,CASH,190,SUCCESS
TXN0003528,S0004808,2026-05-08,CARD,260,SUCCESS
TXN0003529,S0004810,2026-05-08,UPI,108,SUCCESS
TXN0003530,S0004811,2026-05-08,CARD,50,SUCCESS
TXN0003531,S0004812,2026-05-08,CASH,405,SUCCESS
TXN0003532,S0004814,2026-05-08,CASH,200,SUCCESS
TXN0003533,S0004815,2026-05-08,UPI,190,SUCCESS
TXN0003534,S0004818,2026-05-08,UPI,38,SUCCESS
TXN0003535,S0004821,2026-05-08,UPI,160,SUCCESS
TXN0003536,S0004822,2026-05-08,CASH,255,SUCCESS
TXN0003537,S0004823,2026-05-09,CARD,105,SUCCESS
TXN0003538,S0004825,2026-05-09,CARD,72,SUCCESS
TXN0003539,S0004827,2026-05-09,CASH,30,SUCCESS
TXN0003540,S0004829,2026-05-09,CARD,25,SUCCESS
TXN0003541,S0004831,2026-05-09,CASH,305,SUCCESS
TXN0003542,S0004836,2026-05-09,CARD,135,SUCCESS
TXN0003543,S0004837,2026-05-09,CARD,104,SUCCESS
TXN0003544,S0004838,2026-05-09,CASH,50,SUCCESS
TXN0003545,S0004839,2026-05-09,CASH,85,SUCCESS
TXN0003546,S0004840,2026-05-09,UPI,255,SUCCESS
TXN0003547,S0004841,2026-05-09,CASH,190,SUCCESS
TXN0003548,S0004842,2026-05-09,UPI,459,SUCCESS
TXN0003549,S0004843,2026-05-09,CARD,100,SUCCESS
TXN0003550,S0004844,2026-05-09,CASH,38,SUCCESS
TXN0003551,S0004845,2026-05-09,CASH,90,SUCCESS
TXN0003552,S0004846,2026-05-09,CASH,380,SUCCESS
TXN0003553,S0004847,2026-05-09,UPI,90,SUCCESS
TXN0003554,S0004848,2026-05-09,CASH,150,SUCCESS
TXN0003555,S0004850,2026-05-09,CASH,125,SUCCESS
TXN0003556,S0004851,2026-05-09,UPI,135,SUCCESS
TXN0003557,S0004852,2026-05-09,CASH,725,SUCCESS
TXN0003558,S0004854,2026-05-09,CASH,85,SUCCESS
TXN0003559,S0004855,2026-05-09,CASH,250,SUCCESS
TXN0003560,S0004856,2026-05-09,CARD,85,SUCCESS
TXN0003561,S0004857,2026-05-09,UPI,15,SUCCESS
TXN0003562,S0004858,2026-05-09,UPI,264,SUCCESS
TXN0003563,S0004859,2026-05-09,UPI,105,SUCCESS
TXN0003564,S0004860,2026-05-09,CASH,675,SUCCESS
TXN0003565,S0004861,2026-05-09,CARD,85,SUCCESS
TXN0003566,S0004863,2026-05-09,UPI,285,SUCCESS
TXN0003567,S0004864,2026-05-09,UPI,50,SUCCESS
TXN0003568,S0004865,2026-05-09,UPI,155,SUCCESS
TXN0003569,S0004868,2026-05-10,CARD,270,SUCCESS
TXN0003570,S0004872,2026-05-10,CASH,84,SUCCESS
TXN0003571,S0004873,2026-05-10,CARD,612,SUCCESS
TXN0003572,S0004875,2026-05-10,CARD,175,SUCCESS
TXN0003573,S0004876,2026-05-10,CASH,310,SUCCESS
TXN0003574,S0004877,2026-05-10,CASH,310,SUCCESS
TXN0003575,S0004878,2026-05-10,CASH,84,SUCCESS
TXN0003576,S0004880,2026-05-10,CASH,190,SUCCESS
TXN0003577,S0004882,2026-05-10,CARD,99,SUCCESS
TXN0003578,S0004884,2026-05-10,UPI,255,SUCCESS
TXN0003579,S0004885,2026-05-10,CARD,18,SUCCESS
TXN0003580,S0004887,2026-05-10,CARD,153,SUCCESS
TXN0003581,S0004888,2026-05-10,UPI,88,SUCCESS
TXN0003582,S0004889,2026-05-10,CARD,135,SUCCESS
TXN0003583,S0004890,2026-05-10,CASH,110,SUCCESS
TXN0003584,S0004891,2026-05-10,CARD,620,SUCCESS
TXN0003585,S0004892,2026-05-10,CASH,1020,SUCCESS
TXN0003586,S0004893,2026-05-10,UPI,28,SUCCESS
TXN0003587,S0004895,2026-05-10,CARD,100,SUCCESS
TXN0003588,S0004896,2026-05-10,UPI,52,SUCCESS
TXN0003589,S0004898,2026-05-10,UPI,70,SUCCESS
TXN0003590,S0004899,2026-05-10,CARD,84,SUCCESS
TXN0003591,S0004900,2026-05-10,CARD,100,SUCCESS
TXN0003592,S0004901,2026-05-11,CASH,52,SUCCESS
TXN0003593,S0004902,2026-05-11,CARD,153,SUCCESS
TXN0003594,S0004903,2026-05-11,UPI,210,SUCCESS
TXN0003595,S0004904,2026-05-11,CASH,36,SUCCESS
TXN0003596,S0004906,2026-05-11,CARD,208,SUCCESS
TXN0003597,S0004907,2026-05-11,CASH,330,SUCCESS
TXN0003598,S0004909,2026-05-11,CASH,465,SUCCESS
TXN0003599,S0004910,2026-05-11,UPI,420,SUCCESS
TXN0003600,S0004911,2026-05-11,CARD,210,SUCCESS
TXN0003601,S0004913,2026-05-11,CARD,23,SUCCESS
TXN0003602,S0004914,2026-05-11,CASH,125,SUCCESS
TXN0003603,S0004915,2026-05-11,CARD,200,SUCCESS
TXN0003604,S0004916,2026-05-11,CASH,40,SUCCESS
TXN0003605,S0004918,2026-05-11,CARD,270,SUCCESS
TXN0003606,S0004919,2026-05-11,UPI,130,SUCCESS
TXN0003607,S0004920,2026-05-11,CARD,144,SUCCESS
TXN0003608,S0004921,2026-05-11,CASH,135,SUCCESS
TXN0003609,S0004922,2026-05-11,CASH,380,SUCCESS
TXN0003610,S0004923,2026-05-11,CARD,140,SUCCESS
TXN0003611,S0004925,2026-05-11,UPI,144,SUCCESS
TXN0003612,S0004927,2026-05-11,CARD,630,SUCCESS
TXN0003613,S0004929,2026-05-11,UPI,52,SUCCESS
TXN0003614,S0004930,2026-05-11,CARD,30,SUCCESS
TXN0003615,S0004933,2026-05-11,CARD,35,SUCCESS
TXN0003616,S0004934,2026-05-11,CASH,93,SUCCESS
TXN0003617,S0004935,2026-05-11,CARD,15,SUCCESS
TXN0003618,S0004936,2026-05-11,UPI,216,SUCCESS
TXN0003619,S0004937,2026-05-11,UPI,290,SUCCESS
TXN0003620,S0004939,2026-05-12,CASH,725,SUCCESS
TXN0003621,S0004940,2026-05-12,CASH,255,SUCCESS
TXN0003622,S0004941,2026-05-12,CARD,1530,SUCCESS
TXN0003623,S0004942,2026-05-12,CARD,200,SUCCESS
TXN0003624,S0004943,2026-05-12,UPI,103,SUCCESS
TXN0003625,S0004944,2026-05-12,UPI,100,SUCCESS
TXN0003626,S0004945,2026-05-12,UPI,506,SUCCESS
TXN0003627,S0004946,2026-05-12,CASH,150,SUCCESS
TXN0003628,S0004948,2026-05-12,CARD,145,SUCCESS
TXN0003629,S0004949,2026-05-12,UPI,40,SUCCESS
TXN0003630,S0004950,2026-05-12,UPI,150,SUCCESS
TXN0003631,S0004951,2026-05-12,CARD,36,SUCCESS
TXN0003632,S0004952,2026-05-12,UPI,20,SUCCESS
TXN0003633,S0004953,2026-05-12,CARD,133,SUCCESS
TXN0003634,S0004954,2026-05-12,CARD,255,SUCCESS
TXN0003635,S0004956,2026-05-12,CARD,38,SUCCESS
TXN0003636,S0004958,2026-05-12,CASH,70,SUCCESS
TXN0003637,S0004959,2026-05-12,CASH,26,SUCCESS
TXN0003638,S0004960,2026-05-12,CASH,95,SUCCESS
TXN0003639,S0004961,2026-05-12,UPI,765,SUCCESS
TXN0003640,S0004962,2026-05-12,CASH,52,SUCCESS
TXN0003641,S0004963,2026-05-12,CARD,141,SUCCESS
TXN0003642,S0004964,2026-05-12,CASH,40,SUCCESS
TXN0003643,S0004966,2026-05-12,CARD,280,SUCCESS
TXN0003644,S0004968,2026-05-13,CASH,120,SUCCESS
TXN0003645,S0004969,2026-05-13,UPI,35,SUCCESS
TXN0003646,S0004970,2026-05-13,CARD,510,SUCCESS
TXN0003647,S0004972,2026-05-13,CARD,165,SUCCESS
TXN0003648,S0004973,2026-05-13,CARD,76,SUCCESS
TXN0003649,S0004974,2026-05-13,CARD,54,SUCCESS
TXN0003650,S0004975,2026-05-13,CASH,62,SUCCESS
TXN0003651,S0004976,2026-05-13,CASH,1500,SUCCESS
TXN0003652,S0004978,2026-05-13,CASH,30,SUCCESS
TXN0003653,S0004980,2026-05-13,CASH,25,SUCCESS
TXN0003654,S0004981,2026-05-13,UPI,45,SUCCESS
TXN0003655,S0004982,2026-05-13,CARD,180,SUCCESS
TXN0003656,S0004983,2026-05-13,UPI,50,SUCCESS
TXN0003657,S0004984,2026-05-13,CASH,290,SUCCESS
TXN0003658,S0004985,2026-05-13,CARD,110,SUCCESS
TXN0003659,S0004986,2026-05-13,CASH,90,SUCCESS
TXN0003660,S0004987,2026-05-13,UPI,70,SUCCESS
TXN0003661,S0004988,2026-05-13,CARD,66,SUCCESS
TXN0003662,S0004989,2026-05-13,UPI,85,SUCCESS
TXN0003663,S0004991,2026-05-13,UPI,67,SUCCESS
TXN0003664,S0004993,2026-05-13,CASH,180,SUCCESS
TXN0003665,S0004994,2026-05-13,CASH,25,SUCCESS
TXN0003666,S0004995,2026-05-13,UPI,38,SUCCESS
TXN0003667,S0004996,2026-05-13,CARD,180,SUCCESS
TXN0003668,S0004997,2026-05-13,CASH,140,SUCCESS
TXN0003669,S0005000,2026-05-13,CARD,1275,SUCCESS
TXN0003670,S0005002,2026-05-14,CARD,308,SUCCESS
TXN0003671,S0005004,2026-05-14,CARD,144,SUCCESS
TXN0003672,S0005006,2026-05-14,CASH,540,SUCCESS
TXN0003673,S0005007,2026-05-14,UPI,90,SUCCESS
TXN0003674,S0005008,2026-05-14,CARD,210,SUCCESS
TXN0003675,S0005009,2026-05-14,UPI,60,SUCCESS
TXN0003676,S0005010,2026-05-14,CARD,145,SUCCESS
TXN0003677,S0005011,2026-05-14,CARD,20,SUCCESS
TXN0003678,S0005013,2026-05-14,CARD,420,SUCCESS
TXN0003679,S0005014,2026-05-14,CARD,270,SUCCESS
TXN0003680,S0005015,2026-05-14,UPI,32,SUCCESS
TXN0003681,S0005016,2026-05-14,UPI,155,SUCCESS
TXN0003682,S0005017,2026-05-14,CARD,620,SUCCESS
TXN0003683,S0005020,2026-05-14,CARD,540,SUCCESS
TXN0003684,S0005021,2026-05-14,UPI,310,SUCCESS
TXN0003685,S0005022,2026-05-14,CASH,52,SUCCESS
TXN0003686,S0005023,2026-05-14,UPI,265,SUCCESS
TXN0003687,S0005024,2026-05-14,UPI,40,SUCCESS
TXN0003688,S0005025,2026-05-14,CARD,155,SUCCESS
TXN0003689,S0005026,2026-05-14,CASH,23,SUCCESS
TXN0003690,S0005027,2026-05-14,CARD,250,SUCCESS
TXN0003691,S0005031,2026-05-14,UPI,134,SUCCESS
TXN0003692,S0005034,2026-05-14,CASH,10,SUCCESS
TXN0003693,S0005035,2026-05-14,CASH,255,SUCCESS
TXN0003694,S0005036,2026-05-14,UPI,616,SUCCESS
TXN0003695,S0005037,2026-05-14,CARD,105,SUCCESS
TXN0003696,S0005038,2026-05-15,UPI,200,SUCCESS
TXN0003697,S0005039,2026-05-15,UPI,10,SUCCESS
TXN0003698,S0005040,2026-05-15,UPI,168,SUCCESS
TXN0003699,S0005042,2026-05-15,CARD,186,SUCCESS
TXN0003700,S0005043,2026-05-15,UPI,572,SUCCESS
TXN0003701,S0005044,2026-05-15,CARD,60,SUCCESS
TXN0003702,S0005045,2026-05-15,CARD,255,SUCCESS
TXN0003703,S0005046,2026-05-15,UPI,245,SUCCESS
TXN0003704,S0005047,2026-05-15,CARD,13,SUCCESS
TXN0003705,S0005048,2026-05-15,CARD,70,SUCCESS
TXN0003706,S0005049,2026-05-15,CARD,45,SUCCESS
TXN0003707,S0005050,2026-05-15,CARD,620,SUCCESS
TXN0003708,S0005051,2026-05-15,CARD,45,SUCCESS
TXN0003709,S0005052,2026-05-15,UPI,75,SUCCESS
TXN0003710,S0005053,2026-05-15,UPI,250,SUCCESS
TXN0003711,S0005054,2026-05-15,CARD,52,SUCCESS
TXN0003712,S0005055,2026-05-15,UPI,15,SUCCESS
TXN0003713,S0005056,2026-05-15,UPI,92,SUCCESS
TXN0003714,S0005057,2026-05-15,CARD,475,SUCCESS
TXN0003715,S0005058,2026-05-15,UPI,170,SUCCESS
TXN0003716,S0005059,2026-05-15,CARD,48,SUCCESS
TXN0003717,S0005060,2026-05-15,UPI,180,SUCCESS
TXN0003718,S0005061,2026-05-15,UPI,50,SUCCESS
TXN0003719,S0005062,2026-05-15,CARD,18,SUCCESS
TXN0003720,S0005063,2026-05-15,CASH,60,SUCCESS
TXN0003721,S0005064,2026-05-15,UPI,155,SUCCESS
TXN0003722,S0005066,2026-05-15,UPI,52,SUCCESS
TXN0003723,S0005067,2026-05-15,CASH,25,SUCCESS
TXN0003724,S0005068,2026-05-15,CASH,155,SUCCESS
TXN0003725,S0005069,2026-05-15,UPI,56,SUCCESS
TXN0003726,S0005071,2026-05-15,CASH,105,SUCCESS
TXN0003727,S0005072,2026-05-15,CASH,20,SUCCESS
TXN0003728,S0005073,2026-05-16,CARD,270,SUCCESS
TXN0003729,S0005074,2026-05-16,CASH,62,SUCCESS
TXN0003730,S0005075,2026-05-16,UPI,266,SUCCESS
TXN0003731,S0005077,2026-05-16,CARD,200,SUCCESS
TXN0003732,S0005079,2026-05-16,CASH,144,SUCCESS
TXN0003733,S0005080,2026-05-16,UPI,40,SUCCESS
TXN0003734,S0005082,2026-05-16,CASH,930,SUCCESS
TXN0003735,S0005083,2026-05-16,CASH,32,SUCCESS
TXN0003736,S0005084,2026-05-16,UPI,288,SUCCESS
TXN0003737,S0005085,2026-05-16,UPI,105,SUCCESS
TXN0003738,S0005086,2026-05-16,UPI,380,SUCCESS
TXN0003739,S0005088,2026-05-16,UPI,52,SUCCESS
TXN0003740,S0005089,2026-05-16,CASH,72,SUCCESS
TXN0003741,S0005090,2026-05-16,UPI,250,SUCCESS
TXN0003742,S0005091,2026-05-16,CASH,45,SUCCESS
TXN0003743,S0005092,2026-05-16,UPI,38,SUCCESS
TXN0003744,S0005094,2026-05-16,CARD,206,SUCCESS
TXN0003745,S0005095,2026-05-16,CASH,66,SUCCESS
TXN0003746,S0005096,2026-05-16,CASH,110,SUCCESS
TXN0003747,S0005097,2026-05-16,CASH,95,SUCCESS
TXN0003748,S0005100,2026-05-16,UPI,38,SUCCESS
TXN0003749,S0005101,2026-05-16,CARD,96,SUCCESS
TXN0003750,S0005102,2026-05-16,CARD,110,SUCCESS
TXN0003751,S0005103,2026-05-16,CASH,52,SUCCESS
TXN0003752,S0005106,2026-05-16,CASH,260,SUCCESS
TXN0003753,S0005107,2026-05-16,CARD,114,SUCCESS
TXN0003754,S0005108,2026-05-16,CASH,135,SUCCESS
TXN0003755,S0005109,2026-05-16,CASH,135,SUCCESS
TXN0003756,S0005111,2026-05-16,CASH,35,SUCCESS
TXN0003757,S0005112,2026-05-17,CARD,580,SUCCESS
TXN0003758,S0005113,2026-05-17,UPI,360,SUCCESS
TXN0003759,S0005114,2026-05-17,CARD,15,SUCCESS
TXN0003760,S0005115,2026-05-17,UPI,64,SUCCESS
TXN0003761,S0005116,2026-05-17,CARD,72,SUCCESS
TXN0003762,S0005117,2026-05-17,CASH,15,SUCCESS
TXN0003763,S0005118,2026-05-17,UPI,90,SUCCESS
TXN0003764,S0005121,2026-05-17,CARD,110,SUCCESS
TXN0003765,S0005122,2026-05-17,CARD,44,SUCCESS
TXN0003766,S0005123,2026-05-17,CASH,120,SUCCESS
TXN0003767,S0005124,2026-05-17,CARD,30,SUCCESS
TXN0003768,S0005125,2026-05-17,CASH,435,SUCCESS
TXN0003769,S0005126,2026-05-17,CARD,95,SUCCESS
TXN0003770,S0005127,2026-05-17,CASH,104,SUCCESS
TXN0003771,S0005128,2026-05-17,CASH,285,SUCCESS
TXN0003772,S0005129,2026-05-17,UPI,86,SUCCESS
TXN0003773,S0005130,2026-05-17,CASH,858,SUCCESS
TXN0003774,S0005131,2026-05-17,UPI,95,SUCCESS
TXN0003775,S0005132,2026-05-17,UPI,220,SUCCESS
TXN0003776,S0005134,2026-05-17,CASH,200,SUCCESS
TXN0003777,S0005135,2026-05-17,UPI,110,SUCCESS
TXN0003778,S0005138,2026-05-17,CASH,110,SUCCESS
TXN0003779,S0005139,2026-05-17,CARD,100,SUCCESS
TXN0003780,S0005140,2026-05-17,CASH,48,SUCCESS
TXN0003781,S0005141,2026-05-17,CARD,510,SUCCESS
TXN0003782,S0005142,2026-05-17,UPI,380,SUCCESS
TXN0003783,S0005144,2026-05-17,CASH,10,SUCCESS
TXN0003784,S0005146,2026-05-17,CARD,50,SUCCESS
TXN0003785,S0005147,2026-05-17,CASH,36,SUCCESS
TXN0003786,S0005148,2026-05-17,UPI,610,SUCCESS
TXN0003787,S0005149,2026-05-17,CASH,105,SUCCESS
TXN0003788,S0005150,2026-05-17,UPI,25,SUCCESS
TXN0003789,S0005151,2026-05-17,CASH,64,SUCCESS
TXN0003790,S0005153,2026-05-18,CASH,250,SUCCESS
TXN0003791,S0005154,2026-05-18,UPI,250,SUCCESS
TXN0003792,S0005155,2026-05-18,CARD,108,SUCCESS
TXN0003793,S0005156,2026-05-18,CARD,60,SUCCESS
TXN0003794,S0005157,2026-05-18,UPI,105,SUCCESS
TXN0003795,S0005158,2026-05-18,UPI,75,SUCCESS
TXN0003796,S0005159,2026-05-18,CASH,75,SUCCESS
TXN0003797,S0005161,2026-05-18,CASH,145,SUCCESS
TXN0003798,S0005163,2026-05-18,CASH,435,SUCCESS
TXN0003799,S0005164,2026-05-18,CARD,40,SUCCESS
TXN0003800,S0005165,2026-05-18,CASH,76,SUCCESS
TXN0003801,S0005167,2026-05-18,CASH,50,SUCCESS
TXN0003802,S0005168,2026-05-18,UPI,22,SUCCESS
TXN0003803,S0005170,2026-05-18,UPI,95,SUCCESS
TXN0003804,S0005171,2026-05-18,CASH,144,SUCCESS
TXN0003805,S0005172,2026-05-18,UPI,255,SUCCESS
TXN0003806,S0005173,2026-05-18,CASH,190,SUCCESS
TXN0003807,S0005174,2026-05-18,CASH,253,SUCCESS
TXN0003808,S0005175,2026-05-18,UPI,104,SUCCESS
TXN0003809,S0005176,2026-05-18,UPI,240,SUCCESS
TXN0003810,S0005177,2026-05-18,UPI,93,SUCCESS
TXN0003811,S0005178,2026-05-18,UPI,13,SUCCESS
TXN0003812,S0005179,2026-05-18,CASH,25,SUCCESS
TXN0003813,S0005181,2026-05-18,CASH,220,SUCCESS
TXN0003814,S0005182,2026-05-18,CASH,90,SUCCESS
TXN0003815,S0005184,2026-05-19,UPI,81,SUCCESS
TXN0003816,S0005186,2026-05-19,CARD,20,SUCCESS
TXN0003817,S0005187,2026-05-19,UPI,310,SUCCESS
TXN0003818,S0005188,2026-05-19,UPI,300,SUCCESS
TXN0003819,S0005189,2026-05-19,CARD,32,SUCCESS
TXN0003820,S0005190,2026-05-19,UPI,15,SUCCESS
TXN0003821,S0005192,2026-05-19,CARD,145,SUCCESS
TXN0003822,S0005193,2026-05-19,UPI,1225,SUCCESS
TXN0003823,S0005194,2026-05-19,CARD,64,SUCCESS
TXN0003824,S0005195,2026-05-19,CARD,90,SUCCESS
TXN0003825,S0005196,2026-05-19,UPI,54,SUCCESS
TXN0003826,S0005198,2026-05-19,UPI,54,SUCCESS
TXN0003827,S0005199,2026-05-19,CARD,52,SUCCESS
TXN0003828,S0005200,2026-05-19,UPI,176,SUCCESS
TXN0003829,S0005201,2026-05-19,UPI,15,SUCCESS
TXN0003830,S0005202,2026-05-19,UPI,540,SUCCESS
TXN0003831,S0005203,2026-05-19,UPI,253,SUCCESS
TXN0003832,S0005204,2026-05-19,CASH,105,SUCCESS
TXN0003833,S0005205,2026-05-19,CARD,175,SUCCESS
TXN0003834,S0005206,2026-05-19,CARD,155,SUCCESS
TXN0003835,S0005209,2026-05-19,CASH,126,SUCCESS
TXN0003836,S0005210,2026-05-19,UPI,90,SUCCESS
TXN0003837,S0005211,2026-05-19,CASH,312,SUCCESS
TXN0003838,S0005212,2026-05-19,UPI,72,SUCCESS
TXN0003839,S0005214,2026-05-19,CASH,510,SUCCESS
TXN0003840,S0005216,2026-05-19,UPI,50,SUCCESS
TXN0003841,S0005217,2026-05-19,CASH,80,SUCCESS
TXN0003842,S0005218,2026-05-19,CARD,312,SUCCESS
TXN0003843,S0005220,2026-05-19,UPI,30,SUCCESS
TXN0003844,S0005221,2026-05-19,UPI,93,SUCCESS
TXN0003845,S0005222,2026-05-20,CARD,60,SUCCESS
TXN0003846,S0005224,2026-05-20,CASH,135,SUCCESS
TXN0003847,S0005225,2026-05-20,CASH,60,SUCCESS
TXN0003848,S0005227,2026-05-20,UPI,125,SUCCESS
TXN0003849,S0005228,2026-05-20,CARD,94,SUCCESS
TXN0003850,S0005229,2026-05-20,CARD,32,SUCCESS
TXN0003851,S0005230,2026-05-20,UPI,90,SUCCESS
TXN0003852,S0005231,2026-05-20,CASH,95,SUCCESS
TXN0003853,S0005233,2026-05-20,CARD,110,SUCCESS
TXN0003854,S0005234,2026-05-20,UPI,310,SUCCESS
TXN0003855,S0005236,2026-05-20,CARD,50,SUCCESS
TXN0003856,S0005237,2026-05-20,UPI,16,SUCCESS
TXN0003857,S0005238,2026-05-20,CASH,75,SUCCESS
TXN0003858,S0005239,2026-05-20,CARD,27,SUCCESS
TXN0003859,S0005240,2026-05-20,CARD,90,SUCCESS
TXN0003860,S0005241,2026-05-20,UPI,100,SUCCESS
TXN0003861,S0005243,2026-05-20,CARD,18,SUCCESS
TXN0003862,S0005244,2026-05-20,UPI,32,SUCCESS
TXN0003863,S0005245,2026-05-20,CARD,360,SUCCESS
TXN0003864,S0005246,2026-05-20,CASH,372,SUCCESS
TXN0003865,S0005247,2026-05-20,CASH,50,SUCCESS
TXN0003866,S0005248,2026-05-20,UPI,72,SUCCESS
TXN0003867,S0005249,2026-05-20,UPI,100,SUCCESS
TXN0003868,S0005250,2026-05-20,UPI,26,SUCCESS
TXN0003869,S0005251,2026-05-20,CASH,54,SUCCESS
TXN0003870,S0005252,2026-05-20,CARD,100,SUCCESS
TXN0003871,S0005253,2026-05-20,CARD,200,SUCCESS
TXN0003872,S0005254,2026-05-21,UPI,72,SUCCESS
TXN0003873,S0005255,2026-05-21,CASH,30,SUCCESS
TXN0003874,S0005257,2026-05-21,UPI,270,SUCCESS
TXN0003875,S0005258,2026-05-21,CASH,285,SUCCESS
TXN0003876,S0005259,2026-05-21,CASH,93,SUCCESS
TXN0003877,S0005261,2026-05-21,UPI,60,SUCCESS
TXN0003878,S0005262,2026-05-21,UPI,35,SUCCESS
TXN0003879,S0005265,2026-05-21,UPI,240,SUCCESS
TXN0003880,S0005266,2026-05-21,UPI,600,SUCCESS
TXN0003881,S0005267,2026-05-21,CARD,308,SUCCESS
TXN0003882,S0005268,2026-05-21,CASH,45,SUCCESS
TXN0003883,S0005269,2026-05-21,UPI,48,SUCCESS
TXN0003884,S0005270,2026-05-21,CARD,90,SUCCESS
TXN0003885,S0005272,2026-05-21,UPI,80,SUCCESS
TXN0003886,S0005273,2026-05-21,UPI,32,SUCCESS
TXN0003887,S0005275,2026-05-21,CARD,100,SUCCESS
TXN0003888,S0005276,2026-05-21,CARD,156,SUCCESS
TXN0003889,S0005277,2026-05-21,UPI,50,SUCCESS
TXN0003890,S0005278,2026-05-21,CARD,85,SUCCESS
TXN0003891,S0005279,2026-05-21,CASH,286,SUCCESS
TXN0003892,S0005281,2026-05-21,CASH,5,SUCCESS
TXN0003893,S0005282,2026-05-21,CASH,135,SUCCESS
TXN0003894,S0005283,2026-05-21,CASH,216,SUCCESS
TXN0003895,S0005284,2026-05-22,CARD,310,SUCCESS
TXN0003896,S0005285,2026-05-22,UPI,15,SUCCESS
TXN0003897,S0005286,2026-05-22,UPI,155,SUCCESS
TXN0003898,S0005287,2026-05-22,CARD,45,SUCCESS
TXN0003899,S0005289,2026-05-22,CARD,64,SUCCESS
TXN0003900,S0005290,2026-05-22,CARD,120,SUCCESS
TXN0003901,S0005292,2026-05-22,UPI,90,SUCCESS
TXN0003902,S0005293,2026-05-22,UPI,85,SUCCESS
TXN0003903,S0005294,2026-05-22,UPI,32,SUCCESS
TXN0003904,S0005295,2026-05-22,UPI,765,SUCCESS
TXN0003905,S0005297,2026-05-22,UPI,66,SUCCESS
TXN0003906,S0005299,2026-05-22,CASH,465,SUCCESS
TXN0003907,S0005300,2026-05-22,CASH,435,SUCCESS
TXN0003908,S0005301,2026-05-22,UPI,25,SUCCESS
TXN0003909,S0005302,2026-05-22,CASH,129,SUCCESS
TXN0003910,S0005305,2026-05-22,CASH,180,SUCCESS
TXN0003911,S0005306,2026-05-22,CARD,50,SUCCESS
TXN0003912,S0005307,2026-05-22,UPI,65,SUCCESS
TXN0003913,S0005308,2026-05-22,UPI,95,SUCCESS
TXN0003914,S0005309,2026-05-22,CASH,180,SUCCESS
TXN0003915,S0005311,2026-05-22,CASH,309,SUCCESS
TXN0003916,S0005312,2026-05-22,CASH,45,SUCCESS
TXN0003917,S0005313,2026-05-22,UPI,30,SUCCESS
TXN0003918,S0005314,2026-05-22,CARD,510,SUCCESS
TXN0003919,S0005315,2026-05-22,UPI,132,SUCCESS
TXN0003920,S0005316,2026-05-22,CARD,40,SUCCESS
TXN0003921,S0005317,2026-05-22,UPI,70,SUCCESS
TXN0003922,S0005318,2026-05-22,CASH,54,SUCCESS
TXN0003923,S0005319,2026-05-22,CARD,610,SUCCESS
TXN0003924,S0005324,2026-05-23,CASH,306,SUCCESS
TXN0003925,S0005326,2026-05-23,CASH,28,SUCCESS
TXN0003926,S0005327,2026-05-23,CARD,26,SUCCESS
TXN0003927,S0005328,2026-05-23,CARD,300,SUCCESS
TXN0003928,S0005329,2026-05-23,CASH,420,SUCCESS
TXN0003929,S0005330,2026-05-23,CASH,25,SUCCESS
TXN0003930,S0005331,2026-05-23,CASH,95,SUCCESS
TXN0003931,S0005332,2026-05-23,UPI,45,SUCCESS
TXN0003932,S0005333,2026-05-23,UPI,86,SUCCESS
TXN0003933,S0005336,2026-05-23,CASH,305,SUCCESS
TXN0003934,S0005337,2026-05-23,CASH,128,SUCCESS
TXN0003935,S0005338,2026-05-23,CARD,88,SUCCESS
TXN0003936,S0005339,2026-05-23,CARD,200,SUCCESS
TXN0003937,S0005340,2026-05-23,CASH,120,SUCCESS
TXN0003938,S0005341,2026-05-23,UPI,103,SUCCESS
TXN0003939,S0005342,2026-05-23,CARD,40,SUCCESS
TXN0003940,S0005343,2026-05-23,CASH,80,SUCCESS
TXN0003941,S0005345,2026-05-23,CASH,30,SUCCESS
TXN0003942,S0005346,2026-05-23,CARD,33,SUCCESS
TXN0003943,S0005350,2026-05-23,CASH,30,SUCCESS
TXN0003944,S0005352,2026-05-23,CASH,280,SUCCESS
TXN0003945,S0005353,2026-05-23,CARD,300,SUCCESS
TXN0003946,S0005354,2026-05-23,UPI,72,SUCCESS
TXN0003947,S0005355,2026-05-23,CARD,15,SUCCESS
TXN0003948,S0005356,2026-05-23,CASH,66,SUCCESS
TXN0003949,S0005357,2026-05-23,CARD,62,SUCCESS
TXN0003950,S0005358,2026-05-23,UPI,90,SUCCESS
TXN0003951,S0005363,2026-05-23,UPI,180,SUCCESS
TXN0003952,S0005364,2026-05-23,CARD,210,SUCCESS
TXN0003953,S0005366,2026-05-23,CARD,180,SUCCESS
TXN0003954,S0005367,2026-05-23,UPI,310,SUCCESS
TXN0003955,S0005369,2026-05-23,CASH,35,SUCCESS
TXN0003956,S0005371,2026-05-24,CARD,90,SUCCESS
TXN0003957,S0005372,2026-05-24,CARD,540,SUCCESS
TXN0003958,S0005374,2026-05-24,CASH,100,SUCCESS
TXN0003959,S0005375,2026-05-24,CASH,500,SUCCESS
TXN0003960,S0005377,2026-05-24,CASH,630,SUCCESS
TXN0003961,S0005378,2026-05-24,UPI,104,SUCCESS
TXN0003962,S0005380,2026-05-24,UPI,105,SUCCESS
TXN0003963,S0005381,2026-05-24,CARD,25,SUCCESS
TXN0003964,S0005382,2026-05-24,CASH,465,SUCCESS
TXN0003965,S0005383,2026-05-24,CASH,152,SUCCESS
TXN0003966,S0005384,2026-05-24,CASH,15,SUCCESS
TXN0003967,S0005386,2026-05-24,UPI,290,SUCCESS
TXN0003968,S0005387,2026-05-24,CASH,76,SUCCESS
TXN0003969,S0005388,2026-05-24,CASH,105,SUCCESS
TXN0003970,S0005389,2026-05-24,CASH,930,SUCCESS
TXN0003971,S0005390,2026-05-24,CARD,225,SUCCESS
TXN0003972,S0005391,2026-05-24,CARD,260,SUCCESS
TXN0003973,S0005392,2026-05-24,CASH,35,SUCCESS
TXN0003974,S0005393,2026-05-24,CARD,152,SUCCESS
TXN0003975,S0005394,2026-05-24,UPI,54,SUCCESS
TXN0003976,S0005395,2026-05-24,CARD,32,SUCCESS
TXN0003977,S0005397,2026-05-24,UPI,1,SUCCESS
TXN0003978,S0005398,2026-05-24,UPI,180,SUCCESS
TXN0003979,S0005399,2026-05-24,CARD,190,SUCCESS
TXN0003980,S0005400,2026-05-24,UPI,435,SUCCESS
TXN0003981,S0005402,2026-05-24,CASH,309,SUCCESS
TXN0003982,S0005403,2026-05-24,CASH,155,SUCCESS
TXN0003983,S0005405,2026-05-24,CASH,140,SUCCESS
TXN0003984,S0005406,2026-05-24,CARD,140,SUCCESS
TXN0003985,S0005407,2026-05-24,CARD,270,SUCCESS
TXN0003986,S0005409,2026-05-24,CASH,170,SUCCESS
TXN0003987,S0005410,2026-05-24,UPI,95,SUCCESS
TXN0003988,S0005411,2026-05-24,CARD,180,SUCCESS
TXN0003989,S0005412,2026-05-24,CASH,45,SUCCESS
TXN0003990,S0005413,2026-05-24,UPI,62,SUCCESS
TXN0003991,S0005415,2026-05-24,UPI,30,SUCCESS
TXN0003992,S0005416,2026-05-24,UPI,114,SUCCESS
TXN0003993,S0005417,2026-05-24,CASH,150,SUCCESS
TXN0003994,S0005418,2026-05-24,CASH,33,SUCCESS
TXN0003995,S0005419,2026-05-24,UPI,310,SUCCESS
TXN0003996,S0005420,2026-05-24,UPI,66,SUCCESS
TXN0003997,S0005421,2026-05-25,CASH,95,SUCCESS
TXN0003998,S0005422,2026-05-25,CARD,540,SUCCESS
TXN0003999,S0005424,2026-05-25,CARD,95,SUCCESS
TXN0004000,S0005427,2026-05-25,UPI,72,SUCCESS
TXN0004001,S0005428,2026-05-25,CASH,255,SUCCESS
TXN0004002,S0005429,2026-05-25,CARD,153,SUCCESS
TXN0004003,S0005430,2026-05-25,UPI,72,SUCCESS
TXN0004004,S0005431,2026-05-25,CARD,93,SUCCESS
TXN0004005,S0005432,2026-05-25,CARD,570,SUCCESS
TXN0004006,S0005433,2026-05-25,CASH,170,SUCCESS
TXN0004007,S0005434,2026-05-25,CARD,52,SUCCESS
TXN0004008,S0005435,2026-05-25,CASH,253,SUCCESS
TXN0004009,S0005437,2026-05-25,CARD,90,SUCCESS
TXN0004010,S0005438,2026-05-25,CASH,90,SUCCESS
TXN0004011,S0005439,2026-05-25,UPI,16,SUCCESS
TXN0004012,S0005440,2026-05-25,CARD,30,SUCCESS
TXN0004013,S0005443,2026-05-25,CASH,775,SUCCESS
TXN0004014,S0005445,2026-05-25,CASH,140,SUCCESS
TXN0004015,S0005446,2026-05-25,CARD,616,SUCCESS
TXN0004016,S0005447,2026-05-25,UPI,75,SUCCESS
TXN0004017,S0005451,2026-05-25,CASH,180,SUCCESS
TXN0004018,S0005452,2026-05-25,CASH,52,SUCCESS
TXN0004019,S0005453,2026-05-25,CARD,130,SUCCESS
TXN0004020,S0005455,2026-05-25,CASH,180,SUCCESS
TXN0004021,S0005456,2026-05-26,CARD,104,SUCCESS
TXN0004022,S0005457,2026-05-26,CARD,915,SUCCESS
TXN0004023,S0005458,2026-05-26,CARD,70,SUCCESS
TXN0004024,S0005459,2026-05-26,UPI,420,SUCCESS
TXN0004025,S0005460,2026-05-26,CASH,305,SUCCESS
TXN0004026,S0005461,2026-05-26,CARD,46,SUCCESS
TXN0004027,S0005462,2026-05-26,CASH,104,SUCCESS
TXN0004028,S0005464,2026-05-26,CARD,110,SUCCESS
TXN0004029,S0005465,2026-05-26,CASH,20,SUCCESS
TXN0004030,S0005466,2026-05-26,CARD,103,SUCCESS
TXN0004031,S0005467,2026-05-26,CASH,100,SUCCESS
TXN0004032,S0005468,2026-05-26,UPI,108,SUCCESS
TXN0004033,S0005469,2026-05-26,CARD,15,SUCCESS
TXN0004034,S0005470,2026-05-26,CARD,450,SUCCESS
TXN0004035,S0005471,2026-05-26,CARD,23,SUCCESS
TXN0004036,S0005472,2026-05-26,CARD,64,SUCCESS
TXN0004037,S0005473,2026-05-26,CASH,35,SUCCESS
TXN0004038,S0005474,2026-05-26,CASH,165,SUCCESS
TXN0004039,S0005475,2026-05-26,CARD,52,SUCCESS
TXN0004040,S0005476,2026-05-26,UPI,580,SUCCESS
TXN0004041,S0005477,2026-05-26,CARD,90,SUCCESS
TXN0004042,S0005479,2026-05-26,CARD,90,SUCCESS
TXN0004043,S0005481,2026-05-26,CARD,105,SUCCESS
TXN0004044,S0005482,2026-05-26,CARD,190,SUCCESS
TXN0004045,S0005483,2026-05-26,UPI,56,SUCCESS
TXN0004046,S0005485,2026-05-26,CARD,25,SUCCESS
TXN0004047,S0005486,2026-05-26,UPI,144,SUCCESS
TXN0004048,S0005487,2026-05-26,CASH,435,SUCCESS
TXN0004049,S0005488,2026-05-26,CARD,70,SUCCESS
TXN0004050,S0005489,2026-05-26,CARD,54,SUCCESS
TXN0004051,S0005490,2026-05-27,CASH,30,SUCCESS
TXN0004052,S0005491,2026-05-27,CASH,32,SUCCESS
TXN0004053,S0005492,2026-05-27,UPI,45,SUCCESS
TXN0004054,S0005494,2026-05-27,CARD,45,SUCCESS
TXN0004055,S0005495,2026-05-27,UPI,47,SUCCESS
TXN0004056,S0005496,2026-05-27,UPI,8,SUCCESS
TXN0004057,S0005497,2026-05-27,CASH,980,SUCCESS
TXN0004058,S0005498,2026-05-27,UPI,76,SUCCESS
TXN0004059,S0005500,2026-05-27,CASH,190,SUCCESS
TXN0004060,S0005501,2026-05-27,CARD,135,SUCCESS
TXN0004061,S0005502,2026-05-27,CARD,104,SUCCESS
TXN0004062,S0005503,2026-05-27,CASH,35,SUCCESS
TXN0004063,S0005506,2026-05-27,CARD,72,SUCCESS
TXN0004064,S0005507,2026-05-27,CASH,16,SUCCESS
TXN0004065,S0005508,2026-05-27,CARD,520,SUCCESS
TXN0004066,S0005509,2026-05-27,CARD,81,SUCCESS
TXN0004067,S0005510,2026-05-27,CARD,60,SUCCESS
TXN0004068,S0005511,2026-05-27,CARD,15,SUCCESS
TXN0004069,S0005512,2026-05-27,CARD,46,SUCCESS
TXN0004070,S0005514,2026-05-27,UPI,15,SUCCESS
TXN0004071,S0005515,2026-05-27,CARD,510,SUCCESS
TXN0004072,S0005516,2026-05-27,CASH,47,SUCCESS
TXN0004073,S0005517,2026-05-27,UPI,620,SUCCESS
TXN0004074,S0005518,2026-05-27,UPI,1,SUCCESS
TXN0004075,S0005519,2026-05-27,CARD,550,SUCCESS
TXN0004076,S0005520,2026-05-28,CASH,270,SUCCESS
TXN0004077,S0005521,2026-05-28,CASH,25,SUCCESS
TXN0004078,S0005522,2026-05-28,CARD,105,SUCCESS
TXN0004079,S0005525,2026-05-28,CASH,104,SUCCESS
TXN0004080,S0005528,2026-05-28,CASH,47,SUCCESS
TXN0004081,S0005529,2026-05-28,CASH,42,SUCCESS
TXN0004082,S0005530,2026-05-28,UPI,260,SUCCESS
TXN0004083,S0005531,2026-05-28,CASH,270,SUCCESS
TXN0004084,S0005532,2026-05-28,UPI,48,SUCCESS
TXN0004085,S0005533,2026-05-28,UPI,64,SUCCESS
TXN0004086,S0005534,2026-05-28,CASH,52,SUCCESS
TXN0004087,S0005535,2026-05-28,CARD,180,SUCCESS
TXN0004088,S0005537,2026-05-28,UPI,32,SUCCESS
TXN0004089,S0005538,2026-05-28,CARD,180,SUCCESS
TXN0004090,S0005540,2026-05-28,CASH,260,SUCCESS
TXN0004091,S0005541,2026-05-28,UPI,135,SUCCESS
TXN0004092,S0005542,2026-05-28,CASH,210,SUCCESS
TXN0004093,S0005543,2026-05-28,CARD,52,SUCCESS
TXN0004094,S0005544,2026-05-28,CARD,60,SUCCESS
TXN0004095,S0005545,2026-05-28,CASH,405,SUCCESS
TXN0004096,S0005546,2026-05-28,CASH,144,SUCCESS
TXN0004097,S0005548,2026-05-28,CASH,120,SUCCESS
TXN0004098,S0005549,2026-05-28,UPI,32,SUCCESS
TXN0004099,S0005551,2026-05-28,CASH,140,SUCCESS
TXN0004100,S0005552,2026-05-28,CASH,930,SUCCESS
TXN0004101,S0005553,2026-05-28,CASH,110,SUCCESS
TXN0004102,S0005554,2026-05-28,CASH,201,SUCCESS
TXN0004103,S0005555,2026-05-28,CASH,620,SUCCESS
TXN0004104,S0005556,2026-05-29,CASH,50,SUCCESS
TXN0004105,S0005557,2026-05-29,CASH,32,SUCCESS
TXN0004106,S0005558,2026-05-29,CARD,140,SUCCESS
TXN0004107,S0005559,2026-05-29,UPI,95,SUCCESS
TXN0004108,S0005560,2026-05-29,CASH,120,SUCCESS
TXN0004109,S0005561,2026-05-29,CARD,475,SUCCESS
TXN0004110,S0005562,2026-05-29,CASH,50,SUCCESS
TXN0004111,S0005563,2026-05-29,CARD,13,SUCCESS
TXN0004112,S0005567,2026-05-29,CARD,18,SUCCESS
TXN0004113,S0005569,2026-05-29,UPI,135,SUCCESS
TXN0004114,S0005571,2026-05-29,CASH,310,SUCCESS
TXN0004115,S0005572,2026-05-29,UPI,76,SUCCESS
TXN0004116,S0005574,2026-05-29,UPI,90,SUCCESS
TXN0004117,S0005575,2026-05-29,CARD,330,SUCCESS
TXN0004118,S0005576,2026-05-29,CASH,150,SUCCESS
TXN0004119,S0005577,2026-05-29,UPI,52,SUCCESS
TXN0004120,S0005579,2026-05-29,UPI,22,SUCCESS
TXN0004121,S0005580,2026-05-29,UPI,285,SUCCESS
TXN0004122,S0005584,2026-05-29,CARD,47,SUCCESS
TXN0004123,S0005585,2026-05-30,CASH,309,SUCCESS
TXN0004124,S0005587,2026-05-30,UPI,735,SUCCESS
TXN0004125,S0005588,2026-05-30,CARD,440,SUCCESS
TXN0004126,S0005589,2026-05-30,UPI,95,SUCCESS
TXN0004127,S0005590,2026-05-30,CARD,310,SUCCESS
TXN0004128,S0005591,2026-05-30,CARD,145,SUCCESS
TXN0004129,S0005592,2026-05-30,UPI,25,SUCCESS
TXN0004130,S0005593,2026-05-30,CASH,600,SUCCESS
TXN0004131,S0005594,2026-05-30,CARD,60,SUCCESS
TXN0004132,S0005595,2026-05-30,CARD,210,SUCCESS
TXN0004133,S0005596,2026-05-30,CASH,110,SUCCESS
TXN0004134,S0005597,2026-05-30,CASH,1265,SUCCESS
TXN0004135,S0005600,2026-05-30,CASH,153,SUCCESS
TXN0004136,S0005601,2026-05-30,CASH,70,SUCCESS
TXN0004137,S0005602,2026-05-30,CASH,160,SUCCESS
TXN0004138,S0005604,2026-05-30,CASH,135,SUCCESS
TXN0004139,S0005605,2026-05-30,UPI,255,SUCCESS
TXN0004140,S0005607,2026-05-30,CASH,290,SUCCESS
TXN0004141,S0005608,2026-05-30,UPI,510,SUCCESS
TXN0004142,S0005609,2026-05-30,CARD,38,SUCCESS
TXN0004143,S0005611,2026-05-30,CASH,190,SUCCESS
TXN0004144,S0005612,2026-05-30,CASH,765,SUCCESS
TXN0004145,S0005613,2026-05-30,CASH,90,SUCCESS
TXN0004146,S0005614,2026-05-30,CASH,95,SUCCESS
TXN0004147,S0005615,2026-05-30,CARD,66,SUCCESS
TXN0004148,S0005616,2026-05-30,CARD,90,SUCCESS
TXN0004149,S0005617,2026-05-30,CARD,100,SUCCESS
TXN0004150,S0005619,2026-05-30,CARD,28,SUCCESS
TXN0004151,S0005620,2026-05-30,CARD,1540,SUCCESS
TXN0004152,S0005621,2026-05-30,CARD,104,SUCCESS
TXN0004153,S0005622,2026-05-30,CASH,35,SUCCESS
TXN0004154,S0005623,2026-05-30,CARD,80,SUCCESS
TXN0004155,S0005624,2026-05-30,UPI,32,SUCCESS
TXN0004156,S0005625,2026-05-30,UPI,81,SUCCESS
TXN0004157,S0005626,2026-05-30,CARD,315,SUCCESS
TXN0004158,S0005628,2026-05-30,CASH,600,SUCCESS
TXN0004159,S0005629,2026-05-30,CARD,76,SUCCESS
TXN0004160,S0005630,2026-05-30,CARD,330,SUCCESS
TXN0004161,S0005631,2026-05-30,CARD,95,SUCCESS
TXN0004162,S0005632,2026-05-30,CASH,70,SUCCESS
TXN0004163,S0005633,2026-05-30,CARD,200,SUCCESS
TXN0004164,S0005634,2026-05-30,CASH,150,SUCCESS
TXN0004165,S0005635,2026-05-30,UPI,310,SUCCESS
TXN0004166,S0005636,2026-05-30,CASH,180,SUCCESS
TXN0004167,S0005638,2026-05-31,UPI,25,SUCCESS
TXN0004168,S0005639,2026-05-31,UPI,132,SUCCESS
TXN0004169,S0005640,2026-05-31,UPI,45,SUCCESS
TXN0004170,S0005641,2026-05-31,CASH,135,SUCCESS
TXN0004171,S0005642,2026-05-31,UPI,1,SUCCESS
TXN0004172,S0005643,2026-05-31,CASH,30,SUCCESS
TXN0004173,S0005644,2026-05-31,UPI,100,SUCCESS
TXN0004174,S0005645,2026-05-31,CARD,270,SUCCESS
TXN0004175,S0005646,2026-05-31,UPI,255,SUCCESS
TXN0004176,S0005649,2026-05-31,CARD,156,SUCCESS
TXN0004177,S0005651,2026-05-31,CARD,67,SUCCESS
TXN0004178,S0005652,2026-05-31,CASH,208,SUCCESS
TXN0004179,S0005653,2026-05-31,UPI,190,SUCCESS
TXN0004180,S0005654,2026-05-31,CARD,42,SUCCESS
TXN0004181,S0005655,2026-05-31,UPI,76,SUCCESS
TXN0004182,S0005656,2026-05-31,UPI,253,SUCCESS
TXN0004183,S0005657,2026-05-31,CASH,270,SUCCESS
TXN0004184,S0005660,2026-05-31,UPI,70,SUCCESS
TXN0004185,S0005661,2026-05-31,UPI,405,SUCCESS
TXN0004186,S0005662,2026-05-31,UPI,475,SUCCESS
TXN0004187,S0005664,2026-05-31,UPI,725,SUCCESS
TXN0004188,S0005665,2026-05-31,UPI,64,SUCCESS
TXN0004189,S0005666,2026-05-31,UPI,38,SUCCESS
TXN0004190,S0005667,2026-05-31,CASH,180,SUCCESS
TXN0004191,S0005668,2026-05-31,CASH,510,SUCCESS
TXN0004192,S0005669,2026-05-31,CARD,30,SUCCESS
TXN0004193,S0005672,2026-05-31,CASH,75,SUCCESS
TXN0004194,S0005674,2026-05-31,CARD,25,SUCCESS
TXN0004195,S0005676,2026-05-31,UPI,100,SUCCESS
TXN0004196,S0005677,2026-05-31,UPI,110,SUCCESS
TXN0004197,S0005678,2026-05-31,CASH,45,SUCCESS
TXN0004198,S0005681,2026-05-31,UPI,35,SUCCESS
TXN0004199,S0005682,2026-05-31,CASH,50,SUCCESS
TXN0004200,S0005684,2026-05-31,CARD,310,SUCCESS
TXN0004201,S0005685,2026-06-01,UPI,35,SUCCESS
TXN0004202,S0005686,2026-06-01,UPI,18,SUCCESS
TXN0004203,S0005687,2026-06-01,UPI,145,SUCCESS
TXN0004204,S0005689,2026-06-01,UPI,290,SUCCESS
TXN0004205,S0005690,2026-06-01,CASH,27,SUCCESS
TXN0004206,S0005691,2026-06-01,UPI,170,SUCCESS
TXN0004207,S0005692,2026-06-01,CARD,240,SUCCESS
TXN0004208,S0005693,2026-06-01,CASH,72,SUCCESS
TXN0004209,S0005694,2026-06-01,CARD,100,SUCCESS
TXN0004210,S0005695,2026-06-01,UPI,25,SUCCESS
TXN0004211,S0005698,2026-06-01,UPI,30,SUCCESS
TXN0004212,S0005701,2026-06-01,CARD,33,SUCCESS
TXN0004213,S0005705,2026-06-01,CASH,72,SUCCESS
TXN0004214,S0005707,2026-06-01,CARD,25,SUCCESS
TXN0004215,S0005708,2026-06-01,UPI,280,SUCCESS
TXN0004216,S0005709,2026-06-01,UPI,50,SUCCESS
TXN0004217,S0005710,2026-06-01,CARD,600,SUCCESS
TXN0004218,S0005711,2026-06-01,CASH,25,SUCCESS
TXN0004219,S0005712,2026-06-01,UPI,930,SUCCESS
TXN0004220,S0005713,2026-06-02,CASH,90,SUCCESS
TXN0004221,S0005714,2026-06-02,UPI,145,SUCCESS
TXN0004222,S0005715,2026-06-02,UPI,40,SUCCESS
TXN0004223,S0005716,2026-06-02,CARD,20,SUCCESS
TXN0004224,S0005717,2026-06-02,UPI,135,SUCCESS
TXN0004225,S0005720,2026-06-02,CARD,305,SUCCESS
TXN0004226,S0005721,2026-06-02,UPI,515,SUCCESS
TXN0004227,S0005722,2026-06-02,CARD,190,SUCCESS
TXN0004228,S0005723,2026-06-02,CASH,16,SUCCESS
TXN0004229,S0005724,2026-06-02,CARD,435,SUCCESS
TXN0004230,S0005725,2026-06-02,CASH,176,SUCCESS
TXN0004231,S0005726,2026-06-02,CARD,432,SUCCESS
TXN0004232,S0005727,2026-06-02,CASH,38,SUCCESS
TXN0004233,S0005728,2026-06-02,CARD,490,SUCCESS
TXN0004234,S0005730,2026-06-02,UPI,15,SUCCESS
TXN0004235,S0005733,2026-06-02,UPI,435,SUCCESS
TXN0004236,S0005735,2026-06-02,CARD,190,SUCCESS
TXN0004237,S0005739,2026-06-02,CARD,100,SUCCESS
TXN0004238,S0005740,2026-06-02,CASH,759,SUCCESS
TXN0004239,S0005741,2026-06-02,UPI,100,SUCCESS
TXN0004240,S0005742,2026-06-02,CARD,72,SUCCESS
TXN0004241,S0005743,2026-06-02,CASH,45,SUCCESS
TXN0004242,S0005744,2026-06-02,CASH,25,SUCCESS
TXN0004243,S0005745,2026-06-03,CARD,20,SUCCESS
TXN0004244,S0005748,2026-06-03,UPI,25,SUCCESS
TXN0004245,S0005749,2026-06-03,CARD,50,SUCCESS
TXN0004246,S0005750,2026-06-03,CASH,200,SUCCESS
TXN0004247,S0005752,2026-06-03,CARD,310,SUCCESS
TXN0004248,S0005753,2026-06-03,UPI,104,SUCCESS
TXN0004249,S0005754,2026-06-03,UPI,100,SUCCESS
TXN0004250,S0005755,2026-06-03,CARD,70,SUCCESS
TXN0004251,S0005757,2026-06-03,CASH,46,SUCCESS
TXN0004252,S0005758,2026-06-03,CASH,616,SUCCESS
TXN0004253,S0005759,2026-06-03,CASH,23,SUCCESS
TXN0004254,S0005764,2026-06-03,UPI,924,SUCCESS
TXN0004255,S0005765,2026-06-03,CASH,155,SUCCESS
TXN0004256,S0005766,2026-06-03,CASH,429,SUCCESS
TXN0004257,S0005767,2026-06-03,CASH,47,SUCCESS
TXN0004258,S0005768,2026-06-03,UPI,105,SUCCESS
TXN0004259,S0005770,2026-06-03,CASH,310,SUCCESS
TXN0004260,S0005771,2026-06-03,UPI,255,SUCCESS
TXN0004261,S0005772,2026-06-03,UPI,70,SUCCESS
TXN0004262,S0005773,2026-06-03,CARD,25,SUCCESS
TXN0004263,S0005774,2026-06-03,CARD,108,SUCCESS
TXN0004264,S0005776,2026-06-03,CASH,10,SUCCESS
TXN0004265,S0005777,2026-06-03,UPI,50,SUCCESS
TXN0004266,S0005778,2026-06-04,UPI,216,SUCCESS
TXN0004267,S0005780,2026-06-04,CASH,64,SUCCESS
TXN0004268,S0005781,2026-06-04,UPI,80,SUCCESS
TXN0004269,S0005782,2026-06-04,UPI,93,SUCCESS
TXN0004270,S0005783,2026-06-04,CASH,35,SUCCESS
TXN0004271,S0005785,2026-06-04,UPI,50,SUCCESS
TXN0004272,S0005786,2026-06-04,CASH,85,SUCCESS
TXN0004273,S0005787,2026-06-04,CARD,30,SUCCESS
TXN0004274,S0005788,2026-06-04,CASH,570,SUCCESS
TXN0004275,S0005790,2026-06-04,CARD,48,SUCCESS
TXN0004276,S0005791,2026-06-04,CARD,120,SUCCESS
TXN0004277,S0005792,2026-06-04,CARD,13,SUCCESS
TXN0004278,S0005793,2026-06-04,UPI,105,SUCCESS
TXN0004279,S0005794,2026-06-04,CASH,50,SUCCESS
TXN0004280,S0005797,2026-06-04,UPI,150,SUCCESS
TXN0004281,S0005799,2026-06-04,CASH,200,SUCCESS
TXN0004282,S0005801,2026-06-04,CASH,110,SUCCESS
TXN0004283,S0005802,2026-06-04,CASH,160,SUCCESS
TXN0004284,S0005803,2026-06-04,CARD,143,SUCCESS
TXN0004285,S0005804,2026-06-04,UPI,15,SUCCESS
TXN0004286,S0005805,2026-06-04,UPI,105,SUCCESS
TXN0004287,S0005806,2026-06-04,CARD,308,SUCCESS
TXN0004288,S0005807,2026-06-04,CARD,260,SUCCESS
TXN0004289,S0005809,2026-06-04,CARD,30,SUCCESS
TXN0004290,S0005811,2026-06-04,UPI,45,SUCCESS
TXN0004291,S0005812,2026-06-04,CARD,5,SUCCESS
TXN0004292,S0005813,2026-06-04,CARD,25,SUCCESS
TXN0004293,S0005814,2026-06-04,CARD,15,SUCCESS
TXN0004294,S0005815,2026-06-05,CARD,125,SUCCESS
TXN0004295,S0005817,2026-06-05,CASH,24,SUCCESS
TXN0004296,S0005818,2026-06-05,UPI,300,SUCCESS
TXN0004297,S0005819,2026-06-05,CARD,45,SUCCESS
TXN0004298,S0005821,2026-06-05,CASH,42,SUCCESS
TXN0004299,S0005822,2026-06-05,CARD,45,SUCCESS
TXN0004300,S0005823,2026-06-05,CARD,765,SUCCESS
TXN0004301,S0005824,2026-06-05,CASH,144,SUCCESS
TXN0004302,S0005826,2026-06-05,UPI,15,SUCCESS
TXN0004303,S0005827,2026-06-05,CASH,25,SUCCESS
TXN0004304,S0005829,2026-06-05,CARD,45,SUCCESS
TXN0004305,S0005830,2026-06-05,CARD,210,SUCCESS
TXN0004306,S0005831,2026-06-05,UPI,150,SUCCESS
TXN0004307,S0005832,2026-06-05,CARD,145,SUCCESS
TXN0004308,S0005833,2026-06-05,CARD,100,SUCCESS
TXN0004309,S0005835,2026-06-05,UPI,510,SUCCESS
TXN0004310,S0005837,2026-06-05,CASH,130,SUCCESS
TXN0004311,S0005838,2026-06-05,CASH,400,SUCCESS
TXN0004312,S0005839,2026-06-05,CARD,140,SUCCESS
TXN0004313,S0005840,2026-06-05,UPI,56,SUCCESS
TXN0004314,S0005843,2026-06-05,UPI,620,SUCCESS
TXN0004315,S0005844,2026-06-05,CARD,25,SUCCESS
TXN0004316,S0005846,2026-06-05,CARD,45,SUCCESS
TXN0004317,S0005848,2026-06-05,CARD,190,SUCCESS
TXN0004318,S0005849,2026-06-05,CARD,30,SUCCESS
TXN0004319,S0005850,2026-06-06,CASH,90,SUCCESS
TXN0004320,S0005851,2026-06-06,CASH,280,SUCCESS
TXN0004321,S0005852,2026-06-06,CARD,90,SUCCESS
TXN0004322,S0005853,2026-06-06,CARD,42,SUCCESS
TXN0004323,S0005855,2026-06-06,CARD,25,SUCCESS
TXN0004324,S0005856,2026-06-06,CARD,26,SUCCESS
TXN0004325,S0005857,2026-06-06,CASH,64,SUCCESS
TXN0004326,S0005858,2026-06-06,CASH,310,SUCCESS
TXN0004327,S0005859,2026-06-06,CARD,141,SUCCESS
TXN0004328,S0005861,2026-06-06,UPI,103,SUCCESS
TXN0004329,S0005863,2026-06-06,CARD,110,SUCCESS
TXN0004330,S0005864,2026-06-06,CASH,150,SUCCESS
TXN0004331,S0005865,2026-06-06,CASH,540,SUCCESS
TXN0004332,S0005866,2026-06-06,CASH,186,SUCCESS
TXN0004333,S0005867,2026-06-06,UPI,930,SUCCESS
TXN0004334,S0005868,2026-06-06,UPI,28,SUCCESS
TXN0004335,S0005869,2026-06-06,CASH,40,SUCCESS
TXN0004336,S0005870,2026-06-06,CASH,510,SUCCESS
TXN0004337,S0005871,2026-06-06,CASH,255,SUCCESS
TXN0004338,S0005872,2026-06-06,CASH,50,SUCCESS
TXN0004339,S0005873,2026-06-06,CASH,23,SUCCESS
TXN0004340,S0005874,2026-06-06,CARD,10,SUCCESS
TXN0004341,S0005875,2026-06-06,UPI,620,SUCCESS
TXN0004342,S0005877,2026-06-06,CARD,38,SUCCESS
TXN0004343,S0005879,2026-06-06,CARD,208,SUCCESS
TXN0004344,S0005880,2026-06-06,CARD,20,SUCCESS
TXN0004345,S0005881,2026-06-06,CASH,75,SUCCESS
TXN0004346,S0005882,2026-06-06,UPI,190,SUCCESS
TXN0004347,S0005883,2026-06-06,CASH,399,SUCCESS
TXN0004348,S0005884,2026-06-06,UPI,99,SUCCESS
TXN0004349,S0005885,2026-06-06,CARD,305,SUCCESS
TXN0004350,S0005886,2026-06-06,UPI,180,SUCCESS
TXN0004351,S0005887,2026-06-06,CARD,200,SUCCESS
TXN0004352,S0005889,2026-06-06,CASH,350,SUCCESS
TXN0004353,S0005890,2026-06-06,CARD,96,SUCCESS
TXN0004354,S0005891,2026-06-06,CASH,15,SUCCESS
TXN0004355,S0005894,2026-06-06,UPI,95,SUCCESS
TXN0004356,S0005896,2026-06-06,CARD,200,SUCCESS
TXN0004357,S0005897,2026-06-07,CASH,156,SUCCESS
TXN0004358,S0005898,2026-06-07,CASH,72,SUCCESS
TXN0004359,S0005899,2026-06-07,UPI,279,SUCCESS
TXN0004360,S0005901,2026-06-07,CASH,620,SUCCESS
TXN0004361,S0005902,2026-06-07,UPI,216,SUCCESS
TXN0004362,S0005903,2026-06-07,CASH,48,SUCCESS
TXN0004363,S0005904,2026-06-07,UPI,50,SUCCESS
TXN0004364,S0005905,2026-06-07,CASH,145,SUCCESS
TXN0004365,S0005906,2026-06-07,UPI,5,SUCCESS
TXN0004366,S0005908,2026-06-07,UPI,135,SUCCESS
TXN0004367,S0005910,2026-06-07,UPI,100,SUCCESS
TXN0004368,S0005911,2026-06-07,CARD,190,SUCCESS
TXN0004369,S0005912,2026-06-07,UPI,110,SUCCESS
TXN0004370,S0005913,2026-06-07,CASH,18,SUCCESS
TXN0004371,S0005914,2026-06-07,CARD,475,SUCCESS
TXN0004372,S0005915,2026-06-07,UPI,90,SUCCESS
TXN0004373,S0005916,2026-06-07,UPI,140,SUCCESS
TXN0004374,S0005917,2026-06-07,CASH,270,SUCCESS
TXN0004375,S0005919,2026-06-07,UPI,144,SUCCESS
TXN0004376,S0005920,2026-06-07,UPI,510,SUCCESS
TXN0004377,S0005922,2026-06-07,CARD,25,SUCCESS
TXN0004378,S0005924,2026-06-07,CARD,28,SUCCESS
TXN0004379,S0005927,2026-06-07,UPI,50,SUCCESS
TXN0004380,S0005928,2026-06-07,CARD,30,SUCCESS
TXN0004381,S0005929,2026-06-07,UPI,8,SUCCESS
TXN0004382,S0005930,2026-06-07,CASH,120,SUCCESS
TXN0004383,S0005933,2026-06-08,CARD,40,SUCCESS
TXN0004384,S0005934,2026-06-08,UPI,50,SUCCESS
TXN0004385,S0005935,2026-06-08,CASH,84,SUCCESS
TXN0004386,S0005936,2026-06-08,CASH,45,SUCCESS
TXN0004387,S0005941,2026-06-08,UPI,93,SUCCESS
TXN0004388,S0005943,2026-06-08,UPI,50,SUCCESS
TXN0004389,S0005945,2026-06-08,UPI,50,SUCCESS
TXN0004390,S0005947,2026-06-08,CASH,305,SUCCESS
TXN0004391,S0005948,2026-06-08,CASH,104,SUCCESS
TXN0004392,S0005949,2026-06-08,CARD,40,SUCCESS
TXN0004393,S0005950,2026-06-08,CASH,56,SUCCESS
TXN0004394,S0005951,2026-06-08,UPI,175,SUCCESS
TXN0004395,S0005952,2026-06-08,CARD,425,SUCCESS
TXN0004396,S0005954,2026-06-08,CARD,104,SUCCESS
TXN0004397,S0005956,2026-06-08,CASH,26,SUCCESS
TXN0004398,S0005957,2026-06-08,CASH,135,SUCCESS
TXN0004399,S0005958,2026-06-08,CASH,310,SUCCESS
TXN0004400,S0005960,2026-06-08,CASH,104,SUCCESS
TXN0004401,S0005962,2026-06-08,UPI,26,SUCCESS
TXN0004402,S0005963,2026-06-09,CARD,76,SUCCESS
TXN0004403,S0005964,2026-06-09,CARD,81,SUCCESS
TXN0004404,S0005965,2026-06-09,CARD,104,SUCCESS
TXN0004405,S0005967,2026-06-09,CASH,1275,SUCCESS
TXN0004406,S0005968,2026-06-09,CASH,1200,SUCCESS
TXN0004407,S0005969,2026-06-09,CARD,42,SUCCESS
TXN0004408,S0005970,2026-06-09,UPI,125,SUCCESS
TXN0004409,S0005972,2026-06-09,CARD,270,SUCCESS
TXN0004410,S0005974,2026-06-09,CASH,100,SUCCESS
TXN0004411,S0005976,2026-06-09,CARD,46,SUCCESS
TXN0004412,S0005977,2026-06-09,UPI,22,SUCCESS
TXN0004413,S0005978,2026-06-09,CASH,255,SUCCESS
TXN0004414,S0005981,2026-06-09,CARD,310,SUCCESS
TXN0004415,S0005982,2026-06-09,UPI,930,SUCCESS
TXN0004416,S0005983,2026-06-09,UPI,50,SUCCESS
TXN0004417,S0005984,2026-06-09,CARD,310,SUCCESS
TXN0004418,S0005986,2026-06-09,UPI,135,SUCCESS
TXN0004419,S0005987,2026-06-09,UPI,45,SUCCESS
TXN0004420,S0005988,2026-06-09,CARD,64,SUCCESS
TXN0004421,S0005990,2026-06-09,CASH,245,SUCCESS
TXN0004422,S0005992,2026-06-09,CARD,145,SUCCESS
TXN0004423,S0005994,2026-06-09,UPI,80,SUCCESS
TXN0004424,S0005995,2026-06-10,CARD,88,SUCCESS
TXN0004425,S0005996,2026-06-10,CARD,360,SUCCESS
TXN0004426,S0005997,2026-06-10,CASH,85,SUCCESS
TXN0004427,S0005999,2026-06-10,CASH,70,SUCCESS
TXN0004428,S0006000,2026-06-10,CARD,45,SUCCESS
TXN0004429,S0006001,2026-06-10,UPI,50,SUCCESS
TXN0004430,S0006002,2026-06-10,UPI,175,SUCCESS
TXN0004431,S0006003,2026-06-10,CASH,40,SUCCESS
TXN0004432,S0006004,2026-06-10,CARD,135,SUCCESS
TXN0004433,S0006005,2026-06-10,UPI,380,SUCCESS
TXN0004434,S0006006,2026-06-10,UPI,255,SUCCESS
TXN0004435,S0006008,2026-06-10,UPI,180,SUCCESS
TXN0004436,S0006009,2026-06-10,CARD,38,SUCCESS
TXN0004437,S0006010,2026-06-10,CASH,152,SUCCESS
TXN0004438,S0006011,2026-06-10,CASH,15,SUCCESS
TXN0004439,S0006013,2026-06-10,UPI,138,SUCCESS
TXN0004440,S0006014,2026-06-10,CASH,64,SUCCESS
TXN0004441,S0006015,2026-06-10,CARD,70,SUCCESS
TXN0004442,S0006016,2026-06-10,CASH,16,SUCCESS
TXN0004443,S0006017,2026-06-10,CARD,190,SUCCESS
TXN0004444,S0006018,2026-06-10,CARD,95,SUCCESS
TXN0004445,S0006019,2026-06-10,UPI,175,SUCCESS
TXN0004446,S0006021,2026-06-10,UPI,38,SUCCESS
TXN0004447,S0006022,2026-06-10,CARD,70,SUCCESS
TXN0004448,S0006024,2026-06-10,CASH,125,SUCCESS
TXN0004449,S0006025,2026-06-10,UPI,88,SUCCESS
TXN0004450,S0006026,2026-06-10,CARD,190,SUCCESS
TXN0004451,S0006027,2026-06-10,CARD,435,SUCCESS
TXN0004452,S0006028,2026-06-10,UPI,64,SUCCESS
TXN0004453,S0006029,2026-06-10,UPI,190,SUCCESS
TXN0004454,S0006031,2026-06-10,UPI,143,SUCCESS
TXN0004455,S0006032,2026-06-10,CARD,104,SUCCESS
TXN0004456,S0006034,2026-06-11,CASH,250,SUCCESS
TXN0004457,S0006036,2026-06-11,CASH,96,SUCCESS
TXN0004458,S0006037,2026-06-11,CARD,25,SUCCESS
TXN0004459,S0006038,2026-06-11,CASH,100,SUCCESS
TXN0004460,S0006039,2026-06-11,CASH,310,SUCCESS
TXN0004461,S0006040,2026-06-11,CARD,50,SUCCESS
TXN0004462,S0006041,2026-06-11,UPI,268,SUCCESS
TXN0004463,S0006043,2026-06-11,CARD,100,SUCCESS
TXN0004464,S0006044,2026-06-11,CASH,145,SUCCESS
TXN0004465,S0006045,2026-06-11,CARD,168,SUCCESS
TXN0004466,S0006046,2026-06-11,CARD,33,SUCCESS
TXN0004467,S0006047,2026-06-11,UPI,510,SUCCESS
TXN0004468,S0006049,2026-06-11,CASH,50,SUCCESS
TXN0004469,S0006050,2026-06-11,UPI,36,SUCCESS
TXN0004470,S0006051,2026-06-11,CARD,47,SUCCESS
TXN0004471,S0006052,2026-06-11,CASH,60,SUCCESS
TXN0004472,S0006053,2026-06-11,UPI,475,SUCCESS
TXN0004473,S0006054,2026-06-11,CARD,255,SUCCESS
TXN0004474,S0006055,2026-06-11,CARD,309,SUCCESS
TXN0004475,S0006056,2026-06-11,UPI,32,SUCCESS
TXN0004476,S0006057,2026-06-11,CASH,620,SUCCESS
TXN0004477,S0006058,2026-06-11,UPI,255,SUCCESS
TXN0004478,S0006059,2026-06-11,CARD,440,SUCCESS
TXN0004479,S0006060,2026-06-11,CARD,465,SUCCESS
TXN0004480,S0006061,2026-06-11,UPI,56,SUCCESS
TXN0004481,S0006062,2026-06-11,CASH,270,SUCCESS
TXN0004482,S0006063,2026-06-11,CASH,190,SUCCESS
TXN0004483,S0006064,2026-06-12,CARD,47,SUCCESS
TXN0004484,S0006067,2026-06-12,UPI,266,SUCCESS
TXN0004485,S0006070,2026-06-12,CARD,50,SUCCESS
TXN0004486,S0006071,2026-06-12,CASH,245,SUCCESS
TXN0004487,S0006072,2026-06-12,CASH,266,SUCCESS
TXN0004488,S0006073,2026-06-12,CASH,250,SUCCESS
TXN0004489,S0006074,2026-06-12,CARD,62,SUCCESS
TXN0004490,S0006075,2026-06-12,CASH,134,SUCCESS
TXN0004491,S0006077,2026-06-12,CASH,76,SUCCESS
TXN0004492,S0006078,2026-06-12,CASH,15,SUCCESS
TXN0004493,S0006079,2026-06-12,UPI,20,SUCCESS
TXN0004494,S0006083,2026-06-12,UPI,95,SUCCESS
TXN0004495,S0006084,2026-06-12,CASH,30,SUCCESS
TXN0004496,S0006085,2026-06-12,CARD,85,SUCCESS
TXN0004497,S0006086,2026-06-12,UPI,15,SUCCESS
TXN0004498,S0006087,2026-06-12,UPI,305,SUCCESS
TXN0004499,S0006089,2026-06-12,CASH,210,SUCCESS
TXN0004500,S0006091,2026-06-12,UPI,90,SUCCESS
TXN0004501,S0006093,2026-06-12,CASH,105,SUCCESS
TXN0004502,S0006094,2026-06-12,CARD,200,SUCCESS
TXN0004503,S0006096,2026-06-12,CASH,10,SUCCESS
TXN0004504,S0006098,2026-06-12,UPI,54,SUCCESS
TXN0004505,S0006100,2026-06-12,CASH,285,SUCCESS
TXN0004506,S0006102,2026-06-12,CASH,52,SUCCESS
TXN0004507,S0006104,2026-06-12,CASH,915,SUCCESS
TXN0004508,S0006105,2026-06-12,UPI,1860,SUCCESS
TXN0004509,S0006106,2026-06-12,CASH,42,SUCCESS
TXN0004510,S0006107,2026-06-12,UPI,40,SUCCESS
TXN0004511,S0006108,2026-06-12,CASH,25,SUCCESS
TXN0004512,S0006109,2026-06-13,CASH,140,SUCCESS
TXN0004513,S0006110,2026-06-13,UPI,930,SUCCESS
TXN0004514,S0006112,2026-06-13,CARD,96,SUCCESS
TXN0004515,S0006113,2026-06-13,UPI,72,SUCCESS
TXN0004516,S0006114,2026-06-13,CASH,572,SUCCESS
TXN0004517,S0006115,2026-06-13,UPI,190,SUCCESS
TXN0004518,S0006116,2026-06-13,CARD,120,SUCCESS
TXN0004519,S0006118,2026-06-13,UPI,20,SUCCESS
TXN0004520,S0006119,2026-06-13,UPI,33,SUCCESS
TXN0004521,S0006120,2026-06-13,CARD,50,SUCCESS
TXN0004522,S0006121,2026-06-13,CASH,190,SUCCESS
TXN0004523,S0006122,2026-06-13,CASH,612,SUCCESS
TXN0004524,S0006123,2026-06-13,CASH,176,SUCCESS
TXN0004525,S0006124,2026-06-13,CARD,180,SUCCESS
TXN0004526,S0006125,2026-06-13,CASH,250,SUCCESS
TXN0004527,S0006127,2026-06-13,CASH,125,SUCCESS
TXN0004528,S0006128,2026-06-13,CARD,95,SUCCESS
TXN0004529,S0006129,2026-06-13,CASH,190,SUCCESS
TXN0004530,S0006130,2026-06-13,UPI,47,SUCCESS
TXN0004531,S0006131,2026-06-13,CARD,50,SUCCESS
TXN0004532,S0006132,2026-06-13,CASH,270,SUCCESS
TXN0004533,S0006133,2026-06-13,UPI,32,SUCCESS
TXN0004534,S0006134,2026-06-13,CASH,310,SUCCESS
TXN0004535,S0006135,2026-06-13,CASH,50,SUCCESS
TXN0004536,S0006136,2026-06-13,UPI,54,SUCCESS
TXN0004537,S0006137,2026-06-13,CASH,104,SUCCESS
TXN0004538,S0006138,2026-06-13,CASH,255,SUCCESS
TXN0004539,S0006139,2026-06-13,CASH,255,SUCCESS
TXN0004540,S0006140,2026-06-13,CARD,150,SUCCESS
TXN0004541,S0006141,2026-06-13,UPI,47,SUCCESS
TXN0004542,S0006142,2026-06-13,CASH,95,SUCCESS
TXN0004543,S0006143,2026-06-13,CASH,735,SUCCESS
TXN0004544,S0006144,2026-06-13,CARD,450,SUCCESS
TXN0004545,S0006146,2026-06-13,UPI,110,SUCCESS
TXN0004546,S0006147,2026-06-13,CASH,47,SUCCESS
TXN0004547,S0006148,2026-06-13,CARD,76,SUCCESS
TXN0004548,S0006149,2026-06-13,CASH,33,SUCCESS
TXN0004549,S0006150,2026-06-13,UPI,42,SUCCESS
TXN0004550,S0006151,2026-06-13,UPI,60,SUCCESS
TXN0004551,S0006152,2026-06-13,UPI,80,SUCCESS
TXN0004552,S0006153,2026-06-13,UPI,135,SUCCESS
TXN0004553,S0006154,2026-06-13,CASH,46,SUCCESS
TXN0004554,S0006155,2026-06-13,CARD,270,SUCCESS
TXN0004555,S0006156,2026-06-14,CARD,255,SUCCESS
TXN0004556,S0006158,2026-06-14,UPI,25,SUCCESS
TXN0004557,S0006160,2026-06-14,CARD,616,SUCCESS
TXN0004558,S0006161,2026-06-14,CARD,132,SUCCESS
TXN0004559,S0006163,2026-06-14,UPI,64,SUCCESS
TXN0004560,S0006166,2026-06-14,CARD,52,SUCCESS
TXN0004561,S0006167,2026-06-14,CARD,144,SUCCESS
TXN0004562,S0006169,2026-06-14,CARD,45,SUCCESS
TXN0004563,S0006170,2026-06-14,CASH,120,SUCCESS
TXN0004564,S0006171,2026-06-14,UPI,144,SUCCESS
TXN0004565,S0006173,2026-06-14,CASH,25,SUCCESS
TXN0004566,S0006175,2026-06-14,CASH,435,SUCCESS
TXN0004567,S0006177,2026-06-14,CARD,105,SUCCESS
TXN0004568,S0006178,2026-06-14,CARD,28,SUCCESS
TXN0004569,S0006179,2026-06-14,UPI,100,SUCCESS
TXN0004570,S0006180,2026-06-14,UPI,206,SUCCESS
TXN0004571,S0006181,2026-06-14,UPI,180,SUCCESS
TXN0004572,S0006183,2026-06-14,CARD,47,SUCCESS
TXN0004573,S0006185,2026-06-14,CARD,50,SUCCESS
TXN0004574,S0006186,2026-06-14,CARD,95,SUCCESS
TXN0004575,S0006187,2026-06-14,CARD,38,SUCCESS
TXN0004576,S0006188,2026-06-14,CASH,210,SUCCESS
TXN0004577,S0006189,2026-06-14,CASH,475,SUCCESS
TXN0004578,S0006190,2026-06-14,CASH,245,SUCCESS
TXN0004579,S0006191,2026-06-14,CARD,620,SUCCESS
TXN0004580,S0006193,2026-06-14,CARD,310,SUCCESS
TXN0004581,S0006195,2026-06-14,CARD,48,SUCCESS
TXN0004582,S0006197,2026-06-14,CARD,33,SUCCESS
TXN0004583,S0006198,2026-06-14,CARD,22,SUCCESS
TXN0004584,S0006200,2026-06-14,CARD,150,SUCCESS
TXN0004585,S0006202,2026-06-14,CARD,155,SUCCESS
TXN0004586,S0006203,2026-06-14,CARD,104,SUCCESS
TXN0004587,S0006204,2026-06-14,UPI,36,SUCCESS
TXN0004588,S0006205,2026-06-15,CARD,216,SUCCESS
TXN0004589,S0006206,2026-06-15,CARD,180,SUCCESS
TXN0004590,S0006207,2026-06-15,CASH,30,SUCCESS
TXN0004591,S0006210,2026-06-15,CASH,25,SUCCESS
TXN0004592,S0006211,2026-06-15,CARD,620,SUCCESS
TXN0004593,S0006212,2026-06-15,UPI,104,SUCCESS
TXN0004594,S0006213,2026-06-15,UPI,50,SUCCESS
TXN0004595,S0006214,2026-06-15,CARD,18,SUCCESS
TXN0004596,S0006215,2026-06-15,CASH,112,SUCCESS
TXN0004597,S0006216,2026-06-15,CASH,170,SUCCESS
TXN0004598,S0006217,2026-06-15,CARD,35,SUCCESS
TXN0004599,S0006218,2026-06-15,UPI,30,SUCCESS
TXN0004600,S0006219,2026-06-15,CASH,108,SUCCESS
TXN0004601,S0006220,2026-06-15,CASH,285,SUCCESS
TXN0004602,S0006221,2026-06-15,UPI,280,SUCCESS
TXN0004603,S0006222,2026-06-15,UPI,1232,SUCCESS
TXN0004604,S0006223,2026-06-15,CARD,133,SUCCESS
TXN0004605,S0006224,2026-06-15,UPI,25,SUCCESS
TXN0004606,S0006226,2026-06-15,CARD,612,SUCCESS
TXN0004607,S0006227,2026-06-15,CARD,50,SUCCESS
TXN0004608,S0006230,2026-06-15,CASH,1020,SUCCESS
TXN0004609,S0006231,2026-06-15,UPI,30,SUCCESS
TXN0004610,S0006232,2026-06-15,CARD,48,SUCCESS
TXN0004611,S0006233,2026-06-15,CASH,22,SUCCESS
TXN0004612,S0006234,2026-06-15,CASH,38,SUCCESS
TXN0004613,S0006235,2026-06-15,CARD,72,SUCCESS
TXN0004614,S0006237,2026-06-15,UPI,310,SUCCESS
TXN0004615,S0006238,2026-06-15,CARD,20,SUCCESS
TXN0004616,S0006239,2026-06-15,UPI,84,SUCCESS
TXN0004617,S0006240,2026-06-15,UPI,620,SUCCESS
TXN0004618,S0006241,2026-06-15,CASH,255,SUCCESS
TXN0004619,S0006242,2026-06-15,CASH,375,SUCCESS
TXN0004620,S0006243,2026-06-15,CARD,128,SUCCESS
TXN0004621,S0006244,2026-06-15,CASH,75,SUCCESS
TXN0004622,S0006245,2026-06-15,CARD,145,SUCCESS
TXN0004623,S0006246,2026-06-16,UPI,93,SUCCESS
TXN0004624,S0006247,2026-06-16,UPI,100,SUCCESS
TXN0004625,S0006248,2026-06-16,UPI,405,SUCCESS
TXN0004626,S0006250,2026-06-16,CASH,50,SUCCESS
TXN0004627,S0006251,2026-06-16,CASH,80,SUCCESS
TXN0004628,S0006252,2026-06-16,CASH,128,SUCCESS
TXN0004629,S0006254,2026-06-16,CARD,95,SUCCESS
TXN0004630,S0006255,2026-06-16,CASH,100,SUCCESS
TXN0004631,S0006256,2026-06-16,CASH,190,SUCCESS
TXN0004632,S0006258,2026-06-16,CASH,90,SUCCESS
TXN0004633,S0006259,2026-06-16,CASH,352,SUCCESS
TXN0004634,S0006261,2026-06-16,CASH,90,SUCCESS
TXN0004635,S0006262,2026-06-16,CASH,52,SUCCESS
TXN0004636,S0006263,2026-06-16,CARD,45,SUCCESS
TXN0004637,S0006264,2026-06-16,UPI,255,SUCCESS
TXN0004638,S0006265,2026-06-16,UPI,506,SUCCESS
TXN0004639,S0006267,2026-06-16,CASH,405,SUCCESS
TXN0004640,S0006268,2026-06-16,UPI,110,SUCCESS
TXN0004641,S0006269,2026-06-16,CASH,620,SUCCESS
TXN0004642,S0006270,2026-06-16,CASH,105,SUCCESS
TXN0004643,S0006271,2026-06-16,CASH,180,SUCCESS
TXN0004644,S0006274,2026-06-16,CARD,40,SUCCESS
TXN0004645,S0006275,2026-06-16,CARD,105,SUCCESS
TXN0004646,S0006276,2026-06-16,CASH,28,SUCCESS
TXN0004647,S0006277,2026-06-16,CASH,104,SUCCESS
TXN0004648,S0006278,2026-06-16,UPI,156,SUCCESS
TXN0004649,S0006279,2026-06-16,CARD,30,SUCCESS
TXN0004650,S0006280,2026-06-16,CASH,25,SUCCESS
TXN0004651,S0006281,2026-06-16,CASH,80,SUCCESS
TXN0004652,S0006283,2026-06-16,CARD,1275,SUCCESS
TXN0004653,S0006284,2026-06-16,UPI,220,SUCCESS
TXN0004654,S0006286,2026-06-17,UPI,285,SUCCESS
TXN0004655,S0006288,2026-06-17,CARD,95,SUCCESS
TXN0004656,S0006289,2026-06-17,UPI,115,SUCCESS
TXN0004657,S0006290,2026-06-17,CASH,260,SUCCESS
TXN0004658,S0006291,2026-06-17,UPI,95,SUCCESS
TXN0004659,S0006292,2026-06-17,CASH,28,SUCCESS
TXN0004660,S0006293,2026-06-17,CASH,915,SUCCESS
TXN0004661,S0006294,2026-06-17,UPI,35,SUCCESS
TXN0004662,S0006297,2026-06-17,UPI,210,SUCCESS
TXN0004663,S0006299,2026-06-17,CARD,255,SUCCESS
TXN0004664,S0006300,2026-06-17,CASH,72,SUCCESS
TXN0004665,S0006301,2026-06-17,CARD,125,SUCCESS
TXN0004666,S0006302,2026-06-17,CARD,465,SUCCESS
TXN0004667,S0006303,2026-06-17,CARD,310,SUCCESS
TXN0004668,S0006304,2026-06-17,UPI,15,SUCCESS
TXN0004669,S0006306,2026-06-17,CARD,72,SUCCESS
TXN0004670,S0006307,2026-06-17,CARD,36,SUCCESS
TXN0004671,S0006308,2026-06-17,UPI,50,SUCCESS
TXN0004672,S0006309,2026-06-17,CASH,260,SUCCESS
TXN0004673,S0006310,2026-06-17,UPI,45,SUCCESS
TXN0004674,S0006312,2026-06-18,UPI,580,SUCCESS
TXN0004675,S0006313,2026-06-18,CASH,104,SUCCESS
TXN0004676,S0006318,2026-06-18,UPI,135,SUCCESS
TXN0004677,S0006319,2026-06-18,CASH,40,SUCCESS
TXN0004678,S0006320,2026-06-18,UPI,66,SUCCESS
TXN0004679,S0006322,2026-06-18,CARD,28,SUCCESS
TXN0004680,S0006323,2026-06-18,CASH,85,SUCCESS
TXN0004681,S0006324,2026-06-18,CARD,50,SUCCESS
TXN0004682,S0006325,2026-06-18,UPI,330,SUCCESS
TXN0004683,S0006326,2026-06-18,CARD,40,SUCCESS
TXN0004684,S0006327,2026-06-18,CARD,108,SUCCESS
TXN0004685,S0006328,2026-06-18,CASH,25,SUCCESS
TXN0004686,S0006329,2026-06-18,UPI,255,SUCCESS
TXN0004687,S0006330,2026-06-18,CARD,42,SUCCESS
TXN0004688,S0006331,2026-06-18,CARD,125,SUCCESS
TXN0004689,S0006333,2026-06-18,UPI,54,SUCCESS
TXN0004690,S0006337,2026-06-18,CARD,288,SUCCESS
TXN0004691,S0006338,2026-06-18,CASH,155,SUCCESS
TXN0004692,S0006339,2026-06-19,UPI,70,SUCCESS
TXN0004693,S0006340,2026-06-19,UPI,15,SUCCESS
TXN0004694,S0006341,2026-06-19,CARD,930,SUCCESS
TXN0004695,S0006344,2026-06-19,CASH,23,SUCCESS
TXN0004696,S0006345,2026-06-19,UPI,38,SUCCESS
TXN0004697,S0006346,2026-06-19,CARD,56,SUCCESS
TXN0004698,S0006348,2026-06-19,UPI,95,SUCCESS
TXN0004699,S0006350,2026-06-19,CARD,128,SUCCESS
TXN0004700,S0006351,2026-06-19,CASH,260,SUCCESS
TXN0004701,S0006352,2026-06-19,CASH,114,SUCCESS
TXN0004702,S0006353,2026-06-19,UPI,180,SUCCESS
TXN0004703,S0006354,2026-06-19,CARD,26,SUCCESS
TXN0004704,S0006355,2026-06-19,CARD,150,SUCCESS
TXN0004705,S0006356,2026-06-19,CASH,40,SUCCESS
TXN0004706,S0006357,2026-06-19,CARD,18,SUCCESS
TXN0004707,S0006358,2026-06-19,CARD,13,SUCCESS
TXN0004708,S0006359,2026-06-19,UPI,100,SUCCESS
TXN0004709,S0006361,2026-06-19,CASH,350,SUCCESS
TXN0004710,S0006362,2026-06-19,CARD,50,SUCCESS
TXN0004711,S0006363,2026-06-19,CARD,23,SUCCESS
TXN0004712,S0006364,2026-06-19,CARD,186,SUCCESS
TXN0004713,S0006365,2026-06-19,CASH,45,SUCCESS
TXN0004714,S0006366,2026-06-19,CARD,52,SUCCESS
TXN0004715,S0006368,2026-06-19,CARD,64,SUCCESS
TXN0004716,S0006369,2026-06-19,UPI,290,SUCCESS
TXN0004717,S0006371,2026-06-19,CASH,156,SUCCESS
TXN0004718,S0006372,2026-06-19,UPI,270,SUCCESS
TXN0004719,S0006373,2026-06-19,CARD,135,SUCCESS
TXN0004720,S0006375,2026-06-19,CASH,156,SUCCESS
TXN0004721,S0006376,2026-06-20,UPI,156,SUCCESS
TXN0004722,S0006378,2026-06-20,UPI,18,SUCCESS
TXN0004723,S0006379,2026-06-20,CASH,47,SUCCESS
TXN0004724,S0006380,2026-06-20,UPI,360,SUCCESS
TXN0004725,S0006381,2026-06-20,CARD,188,SUCCESS
TXN0004726,S0006382,2026-06-20,UPI,435,SUCCESS
TXN0004727,S0006384,2026-06-20,CARD,10,SUCCESS
TXN0004728,S0006386,2026-06-20,CARD,550,SUCCESS
TXN0004729,S0006388,2026-06-20,UPI,924,SUCCESS
TXN0004730,S0006389,2026-06-20,UPI,70,SUCCESS
TXN0004731,S0006390,2026-06-20,CARD,20,SUCCESS
TXN0004732,S0006391,2026-06-20,CARD,220,SUCCESS
TXN0004733,S0006392,2026-06-20,UPI,35,SUCCESS
TXN0004734,S0006393,2026-06-20,CARD,775,SUCCESS
TXN0004735,S0006394,2026-06-20,CASH,255,SUCCESS
TXN0004736,S0006395,2026-06-20,CASH,200,SUCCESS
TXN0004737,S0006396,2026-06-20,UPI,400,SUCCESS
TXN0004738,S0006399,2026-06-20,UPI,105,SUCCESS
TXN0004739,S0006402,2026-06-21,UPI,85,SUCCESS
TXN0004740,S0006403,2026-06-21,CARD,340,SUCCESS
TXN0004741,S0006404,2026-06-21,CASH,45,SUCCESS
TXN0004742,S0006406,2026-06-21,UPI,144,SUCCESS
TXN0004743,S0006408,2026-06-21,CARD,18,SUCCESS
TXN0004744,S0006409,2026-06-21,CASH,110,SUCCESS
TXN0004745,S0006410,2026-06-21,CASH,75,SUCCESS
TXN0004746,S0006411,2026-06-21,CARD,340,SUCCESS
TXN0004747,S0006412,2026-06-21,CARD,765,SUCCESS
TXN0004748,S0006413,2026-06-21,CASH,45,SUCCESS
TXN0004749,S0006414,2026-06-21,CASH,28,SUCCESS
TXN0004750,S0006415,2026-06-21,CASH,220,SUCCESS
TXN0004751,S0006416,2026-06-21,UPI,40,SUCCESS
TXN0004752,S0006417,2026-06-21,CARD,208,SUCCESS
TXN0004753,S0006418,2026-06-21,CASH,46,SUCCESS
TXN0004754,S0006419,2026-06-21,UPI,110,SUCCESS
TXN0004755,S0006421,2026-06-21,UPI,190,SUCCESS
TXN0004756,S0006425,2026-06-21,CARD,48,SUCCESS
TXN0004757,S0006426,2026-06-21,CASH,90,SUCCESS
TXN0004758,S0006427,2026-06-21,CASH,40,SUCCESS
TXN0004759,S0006428,2026-06-21,CASH,1275,SUCCESS
TXN0004760,S0006429,2026-06-21,CARD,180,SUCCESS
TXN0004761,S0006430,2026-06-21,UPI,135,SUCCESS
TXN0004762,S0006431,2026-06-21,CASH,220,SUCCESS
TXN0004763,S0006432,2026-06-21,CARD,255,SUCCESS
TXN0004764,S0006433,2026-06-21,UPI,152,SUCCESS
TXN0004765,S0006434,2026-06-21,CASH,310,SUCCESS
TXN0004766,S0006435,2026-06-21,CASH,20,SUCCESS
TXN0004767,S0006436,2026-06-21,CARD,18,SUCCESS
TXN0004768,S0006442,2026-06-21,CASH,286,SUCCESS
TXN0004769,S0006443,2026-06-21,CARD,125,SUCCESS
TXN0004770,S0006446,2026-06-21,UPI,30,SUCCESS
TXN0004771,S0006447,2026-06-21,UPI,25,SUCCESS
TXN0004772,S0006448,2026-06-21,CARD,124,SUCCESS
TXN0004773,S0006449,2026-06-21,CARD,70,SUCCESS
TXN0004774,S0006450,2026-06-21,CASH,200,SUCCESS
TXN0004775,S0006451,2026-06-21,CASH,475,SUCCESS
TXN0004776,S0006452,2026-06-22,UPI,144,SUCCESS
TXN0004777,S0006453,2026-06-22,UPI,75,SUCCESS
TXN0004778,S0006455,2026-06-22,CARD,90,SUCCESS
TXN0004779,S0006456,2026-06-22,UPI,96,SUCCESS
TXN0004780,S0006457,2026-06-22,UPI,105,SUCCESS
TXN0004781,S0006458,2026-06-22,UPI,135,SUCCESS
TXN0004782,S0006459,2026-06-22,CASH,30,SUCCESS
TXN0004783,S0006460,2026-06-22,CARD,104,SUCCESS
TXN0004784,S0006461,2026-06-22,CARD,50,SUCCESS
TXN0004785,S0006463,2026-06-22,CASH,145,SUCCESS
TXN0004786,S0006464,2026-06-22,CARD,405,SUCCESS
TXN0004787,S0006466,2026-06-22,CARD,50,SUCCESS
TXN0004788,S0006467,2026-06-22,UPI,18,SUCCESS
TXN0004789,S0006468,2026-06-22,CARD,210,SUCCESS
TXN0004790,S0006470,2026-06-22,UPI,110,SUCCESS
TXN0004791,S0006471,2026-06-22,CASH,48,SUCCESS
TXN0004792,S0006472,2026-06-22,CARD,110,SUCCESS
TXN0004793,S0006473,2026-06-22,CARD,28,SUCCESS
TXN0004794,S0006475,2026-06-22,CARD,176,SUCCESS
TXN0004795,S0006476,2026-06-22,UPI,310,SUCCESS
TXN0004796,S0006477,2026-06-22,CARD,125,SUCCESS
TXN0004797,S0006478,2026-06-22,CARD,45,SUCCESS
TXN0004798,S0006479,2026-06-22,CARD,153,SUCCESS
TXN0004799,S0006481,2026-06-22,CASH,270,SUCCESS
TXN0004800,S0006482,2026-06-22,CASH,35,SUCCESS
TXN0004801,S0006483,2026-06-22,CARD,23,SUCCESS
TXN0004802,S0006484,2026-06-22,CASH,90,SUCCESS
TXN0004803,S0006485,2026-06-23,CARD,38,SUCCESS
TXN0004804,S0006486,2026-06-23,CARD,25,SUCCESS
TXN0004805,S0006488,2026-06-23,UPI,155,SUCCESS
TXN0004806,S0006489,2026-06-23,CASH,210,SUCCESS
TXN0004807,S0006490,2026-06-23,CASH,610,SUCCESS
TXN0004808,S0006491,2026-06-23,UPI,50,SUCCESS
TXN0004809,S0006493,2026-06-23,CARD,220,SUCCESS
TXN0004810,S0006496,2026-06-23,CASH,400,SUCCESS
TXN0004811,S0006497,2026-06-23,CARD,60,SUCCESS
TXN0004812,S0006498,2026-06-23,UPI,95,SUCCESS
TXN0004813,S0006499,2026-06-23,CARD,90,SUCCESS
TXN0004814,S0006500,2026-06-23,UPI,315,SUCCESS
TXN0004815,S0006501,2026-06-23,CARD,25,SUCCESS
TXN0004816,S0006502,2026-06-23,UPI,145,SUCCESS
TXN0004817,S0006503,2026-06-23,UPI,360,SUCCESS
TXN0004818,S0006504,2026-06-23,CASH,255,SUCCESS
TXN0004819,S0006505,2026-06-23,UPI,120,SUCCESS
TXN0004820,S0006506,2026-06-23,CASH,60,SUCCESS
TXN0004821,S0006507,2026-06-23,UPI,270,SUCCESS
TXN0004822,S0006508,2026-06-23,UPI,47,SUCCESS
TXN0004823,S0006509,2026-06-23,CASH,150,SUCCESS
TXN0004824,S0006511,2026-06-23,UPI,70,SUCCESS
TXN0004825,S0006512,2026-06-23,UPI,270,SUCCESS
TXN0004826,S0006513,2026-06-23,UPI,270,SUCCESS
TXN0004827,S0006514,2026-06-23,CASH,175,SUCCESS
TXN0004828,S0006518,2026-06-23,CARD,170,SUCCESS
TXN0004829,S0006520,2026-06-23,CARD,8,SUCCESS
TXN0004830,S0006522,2026-06-23,CARD,32,SUCCESS
TXN0004831,S0006523,2026-06-23,CASH,210,SUCCESS
TXN0004832,S0006524,2026-06-24,CASH,100,SUCCESS
TXN0004833,S0006525,2026-06-24,CASH,25,SUCCESS
TXN0004834,S0006526,2026-06-24,UPI,310,SUCCESS
TXN0004835,S0006527,2026-06-24,CARD,510,SUCCESS
TXN0004836,S0006528,2026-06-24,UPI,190,SUCCESS
TXN0004837,S0006529,2026-06-24,UPI,39,SUCCESS
TXN0004838,S0006532,2026-06-24,CARD,70,SUCCESS
TXN0004839,S0006533,2026-06-24,UPI,67,SUCCESS
TXN0004840,S0006534,2026-06-24,CASH,60,SUCCESS
TXN0004841,S0006535,2026-06-24,UPI,700,SUCCESS
TXN0004842,S0006537,2026-06-24,CASH,180,SUCCESS
TXN0004843,S0006538,2026-06-24,UPI,50,SUCCESS
TXN0004844,S0006539,2026-06-24,CASH,104,SUCCESS
TXN0004845,S0006541,2026-06-24,UPI,100,SUCCESS
TXN0004846,S0006542,2026-06-24,CARD,10,SUCCESS
TXN0004847,S0006543,2026-06-24,CASH,125,SUCCESS
TXN0004848,S0006544,2026-06-24,CARD,90,SUCCESS
TXN0004849,S0006546,2026-06-24,UPI,50,SUCCESS
TXN0004850,S0006549,2026-06-24,CASH,150,SUCCESS
TXN0004851,S0006551,2026-06-24,CASH,95,SUCCESS
TXN0004852,S0006553,2026-06-24,CARD,32,SUCCESS
TXN0004853,S0006555,2026-06-24,UPI,75,SUCCESS
TXN0004854,S0006556,2026-06-24,CARD,285,SUCCESS
TXN0004855,S0006557,2026-06-24,CASH,145,SUCCESS
TXN0004856,S0006558,2026-06-25,CASH,47,SUCCESS
TXN0004857,S0006559,2026-06-25,CASH,110,SUCCESS
TXN0004858,S0006560,2026-06-25,CASH,140,SUCCESS
TXN0004859,S0006561,2026-06-25,UPI,52,SUCCESS
TXN0004860,S0006562,2026-06-25,UPI,270,SUCCESS
TXN0004861,S0006565,2026-06-25,CASH,50,SUCCESS
TXN0004862,S0006566,2026-06-25,UPI,1220,SUCCESS
TXN0004863,S0006567,2026-06-25,CASH,20,SUCCESS
TXN0004864,S0006569,2026-06-25,UPI,50,SUCCESS
TXN0004865,S0006570,2026-06-25,UPI,108,SUCCESS
TXN0004866,S0006571,2026-06-25,CASH,100,SUCCESS
TXN0004867,S0006572,2026-06-25,CARD,270,SUCCESS
TXN0004868,S0006573,2026-06-25,UPI,525,SUCCESS
TXN0004869,S0006574,2026-06-25,CASH,120,SUCCESS
TXN0004870,S0006575,2026-06-25,CARD,100,SUCCESS
TXN0004871,S0006577,2026-06-25,CARD,23,SUCCESS
TXN0004872,S0006578,2026-06-25,CASH,372,SUCCESS
TXN0004873,S0006579,2026-06-25,CARD,15,SUCCESS
TXN0004874,S0006580,2026-06-25,CASH,48,SUCCESS
TXN0004875,S0006581,2026-06-25,CARD,30,SUCCESS
TXN0004876,S0006582,2026-06-25,UPI,105,SUCCESS
TXN0004877,S0006583,2026-06-25,CASH,66,SUCCESS
TXN0004878,S0006584,2026-06-25,UPI,124,SUCCESS
TXN0004879,S0006587,2026-06-25,UPI,43,SUCCESS
TXN0004880,S0006589,2026-06-25,UPI,270,SUCCESS
TXN0004881,S0006592,2026-06-26,CARD,23,SUCCESS
TXN0004882,S0006593,2026-06-26,CASH,175,SUCCESS
TXN0004883,S0006594,2026-06-26,CARD,40,SUCCESS
TXN0004884,S0006595,2026-06-26,CASH,435,SUCCESS
TXN0004885,S0006596,2026-06-26,CARD,8,SUCCESS
TXN0004886,S0006597,2026-06-26,UPI,110,SUCCESS
TXN0004887,S0006598,2026-06-26,UPI,70,SUCCESS
TXN0004888,S0006599,2026-06-26,UPI,100,SUCCESS
TXN0004889,S0006601,2026-06-26,UPI,1550,SUCCESS
TXN0004890,S0006602,2026-06-26,CASH,510,SUCCESS
TXN0004891,S0006604,2026-06-26,UPI,16,SUCCESS
TXN0004892,S0006605,2026-06-26,CASH,900,SUCCESS
TXN0004893,S0006606,2026-06-26,CARD,23,SUCCESS
TXN0004894,S0006607,2026-06-26,CASH,200,SUCCESS
TXN0004895,S0006608,2026-06-26,CASH,1232,SUCCESS
TXN0004896,S0006609,2026-06-26,CARD,475,SUCCESS
TXN0004897,S0006610,2026-06-26,CASH,270,SUCCESS
TXN0004898,S0006612,2026-06-26,UPI,45,SUCCESS
TXN0004899,S0006613,2026-06-26,CASH,95,SUCCESS
TXN0004900,S0006615,2026-06-26,UPI,52,SUCCESS
TXN0004901,S0006616,2026-06-26,CARD,220,SUCCESS
TXN0004902,S0006618,2026-06-26,CARD,143,SUCCESS
TXN0004903,S0006619,2026-06-26,CARD,30,SUCCESS
TXN0004904,S0006620,2026-06-26,CARD,70,SUCCESS
TXN0004905,S0006622,2026-06-26,CARD,90,SUCCESS
TXN0004906,S0006623,2026-06-26,UPI,90,SUCCESS
TXN0004907,S0006624,2026-06-26,UPI,80,SUCCESS
TXN0004908,S0006626,2026-06-26,UPI,50,SUCCESS
TXN0004909,S0006627,2026-06-26,CASH,620,SUCCESS
TXN0004910,S0006628,2026-06-26,UPI,135,SUCCESS
TXN0004911,S0006629,2026-06-26,CARD,255,SUCCESS
TXN0004912,S0006630,2026-06-26,UPI,54,SUCCESS
TXN0004913,S0006631,2026-06-27,CARD,70,SUCCESS
TXN0004914,S0006633,2026-06-27,UPI,104,SUCCESS
TXN0004915,S0006634,2026-06-27,CASH,70,SUCCESS
TXN0004916,S0006635,2026-06-27,CARD,145,SUCCESS
TXN0004917,S0006638,2026-06-27,CASH,125,SUCCESS
TXN0004918,S0006639,2026-06-27,CARD,286,SUCCESS
TXN0004919,S0006640,2026-06-27,CARD,95,SUCCESS
TXN0004920,S0006641,2026-06-27,CARD,28,SUCCESS
TXN0004921,S0006643,2026-06-27,CARD,48,SUCCESS
TXN0004922,S0006645,2026-06-27,CASH,15,SUCCESS
TXN0004923,S0006646,2026-06-27,UPI,380,SUCCESS
TXN0004924,S0006647,2026-06-27,CASH,125,SUCCESS
TXN0004925,S0006648,2026-06-27,CARD,18,SUCCESS
TXN0004926,S0006649,2026-06-27,UPI,550,SUCCESS
TXN0004927,S0006651,2026-06-27,UPI,47,SUCCESS
TXN0004928,S0006653,2026-06-27,CASH,85,SUCCESS
TXN0004929,S0006654,2026-06-27,CASH,30,SUCCESS
TXN0004930,S0006655,2026-06-27,CASH,140,SUCCESS
TXN0004931,S0006656,2026-06-27,CARD,50,SUCCESS
TXN0004932,S0006657,2026-06-27,CARD,135,SUCCESS
TXN0004933,S0006658,2026-06-27,CARD,100,SUCCESS
TXN0004934,S0006659,2026-06-27,CARD,20,SUCCESS
TXN0004935,S0006660,2026-06-27,CARD,47,SUCCESS
TXN0004936,S0006661,2026-06-27,CARD,290,SUCCESS
TXN0004937,S0006662,2026-06-27,UPI,540,SUCCESS
TXN0004938,S0006663,2026-06-27,CARD,114,SUCCESS
TXN0004939,S0006664,2026-06-27,UPI,253,SUCCESS
TXN0004940,S0006665,2026-06-27,UPI,104,SUCCESS
TXN0004941,S0006666,2026-06-27,CARD,50,SUCCESS
TXN0004942,S0006667,2026-06-27,CARD,100,SUCCESS
TXN0004943,S0006668,2026-06-27,CASH,30,SUCCESS
TXN0004944,S0006669,2026-06-27,CARD,36,SUCCESS
TXN0004945,S0006671,2026-06-28,CARD,145,SUCCESS
TXN0004946,S0006673,2026-06-28,CASH,110,SUCCESS
TXN0004947,S0006675,2026-06-28,CASH,68,SUCCESS
TXN0004948,S0006676,2026-06-28,CASH,220,SUCCESS
TXN0004949,S0006677,2026-06-28,UPI,90,SUCCESS
TXN0004950,S0006678,2026-06-28,CASH,50,SUCCESS
TXN0004951,S0006680,2026-06-28,CASH,264,SUCCESS
TXN0004952,S0006681,2026-06-28,CASH,380,SUCCESS
TXN0004953,S0006682,2026-06-28,CASH,266,SUCCESS
TXN0004954,S0006684,2026-06-28,UPI,25,SUCCESS
TXN0004955,S0006686,2026-06-28,CARD,50,SUCCESS
TXN0004956,S0006687,2026-06-28,CARD,315,SUCCESS
TXN0004957,S0006688,2026-06-28,UPI,32,SUCCESS
TXN0004958,S0006689,2026-06-28,UPI,715,SUCCESS
TXN0004959,S0006693,2026-06-28,CASH,66,SUCCESS
TXN0004960,S0006694,2026-06-28,UPI,124,SUCCESS
TXN0004961,S0006696,2026-06-28,CARD,50,SUCCESS
TXN0004962,S0006698,2026-06-28,UPI,100,SUCCESS
TXN0004963,S0006699,2026-06-28,UPI,50,SUCCESS
TXN0004964,S0006700,2026-06-28,CARD,279,SUCCESS
TXN0004965,S0006701,2026-06-28,UPI,270,SUCCESS
TXN0004966,S0006702,2026-06-28,CARD,190,SUCCESS
TXN0004967,S0006703,2026-06-28,UPI,25,SUCCESS
TXN0004968,S0006704,2026-06-28,CARD,186,SUCCESS
TXN0004969,S0006705,2026-06-28,CARD,54,SUCCESS
TXN0004970,S0006706,2026-06-28,CARD,35,SUCCESS
TXN0004971,S0006708,2026-06-28,CASH,144,SUCCESS
TXN0004972,S0006710,2026-06-28,CARD,10,SUCCESS
TXN0004973,S0006711,2026-06-28,UPI,360,SUCCESS
TXN0004974,S0006712,2026-06-28,CASH,144,SUCCESS
TXN0004975,S0006714,2026-06-28,UPI,30,SUCCESS
TXN0004976,S0006715,2026-06-28,CASH,104,SUCCESS
TXN0004977,S0006717,2026-06-28,CARD,155,SUCCESS
TXN0004978,S0006718,2026-06-28,CARD,210,SUCCESS
TXN0004979,S0006719,2026-06-29,CARD,30,SUCCESS
TXN0004980,S0006720,2026-06-29,CASH,330,SUCCESS
TXN0004981,S0006721,2026-06-29,UPI,90,SUCCESS
TXN0004982,S0006722,2026-06-29,CASH,310,SUCCESS
TXN0004983,S0006723,2026-06-29,CARD,30,SUCCESS
TXN0004984,S0006724,2026-06-29,UPI,35,SUCCESS
TXN0004985,S0006726,2026-06-29,CARD,285,SUCCESS
TXN0004986,S0006727,2026-06-29,UPI,72,SUCCESS
TXN0004987,S0006728,2026-06-29,CASH,110,SUCCESS
TXN0004988,S0006729,2026-06-29,UPI,290,SUCCESS
TXN0004989,S0006731,2026-06-29,CASH,86,SUCCESS
TXN0004990,S0006732,2026-06-29,CARD,104,SUCCESS
TXN0004991,S0006733,2026-06-29,UPI,60,SUCCESS
TXN0004992,S0006734,2026-06-29,UPI,64,SUCCESS
TXN0004993,S0006735,2026-06-29,CASH,210,SUCCESS
TXN0004994,S0006736,2026-06-29,UPI,105,SUCCESS
TXN0004995,S0006737,2026-06-29,UPI,429,SUCCESS
TXN0004996,S0006738,2026-06-29,CASH,620,SUCCESS
TXN0004997,S0006739,2026-06-29,CASH,72,SUCCESS
TXN0004998,S0006740,2026-06-29,CARD,60,SUCCESS
TXN0004999,S0006742,2026-06-29,CARD,1265,SUCCESS
TXN0005000,S0006743,2026-06-29,UPI,85,SUCCESS
TXN0005001,S0006744,2026-06-29,UPI,255,SUCCESS
TXN0005002,S0006746,2026-06-30,CARD,110,SUCCESS
TXN0005003,S0006749,2026-06-30,CASH,52,SUCCESS
TXN0005004,S0006751,2026-06-30,CARD,144,SUCCESS
TXN0005005,S0006752,2026-06-30,UPI,85,SUCCESS
TXN0005006,S0006753,2026-06-30,CARD,50,SUCCESS
TXN0005007,S0006755,2026-06-30,CARD,155,SUCCESS
TXN0005008,S0006756,2026-06-30,UPI,66,SUCCESS
TXN0005009,S0006759,2026-06-30,CARD,360,SUCCESS
TXN0005010,S0006760,2026-06-30,CARD,580,SUCCESS
TXN0005011,S0006761,2026-06-30,UPI,475,SUCCESS
TXN0005012,S0006762,2026-06-30,CASH,105,SUCCESS
TXN0005013,S0006765,2026-06-30,UPI,120,SUCCESS
TXN0005014,S0006766,2026-06-30,CASH,90,SUCCESS
TXN0005015,S0006767,2026-06-30,CARD,360,SUCCESS
TXN0005016,S0006769,2026-06-30,UPI,775,SUCCESS
TXN0005017,S0006770,2026-06-30,CARD,90,SUCCESS
TXN0005018,S0006771,2026-06-30,CARD,30,SUCCESS
TXN0005019,S0006772,2026-06-30,UPI,70,SUCCESS
TXN0005020,S0006773,2026-06-30,CASH,52,SUCCESS
TXN0005021,S0006774,2026-06-30,UPI,206,SUCCESS
TXN0005022,S0006775,2026-06-30,UPI,52,SUCCESS
TXN0005023,S0006777,2026-06-30,UPI,220,SUCCESS
TXN0005024,S0006778,2026-06-30,CARD,80,SUCCESS
TXN0005025,S0006779,2026-06-30,CASH,76,SUCCESS
TXN0005026,S0006780,2026-07-01,CASH,288,SUCCESS
TXN0005027,S0006781,2026-07-01,UPI,308,SUCCESS
TXN0005028,S0006782,2026-07-01,CARD,90,SUCCESS
TXN0005029,S0006783,2026-07-01,UPI,40,SUCCESS
TXN0005030,S0006784,2026-07-01,CARD,72,SUCCESS
TXN0005031,S0006785,2026-07-01,CARD,96,SUCCESS
TXN0005032,S0006786,2026-07-01,UPI,20,SUCCESS
TXN0005033,S0006787,2026-07-01,CARD,50,SUCCESS
TXN0005034,S0006789,2026-07-01,UPI,168,SUCCESS
TXN0005035,S0006790,2026-07-01,CASH,152,SUCCESS
TXN0005036,S0006791,2026-07-01,UPI,305,SUCCESS
TXN0005037,S0006792,2026-07-01,CARD,540,SUCCESS
TXN0005038,S0006793,2026-07-01,UPI,22,SUCCESS
TXN0005039,S0006794,2026-07-01,UPI,220,SUCCESS
TXN0005040,S0006796,2026-07-01,CARD,33,SUCCESS
TXN0005041,S0006797,2026-07-01,CASH,270,SUCCESS
TXN0005042,S0006799,2026-07-01,CARD,38,SUCCESS
TXN0005043,S0006800,2026-07-01,UPI,145,SUCCESS
TXN0005044,S0006801,2026-07-01,UPI,80,SUCCESS
TXN0005045,S0006803,2026-07-01,CASH,930,SUCCESS
TXN0005046,S0006804,2026-07-01,CARD,35,SUCCESS
TXN0005047,S0006805,2026-07-01,CARD,25,SUCCESS
TXN0005048,S0006806,2026-07-01,CASH,150,SUCCESS
TXN0005049,S0006807,2026-07-01,UPI,190,SUCCESS
TXN0005050,S0006809,2026-07-01,CARD,38,SUCCESS
TXN0005051,S0006810,2026-07-01,UPI,125,SUCCESS
TXN0005052,S0006811,2026-07-01,CARD,90,SUCCESS
TXN0005053,S0006812,2026-07-01,CASH,143,SUCCESS
TXN0005054,S0006813,2026-07-01,CASH,50,SUCCESS
TXN0005055,S0006814,2026-07-02,UPI,90,SUCCESS
TXN0005056,S0006815,2026-07-02,CARD,150,SUCCESS
TXN0005057,S0006816,2026-07-02,CASH,280,SUCCESS
TXN0005058,S0006819,2026-07-02,CARD,47,SUCCESS
TXN0005059,S0006820,2026-07-02,CASH,144,SUCCESS
TXN0005060,S0006822,2026-07-02,CASH,16,SUCCESS
TXN0005061,S0006823,2026-07-02,CASH,36,SUCCESS
TXN0005062,S0006824,2026-07-02,UPI,25,SUCCESS
TXN0005063,S0006825,2026-07-02,UPI,425,SUCCESS
TXN0005064,S0006828,2026-07-02,UPI,110,SUCCESS
TXN0005065,S0006830,2026-07-02,UPI,90,SUCCESS
TXN0005066,S0006831,2026-07-02,UPI,42,SUCCESS
TXN0005067,S0006832,2026-07-02,CASH,300,SUCCESS
TXN0005068,S0006833,2026-07-02,CASH,25,SUCCESS
TXN0005069,S0006834,2026-07-02,CASH,306,SUCCESS
TXN0005070,S0006835,2026-07-02,UPI,43,SUCCESS
TXN0005071,S0006837,2026-07-02,UPI,50,SUCCESS
TXN0005072,S0006838,2026-07-02,CASH,290,SUCCESS
TXN0005073,S0006839,2026-07-02,UPI,5,SUCCESS
TXN0005074,S0006840,2026-07-02,CASH,1200,SUCCESS
TXN0005075,S0006841,2026-07-02,CASH,50,SUCCESS
TXN0005076,S0006842,2026-07-02,CASH,1000,SUCCESS
TXN0005077,S0006843,2026-07-02,CASH,75,SUCCESS
TXN0005078,S0006844,2026-07-02,UPI,85,SUCCESS
TXN0005079,S0006845,2026-07-02,UPI,90,SUCCESS
TXN0005080,S0006846,2026-07-02,CASH,30,SUCCESS
TXN0005081,S0006847,2026-07-02,CARD,125,SUCCESS
TXN0005082,S0006848,2026-07-02,CARD,10,SUCCESS
TXN0005083,S0006849,2026-07-02,UPI,32,SUCCESS
TXN0005084,S0006850,2026-07-02,CASH,135,SUCCESS
TXN0005085,S0006852,2026-07-02,CARD,1860,SUCCESS
TXN0005086,S0006853,2026-07-02,CASH,95,SUCCESS
TXN0005087,S0006854,2026-07-02,CARD,170,SUCCESS
TXN0005088,S0006855,2026-07-02,CASH,104,SUCCESS
TXN0005089,S0006856,2026-07-02,UPI,750,SUCCESS
TXN0005090,S0006857,2026-07-03,CASH,104,SUCCESS
TXN0005091,S0006858,2026-07-03,UPI,216,SUCCESS
TXN0005092,S0006859,2026-07-03,UPI,47,SUCCESS
TXN0005093,S0006861,2026-07-03,UPI,135,SUCCESS
TXN0005094,S0006863,2026-07-03,CARD,25,SUCCESS
TXN0005095,S0006864,2026-07-03,CASH,290,SUCCESS
TXN0005096,S0006866,2026-07-03,UPI,160,SUCCESS
TXN0005097,S0006867,2026-07-03,CARD,525,SUCCESS
TXN0005098,S0006868,2026-07-03,CARD,100,SUCCESS
TXN0005099,S0006869,2026-07-03,CASH,145,SUCCESS
TXN0005100,S0006870,2026-07-03,UPI,145,SUCCESS
TXN0005101,S0006871,2026-07-03,UPI,13,SUCCESS
TXN0005102,S0006875,2026-07-03,CASH,425,SUCCESS
TXN0005103,S0006876,2026-07-03,UPI,110,SUCCESS
TXN0005104,S0006877,2026-07-03,CARD,616,SUCCESS
TXN0005105,S0006878,2026-07-03,UPI,36,SUCCESS
TXN0005106,S0006880,2026-07-03,UPI,103,SUCCESS
TXN0005107,S0006881,2026-07-03,CARD,144,SUCCESS
TXN0005108,S0006882,2026-07-03,CASH,80,SUCCESS
TXN0005109,S0006883,2026-07-03,UPI,465,SUCCESS
TXN0005110,S0006884,2026-07-03,CASH,1275,SUCCESS
TXN0005111,S0006885,2026-07-03,CASH,33,SUCCESS
TXN0005112,S0006886,2026-07-03,CASH,100,SUCCESS
TXN0005113,S0006888,2026-07-04,CASH,75,SUCCESS
TXN0005114,S0006890,2026-07-04,CASH,75,SUCCESS
TXN0005115,S0006891,2026-07-04,UPI,47,SUCCESS
TXN0005116,S0006892,2026-07-04,CASH,100,SUCCESS
TXN0005117,S0006893,2026-07-04,CASH,81,SUCCESS
TXN0005118,S0006894,2026-07-04,CARD,620,SUCCESS
TXN0005119,S0006895,2026-07-04,CASH,620,SUCCESS
TXN0005120,S0006896,2026-07-04,UPI,1240,SUCCESS
TXN0005121,S0006897,2026-07-04,CASH,186,SUCCESS
TXN0005122,S0006899,2026-07-04,UPI,76,SUCCESS
TXN0005123,S0006900,2026-07-04,UPI,100,SUCCESS
TXN0005124,S0006902,2026-07-04,UPI,1240,SUCCESS
TXN0005125,S0006903,2026-07-04,CASH,66,SUCCESS
TXN0005126,S0006906,2026-07-04,UPI,54,SUCCESS
TXN0005127,S0006907,2026-07-04,CARD,35,SUCCESS
TXN0005128,S0006908,2026-07-04,UPI,16,SUCCESS
TXN0005129,S0006909,2026-07-04,CARD,190,SUCCESS
TXN0005130,S0006910,2026-07-04,UPI,35,SUCCESS
TXN0005131,S0006911,2026-07-04,CARD,616,SUCCESS
TXN0005132,S0006913,2026-07-04,CASH,290,SUCCESS
TXN0005133,S0006914,2026-07-04,UPI,38,SUCCESS
TXN0005134,S0006915,2026-07-04,UPI,540,SUCCESS
TXN0005135,S0006916,2026-07-04,CARD,206,SUCCESS
TXN0005136,S0006917,2026-07-04,CASH,100,SUCCESS
TXN0005137,S0006918,2026-07-04,CASH,62,SUCCESS
TXN0005138,S0006919,2026-07-04,CARD,310,SUCCESS
TXN0005139,S0006920,2026-07-04,CARD,630,SUCCESS
TXN0005140,S0006921,2026-07-04,CASH,110,SUCCESS
TXN0005141,S0006922,2026-07-04,UPI,30,SUCCESS
TXN0005142,S0006923,2026-07-04,CARD,76,SUCCESS
TXN0005143,S0006924,2026-07-04,CARD,16,SUCCESS
TXN0005144,S0006925,2026-07-04,CASH,105,SUCCESS
TXN0005145,S0006926,2026-07-04,UPI,100,SUCCESS
TXN0005146,S0006927,2026-07-05,UPI,95,SUCCESS
TXN0005147,S0006928,2026-07-05,UPI,188,SUCCESS
TXN0005148,S0006929,2026-07-05,CASH,96,SUCCESS
TXN0005149,S0006931,2026-07-05,UPI,40,SUCCESS
TXN0005150,S0006932,2026-07-05,UPI,104,SUCCESS
TXN0005151,S0006933,2026-07-05,UPI,180,SUCCESS
TXN0005152,S0006934,2026-07-05,CARD,135,SUCCESS
TXN0005153,S0006935,2026-07-05,CARD,52,SUCCESS
TXN0005154,S0006936,2026-07-05,CARD,30,SUCCESS
TXN0005155,S0006938,2026-07-05,UPI,1860,SUCCESS
TXN0005156,S0006939,2026-07-05,CASH,23,SUCCESS
TXN0005157,S0006940,2026-07-05,UPI,180,SUCCESS
TXN0005158,S0006942,2026-07-05,CARD,300,SUCCESS
TXN0005159,S0006943,2026-07-05,CARD,50,SUCCESS
TXN0005160,S0006946,2026-07-05,UPI,100,SUCCESS
TXN0005161,S0006947,2026-07-05,UPI,25,SUCCESS
TXN0005162,S0006948,2026-07-05,CASH,255,SUCCESS
TXN0005163,S0006949,2026-07-05,UPI,90,SUCCESS
TXN0005164,S0006950,2026-07-05,CASH,930,SUCCESS
TXN0005165,S0006952,2026-07-05,CASH,310,SUCCESS
TXN0005166,S0006953,2026-07-05,CARD,305,SUCCESS
TXN0005167,S0006954,2026-07-05,UPI,90,SUCCESS
TXN0005168,S0006956,2026-07-05,CARD,15,SUCCESS
TXN0005169,S0006957,2026-07-05,UPI,18,SUCCESS
TXN0005170,S0006958,2026-07-05,CASH,13,SUCCESS
TXN0005171,S0006959,2026-07-05,CARD,76,SUCCESS
TXN0005172,S0006960,2026-07-05,UPI,50,SUCCESS
TXN0005173,S0006961,2026-07-05,CASH,50,SUCCESS
TXN0005174,S0006962,2026-07-06,CASH,310,SUCCESS
TXN0005175,S0006963,2026-07-06,CASH,32,SUCCESS
TXN0005176,S0006965,2026-07-06,CASH,155,SUCCESS
TXN0005177,S0006966,2026-07-06,UPI,25,SUCCESS
TXN0005178,S0006970,2026-07-06,CARD,40,SUCCESS
TXN0005179,S0006971,2026-07-06,CASH,40,SUCCESS
TXN0005180,S0006974,2026-07-06,CARD,240,SUCCESS
TXN0005181,S0006976,2026-07-06,UPI,150,SUCCESS
TXN0005182,S0006977,2026-07-06,UPI,60,SUCCESS
TXN0005183,S0006978,2026-07-06,UPI,255,SUCCESS
TXN0005184,S0006980,2026-07-06,CASH,36,SUCCESS
TXN0005185,S0006981,2026-07-06,CASH,5,SUCCESS
TXN0005186,S0006983,2026-07-06,CASH,88,SUCCESS
TXN0005187,S0006984,2026-07-06,CARD,870,SUCCESS
TXN0005188,S0006985,2026-07-06,CARD,60,SUCCESS
TXN0005189,S0006986,2026-07-06,CARD,45,SUCCESS
TXN0005190,S0006987,2026-07-06,CASH,25,SUCCESS
TXN0005191,S0006988,2026-07-06,CARD,310,SUCCESS
TXN0005192,S0006989,2026-07-06,UPI,26,SUCCESS
TXN0005193,S0006991,2026-07-06,UPI,432,SUCCESS
TXN0005194,S0006992,2026-07-06,CASH,90,SUCCESS
TXN0005195,S0006994,2026-07-06,CARD,95,SUCCESS
TXN0005196,S0006995,2026-07-06,CARD,309,SUCCESS
TXN0005197,S0006996,2026-07-07,CASH,80,SUCCESS
TXN0005198,S0006997,2026-07-07,CARD,96,SUCCESS
TXN0005199,S0006998,2026-07-07,UPI,62,SUCCESS
TXN0005200,S0006999,2026-07-07,UPI,140,SUCCESS
TXN0005201,S0007000,2026-07-07,UPI,84,SUCCESS
TXN0005202,S0007001,2026-07-07,CASH,255,SUCCESS
TXN0005203,S0007002,2026-07-07,CARD,104,SUCCESS
TXN0005204,S0007003,2026-07-07,CASH,290,SUCCESS
TXN0005205,S0007004,2026-07-07,UPI,85,SUCCESS
TXN0005206,S0007005,2026-07-07,CARD,200,SUCCESS
TXN0005207,S0007009,2026-07-07,CASH,510,SUCCESS
TXN0005208,S0007010,2026-07-07,UPI,500,SUCCESS
TXN0005209,S0007011,2026-07-07,UPI,50,SUCCESS
TXN0005210,S0007012,2026-07-07,CARD,310,SUCCESS
TXN0005211,S0007013,2026-07-07,CARD,510,SUCCESS
TXN0005212,S0007014,2026-07-07,CASH,625,SUCCESS
TXN0005213,S0007017,2026-07-07,UPI,28,SUCCESS
TXN0005214,S0007019,2026-07-07,UPI,42,SUCCESS
TXN0005215,S0007020,2026-07-07,UPI,60,SUCCESS
TXN0005216,S0007022,2026-07-07,CARD,90,SUCCESS
TXN0005217,S0007023,2026-07-07,UPI,305,SUCCESS
TXN0005218,S0007024,2026-07-07,CASH,440,SUCCESS
TXN0005219,S0007025,2026-07-07,UPI,13,SUCCESS
TXN0005220,S0007026,2026-07-07,CASH,620,SUCCESS
TXN0005221,S0007029,2026-07-07,UPI,42,SUCCESS
TXN0005222,S0007030,2026-07-07,UPI,50,SUCCESS
TXN0005223,S0007031,2026-07-07,UPI,90,SUCCESS
TXN0005224,S0007032,2026-07-07,UPI,450,SUCCESS
TXN0005225,S0007033,2026-07-07,CASH,50,SUCCESS
TXN0005226,S0007035,2026-07-08,UPI,75,SUCCESS
TXN0005227,S0007036,2026-07-08,CARD,570,SUCCESS
TXN0005228,S0007038,2026-07-08,UPI,85,SUCCESS
TXN0005229,S0007039,2026-07-08,UPI,30,SUCCESS
TXN0005230,S0007040,2026-07-08,CARD,300,SUCCESS
TXN0005231,S0007041,2026-07-08,UPI,52,SUCCESS
TXN0005232,S0007042,2026-07-08,CARD,310,SUCCESS
TXN0005233,S0007043,2026-07-08,CASH,285,SUCCESS
TXN0005234,S0007045,2026-07-08,UPI,25,SUCCESS
TXN0005235,S0007051,2026-07-08,UPI,200,SUCCESS
TXN0005236,S0007052,2026-07-08,UPI,86,SUCCESS
TXN0005237,S0007053,2026-07-08,CARD,186,SUCCESS
TXN0005238,S0007054,2026-07-08,CASH,25,SUCCESS
TXN0005239,S0007055,2026-07-08,UPI,155,SUCCESS
TXN0005240,S0007056,2026-07-08,CASH,45,SUCCESS
TXN0005241,S0007058,2026-07-08,CARD,620,SUCCESS
TXN0005242,S0007059,2026-07-08,CARD,980,SUCCESS
TXN0005243,S0007060,2026-07-08,CASH,75,SUCCESS
TXN0005244,S0007061,2026-07-08,UPI,135,SUCCESS
TXN0005245,S0007062,2026-07-08,CASH,48,SUCCESS
TXN0005246,S0007063,2026-07-08,CARD,72,SUCCESS
TXN0005247,S0007064,2026-07-08,UPI,90,SUCCESS
TXN0005248,S0007065,2026-07-08,UPI,310,SUCCESS
TXN0005249,S0007066,2026-07-09,UPI,192,SUCCESS
TXN0005250,S0007067,2026-07-09,CASH,310,SUCCESS
TXN0005251,S0007068,2026-07-09,CARD,255,SUCCESS
TXN0005252,S0007069,2026-07-09,CARD,465,SUCCESS
TXN0005253,S0007070,2026-07-09,CARD,48,SUCCESS
TXN0005254,S0007071,2026-07-09,CASH,90,SUCCESS
TXN0005255,S0007072,2026-07-09,CARD,270,SUCCESS
TXN0005256,S0007073,2026-07-09,UPI,475,SUCCESS
TXN0005257,S0007074,2026-07-09,UPI,155,SUCCESS
TXN0005258,S0007076,2026-07-09,CASH,90,SUCCESS
TXN0005259,S0007078,2026-07-09,CASH,290,SUCCESS
TXN0005260,S0007079,2026-07-09,UPI,95,SUCCESS
TXN0005261,S0007080,2026-07-09,UPI,100,SUCCESS
TXN0005262,S0007081,2026-07-09,UPI,76,SUCCESS
TXN0005263,S0007082,2026-07-09,CARD,156,SUCCESS
TXN0005264,S0007083,2026-07-09,UPI,216,SUCCESS
TXN0005265,S0007084,2026-07-09,CASH,30,SUCCESS
TXN0005266,S0007085,2026-07-09,UPI,25,SUCCESS
TXN0005267,S0007088,2026-07-09,CARD,1240,SUCCESS
TXN0005268,S0007089,2026-07-09,CARD,140,SUCCESS
TXN0005269,S0007091,2026-07-09,CARD,114,SUCCESS
TXN0005270,S0007092,2026-07-09,UPI,155,SUCCESS
TXN0005271,S0007094,2026-07-09,CARD,290,SUCCESS
TXN0005272,S0007095,2026-07-09,CASH,30,SUCCESS
TXN0005273,S0007096,2026-07-09,UPI,390,SUCCESS
TXN0005274,S0007097,2026-07-10,CARD,440,SUCCESS
TXN0005275,S0007098,2026-07-10,UPI,54,SUCCESS
TXN0005276,S0007099,2026-07-10,UPI,50,SUCCESS
TXN0005277,S0007100,2026-07-10,CARD,16,SUCCESS
TXN0005278,S0007101,2026-07-10,CASH,50,SUCCESS
TXN0005279,S0007102,2026-07-10,CASH,35,SUCCESS
TXN0005280,S0007104,2026-07-10,CASH,206,SUCCESS
TXN0005281,S0007105,2026-07-10,CARD,38,SUCCESS
TXN0005282,S0007108,2026-07-10,CASH,30,SUCCESS
TXN0005283,S0007109,2026-07-10,CASH,52,SUCCESS
TXN0005284,S0007111,2026-07-10,CASH,405,SUCCESS
TXN0005285,S0007112,2026-07-10,CASH,200,SUCCESS
TXN0005286,S0007114,2026-07-10,UPI,300,SUCCESS
TXN0005287,S0007116,2026-07-10,CASH,67,SUCCESS
TXN0005288,S0007117,2026-07-10,CARD,1500,SUCCESS
TXN0005289,S0007118,2026-07-10,CARD,95,SUCCESS
TXN0005290,S0007119,2026-07-10,CASH,610,SUCCESS
TXN0005291,S0007121,2026-07-10,CARD,64,SUCCESS
TXN0005292,S0007123,2026-07-10,CARD,15,SUCCESS
TXN0005293,S0007124,2026-07-10,CARD,210,SUCCESS
TXN0005294,S0007127,2026-07-10,CARD,130,SUCCESS
TXN0005295,S0007128,2026-07-10,UPI,25,SUCCESS
TXN0005296,S0007129,2026-07-10,UPI,67,SUCCESS
TXN0005297,S0007130,2026-07-10,CARD,85,SUCCESS
TXN0005298,S0007132,2026-07-10,CASH,100,SUCCESS
TXN0005299,S0007133,2026-07-10,CASH,33,SUCCESS
TXN0005300,S0007134,2026-07-10,CASH,500,SUCCESS
TXN0005301,S0007135,2026-07-10,UPI,30,SUCCESS
TXN0005302,S0007139,2026-07-10,UPI,580,SUCCESS
TXN0005303,S0007140,2026-07-10,CARD,36,SUCCESS
TXN0005304,S0007142,2026-07-10,UPI,140,SUCCESS
TXN0005305,S0007144,2026-07-10,CASH,144,SUCCESS
TXN0005306,S0007145,2026-07-11,CASH,100,SUCCESS
TXN0005307,S0007146,2026-07-11,UPI,96,SUCCESS
TXN0005308,S0007148,2026-07-11,UPI,50,SUCCESS
TXN0005309,S0007149,2026-07-11,UPI,255,SUCCESS
TXN0005310,S0007150,2026-07-11,UPI,930,SUCCESS
TXN0005311,S0007152,2026-07-11,UPI,110,SUCCESS
TXN0005312,S0007153,2026-07-11,UPI,10,SUCCESS
TXN0005313,S0007154,2026-07-11,CASH,32,SUCCESS
TXN0005314,S0007156,2026-07-11,CARD,25,SUCCESS
TXN0005315,S0007157,2026-07-11,UPI,66,SUCCESS
TXN0005316,S0007158,2026-07-11,CARD,38,SUCCESS
TXN0005317,S0007159,2026-07-11,UPI,76,SUCCESS
TXN0005318,S0007160,2026-07-11,UPI,95,SUCCESS
TXN0005319,S0007161,2026-07-11,CARD,32,SUCCESS
TXN0005320,S0007162,2026-07-11,CARD,50,SUCCESS
TXN0005321,S0007163,2026-07-11,CARD,90,SUCCESS
TXN0005322,S0007164,2026-07-11,CASH,140,SUCCESS
TXN0005323,S0007165,2026-07-11,CASH,30,SUCCESS
TXN0005324,S0007167,2026-07-11,UPI,23,SUCCESS
TXN0005325,S0007169,2026-07-11,UPI,95,SUCCESS
TXN0005326,S0007173,2026-07-11,CASH,90,SUCCESS
TXN0005327,S0007174,2026-07-11,CARD,56,SUCCESS
TXN0005328,S0007176,2026-07-11,CARD,46,SUCCESS
TXN0005329,S0007177,2026-07-11,UPI,310,SUCCESS
TXN0005330,S0007181,2026-07-11,UPI,310,SUCCESS
TXN0005331,S0007182,2026-07-11,UPI,100,SUCCESS
TXN0005332,S0007183,2026-07-11,CASH,124,SUCCESS
TXN0005333,S0007184,2026-07-11,CASH,100,SUCCESS
TXN0005334,S0007185,2026-07-11,CARD,620,SUCCESS
TXN0005335,S0007186,2026-07-11,CARD,73,SUCCESS
TXN0005336,S0007187,2026-07-11,UPI,69,SUCCESS
TXN0005337,S0007188,2026-07-11,CASH,144,SUCCESS
TXN0005338,S0007189,2026-07-11,CASH,208,SUCCESS
TXN0005339,S0007190,2026-07-11,CASH,50,SUCCESS
TXN0005340,S0007191,2026-07-11,CASH,104,SUCCESS
TXN0005341,S0007192,2026-07-11,CARD,94,SUCCESS
TXN0005342,S0007193,2026-07-11,UPI,126,SUCCESS
TXN0005343,S0007194,2026-07-11,CARD,225,SUCCESS
TXN0005344,S0007195,2026-07-11,UPI,18,SUCCESS
TXN0005345,S0007196,2026-07-11,CARD,85,SUCCESS
TXN0005346,S0007197,2026-07-11,CASH,200,SUCCESS
TXN0005347,S0007198,2026-07-11,CASH,190,SUCCESS
TXN0005348,S0007200,2026-07-11,CASH,46,SUCCESS
TXN0005349,S0007201,2026-07-11,UPI,300,SUCCESS
TXN0005350,S0007202,2026-07-11,CASH,150,SUCCESS
TXN0005351,S0007203,2026-07-11,CARD,435,SUCCESS
TXN0005352,S0007204,2026-07-11,UPI,25,SUCCESS
TXN0005353,S0007206,2026-07-11,CASH,15,SUCCESS
TXN0005354,S0007207,2026-07-11,CASH,255,SUCCESS
TXN0005355,S0007208,2026-07-11,UPI,540,SUCCESS
TXN0005356,S0007209,2026-07-11,CARD,135,SUCCESS
TXN0005357,S0007210,2026-07-11,UPI,50,SUCCESS
TXN0005358,S0007211,2026-07-12,CARD,35,SUCCESS
TXN0005359,S0007212,2026-07-12,CASH,60,SUCCESS
TXN0005360,S0007213,2026-07-12,UPI,38,SUCCESS
TXN0005361,S0007215,2026-07-12,CASH,228,SUCCESS
TXN0005362,S0007216,2026-07-12,CASH,435,SUCCESS
TXN0005363,S0007218,2026-07-12,CASH,25,SUCCESS
TXN0005364,S0007220,2026-07-12,CASH,25,SUCCESS
TXN0005365,S0007222,2026-07-12,CASH,435,SUCCESS
TXN0005366,S0007223,2026-07-12,CASH,620,SUCCESS
TXN0005367,S0007224,2026-07-12,CARD,400,SUCCESS
TXN0005368,S0007225,2026-07-12,CARD,5,SUCCESS
TXN0005369,S0007226,2026-07-12,UPI,255,SUCCESS
TXN0005370,S0007227,2026-07-12,CASH,155,SUCCESS
TXN0005371,S0007228,2026-07-12,CARD,30,SUCCESS
TXN0005372,S0007229,2026-07-12,CASH,145,SUCCESS
TXN0005373,S0007230,2026-07-12,UPI,715,SUCCESS
TXN0005374,S0007231,2026-07-12,UPI,18,SUCCESS
TXN0005375,S0007233,2026-07-12,CASH,144,SUCCESS
TXN0005376,S0007234,2026-07-12,CASH,150,SUCCESS
TXN0005377,S0007235,2026-07-12,CARD,94,SUCCESS
TXN0005378,S0007236,2026-07-12,CASH,260,SUCCESS
TXN0005379,S0007237,2026-07-12,CARD,40,SUCCESS
TXN0005380,S0007238,2026-07-12,UPI,144,SUCCESS
TXN0005381,S0007239,2026-07-12,UPI,288,SUCCESS
TXN0005382,S0007242,2026-07-12,CASH,60,SUCCESS
TXN0005383,S0007243,2026-07-12,CASH,550,SUCCESS
TXN0005384,S0007245,2026-07-12,UPI,104,SUCCESS
TXN0005385,S0007246,2026-07-12,CARD,25,SUCCESS
TXN0005386,S0007247,2026-07-12,CARD,45,SUCCESS
TXN0005387,S0007248,2026-07-12,CARD,84,SUCCESS
TXN0005388,S0007249,2026-07-12,CASH,30,SUCCESS
TXN0005389,S0007250,2026-07-12,CARD,60,SUCCESS
TXN0005390,S0007252,2026-07-12,CASH,52,SUCCESS
TXN0005391,S0007253,2026-07-12,CARD,610,SUCCESS
TXN0005392,S0007254,2026-07-12,CASH,35,SUCCESS
TXN0005393,S0007255,2026-07-12,CASH,104,SUCCESS
TXN0005394,S0007256,2026-07-12,CARD,20,SUCCESS
TXN0005395,S0007258,2026-07-12,CASH,23,SUCCESS
TXN0005396,S0007259,2026-07-12,UPI,30,SUCCESS
TXN0005397,S0007260,2026-07-12,CARD,286,SUCCESS
TXN0005398,S0007262,2026-07-12,CARD,45,SUCCESS
TXN0005399,S0007264,2026-07-12,CARD,216,SUCCESS
TXN0005400,S0007265,2026-07-12,UPI,20,SUCCESS
TXN0005401,S0007266,2026-07-12,CASH,30,SUCCESS
TXN0005402,S0007267,2026-07-12,CASH,25,SUCCESS
TXN0005403,S0007268,2026-07-12,UPI,100,SUCCESS
TXN0005404,S0007272,2026-07-12,CARD,1240,SUCCESS
TXN0005405,S0007275,2026-07-12,UPI,26,SUCCESS
TXN0005406,S0007276,2026-07-12,UPI,50,SUCCESS
TXN0005407,S0007277,2026-07-12,UPI,250,SUCCESS
TXN0005408,S0007278,2026-07-12,CARD,216,SUCCESS
TXN0005409,S0007279,2026-07-12,CASH,216,SUCCESS
TXN0005410,S0007281,2026-07-12,CASH,155,SUCCESS
TXN0005411,S0007282,2026-07-13,UPI,75,SUCCESS
TXN0005412,S0007283,2026-07-13,CASH,90,SUCCESS
TXN0005413,S0007284,2026-07-13,UPI,114,SUCCESS
TXN0005414,S0007287,2026-07-13,CASH,255,SUCCESS
TXN0005415,S0007288,2026-07-13,CARD,35,SUCCESS
TXN0005416,S0007289,2026-07-13,CARD,310,SUCCESS
TXN0005417,S0007290,2026-07-13,CASH,285,SUCCESS
TXN0005418,S0007292,2026-07-13,CASH,80,SUCCESS
TXN0005419,S0007293,2026-07-13,CASH,210,SUCCESS
TXN0005420,S0007294,2026-07-13,CARD,45,SUCCESS
TXN0005421,S0007296,2026-07-13,UPI,18,SUCCESS
TXN0005422,S0007297,2026-07-13,CARD,175,SUCCESS
TXN0005423,S0007301,2026-07-13,CASH,255,SUCCESS
TXN0005424,S0007302,2026-07-13,CASH,46,SUCCESS
TXN0005425,S0007303,2026-07-13,CARD,100,SUCCESS
TXN0005426,S0007305,2026-07-13,UPI,10,SUCCESS
TXN0005427,S0007306,2026-07-13,UPI,176,SUCCESS
TXN0005428,S0007308,2026-07-13,CASH,48,SUCCESS
TXN0005429,S0007309,2026-07-13,CASH,125,SUCCESS
TXN0005430,S0007310,2026-07-13,CASH,255,SUCCESS
TXN0005431,S0007311,2026-07-13,CARD,38,SUCCESS
TXN0005432,S0007312,2026-07-13,CASH,125,SUCCESS
TXN0005433,S0007315,2026-07-13,UPI,432,SUCCESS
TXN0005434,S0007316,2026-07-13,CARD,25,SUCCESS
TXN0005435,S0007317,2026-07-13,CASH,95,SUCCESS
TXN0005436,S0007318,2026-07-13,CASH,25,SUCCESS
TXN0005437,S0007319,2026-07-13,UPI,129,SUCCESS
TXN0005438,S0007320,2026-07-13,CASH,80,SUCCESS
TXN0005439,S0007321,2026-07-13,CARD,108,SUCCESS
TXN0005440,S0007322,2026-07-13,UPI,150,SUCCESS
TXN0005441,S0007323,2026-07-13,CARD,50,SUCCESS
TXN0005442,S0007324,2026-07-13,CARD,30,SUCCESS
TXN0005443,S0007325,2026-07-13,CARD,25,SUCCESS
TXN0005444,S0007326,2026-07-14,UPI,190,SUCCESS
TXN0005445,S0007327,2026-07-14,CASH,253,SUCCESS
TXN0005446,S0007328,2026-07-14,CARD,665,SUCCESS
TXN0005447,S0007329,2026-07-14,CARD,420,SUCCESS
TXN0005448,S0007331,2026-07-14,CASH,32,SUCCESS
TXN0005449,S0007332,2026-07-14,CARD,36,SUCCESS
TXN0005450,S0007333,2026-07-14,UPI,25,SUCCESS
TXN0005451,S0007334,2026-07-14,UPI,90,SUCCESS
TXN0005452,S0007335,2026-07-14,CARD,170,SUCCESS
TXN0005453,S0007338,2026-07-14,UPI,95,SUCCESS
TXN0005454,S0007339,2026-07-14,UPI,94,SUCCESS
TXN0005455,S0007340,2026-07-14,UPI,90,SUCCESS
TXN0005456,S0007342,2026-07-14,UPI,50,SUCCESS
TXN0005457,S0007343,2026-07-14,CARD,300,SUCCESS
TXN0005458,S0007346,2026-07-14,CARD,620,SUCCESS
TXN0005459,S0007348,2026-07-14,UPI,510,SUCCESS
TXN0005460,S0007350,2026-07-14,CASH,100,SUCCESS
TXN0005461,S0007352,2026-07-14,CASH,60,SUCCESS
TXN0005462,S0007354,2026-07-14,UPI,80,SUCCESS
TXN0005463,S0007355,2026-07-14,CASH,285,SUCCESS
TXN0005464,S0007357,2026-07-14,UPI,201,SUCCESS
TXN0005465,S0007360,2026-07-14,CARD,15,SUCCESS
TXN0005466,S0007361,2026-07-14,UPI,103,SUCCESS
TXN0005467,S0007362,2026-07-14,CASH,70,SUCCESS
TXN0005468,S0007363,2026-07-14,CARD,216,SUCCESS
TXN0005469,S0007365,2026-07-14,CARD,70,SUCCESS
TXN0005470,S0007366,2026-07-14,UPI,60,SUCCESS
TXN0005471,S0007367,2026-07-14,CASH,100,SUCCESS
TXN0005472,S0007371,2026-07-15,UPI,100,SUCCESS
TXN0005473,S0007372,2026-07-15,CASH,90,SUCCESS
TXN0005474,S0007374,2026-07-15,UPI,138,SUCCESS
TXN0005475,S0007375,2026-07-15,CASH,135,SUCCESS
TXN0005476,S0007376,2026-07-15,UPI,80,SUCCESS
TXN0005477,S0007377,2026-07-15,CASH,103,SUCCESS
TXN0005478,S0007378,2026-07-15,CASH,135,SUCCESS
TXN0005479,S0007379,2026-07-15,CASH,120,SUCCESS
TXN0005480,S0007382,2026-07-15,CASH,64,SUCCESS
TXN0005481,S0007383,2026-07-15,CASH,66,SUCCESS
TXN0005482,S0007384,2026-07-15,CASH,620,SUCCESS
TXN0005483,S0007385,2026-07-15,CASH,300,SUCCESS
TXN0005484,S0007386,2026-07-15,UPI,15,SUCCESS
TXN0005485,S0007388,2026-07-15,CASH,38,SUCCESS
TXN0005486,S0007390,2026-07-15,CARD,220,SUCCESS
TXN0005487,S0007391,2026-07-15,CARD,96,SUCCESS
TXN0005488,S0007392,2026-07-15,CARD,372,SUCCESS
TXN0005489,S0007393,2026-07-15,UPI,95,SUCCESS
TXN0005490,S0007394,2026-07-15,UPI,150,SUCCESS
TXN0005491,S0007395,2026-07-15,UPI,33,SUCCESS
TXN0005492,S0007396,2026-07-15,UPI,45,SUCCESS
TXN0005493,S0007397,2026-07-15,CARD,30,SUCCESS
TXN0005494,S0007398,2026-07-15,UPI,105,SUCCESS
TXN0005495,S0007399,2026-07-15,UPI,10,SUCCESS
TXN0005496,S0007400,2026-07-16,CARD,290,SUCCESS
TXN0005497,S0007401,2026-07-16,CASH,134,SUCCESS
TXN0005498,S0007402,2026-07-16,CARD,112,SUCCESS
TXN0005499,S0007403,2026-07-16,UPI,930,SUCCESS
TXN0005500,S0007404,2026-07-16,CASH,290,SUCCESS
TXN0005501,S0007405,2026-07-16,UPI,40,SUCCESS
TXN0005502,S0007406,2026-07-16,UPI,152,SUCCESS
TXN0005503,S0007407,2026-07-16,UPI,170,SUCCESS
TXN0005504,S0007408,2026-07-16,UPI,85,SUCCESS
TXN0005505,S0007409,2026-07-16,CASH,38,SUCCESS
TXN0005506,S0007411,2026-07-16,CARD,95,SUCCESS
TXN0005507,S0007412,2026-07-16,CARD,48,SUCCESS
TXN0005508,S0007413,2026-07-16,UPI,305,SUCCESS
TXN0005509,S0007414,2026-07-16,CARD,114,SUCCESS
TXN0005510,S0007416,2026-07-16,UPI,60,SUCCESS
TXN0005511,S0007420,2026-07-16,UPI,35,SUCCESS
TXN0005512,S0007421,2026-07-16,CASH,95,SUCCESS
TXN0005513,S0007422,2026-07-16,UPI,310,SUCCESS
TXN0005514,S0007423,2026-07-16,CASH,76,SUCCESS
TXN0005515,S0007424,2026-07-16,CARD,45,SUCCESS
TXN0005516,S0007425,2026-07-16,CARD,25,SUCCESS
TXN0005517,S0007426,2026-07-16,CASH,50,SUCCESS
TXN0005518,S0007428,2026-07-16,UPI,930,SUCCESS
TXN0005519,S0007429,2026-07-16,CASH,27,SUCCESS
TXN0005520,S0007430,2026-07-16,CARD,18,SUCCESS
TXN0005521,S0007431,2026-07-16,UPI,550,SUCCESS
TXN0005522,S0007432,2026-07-16,CASH,72,SUCCESS
TXN0005523,S0007433,2026-07-16,CASH,380,SUCCESS
TXN0005524,S0007434,2026-07-16,CARD,1240,SUCCESS
TXN0005525,S0007435,2026-07-16,UPI,216,SUCCESS
TXN0005526,S0007437,2026-07-16,CARD,930,SUCCESS
TXN0005527,S0007438,2026-07-16,CASH,285,SUCCESS
TXN0005528,S0007439,2026-07-16,CARD,100,SUCCESS
TXN0005529,S0007441,2026-07-16,UPI,3,SUCCESS
TXN0005530,S0007443,2026-07-16,UPI,84,SUCCESS
TXN0005531,S0007444,2026-07-16,CARD,170,SUCCESS
TXN0005532,S0007445,2026-07-16,UPI,88,SUCCESS
TXN0005533,S0007447,2026-07-17,CARD,540,SUCCESS
TXN0005534,S0007449,2026-07-17,CASH,52,SUCCESS
TXN0005535,S0007452,2026-07-17,CASH,48,SUCCESS
TXN0005536,S0007454,2026-07-17,UPI,105,SUCCESS
TXN0005537,S0007456,2026-07-17,CASH,25,SUCCESS
TXN0005538,S0007459,2026-07-17,CARD,100,SUCCESS
TXN0005539,S0007460,2026-07-17,CASH,66,SUCCESS
TXN0005540,S0007461,2026-07-17,CASH,134,SUCCESS
TXN0005541,S0007464,2026-07-17,CASH,50,SUCCESS
TXN0005542,S0007465,2026-07-17,UPI,168,SUCCESS
TXN0005543,S0007466,2026-07-17,CARD,18,SUCCESS
TXN0005544,S0007467,2026-07-17,CARD,90,SUCCESS
TXN0005545,S0007468,2026-07-17,UPI,80,SUCCESS
TXN0005546,S0007469,2026-07-17,CASH,30,SUCCESS
TXN0005547,S0007470,2026-07-17,CASH,50,SUCCESS
TXN0005548,S0007471,2026-07-17,UPI,35,SUCCESS
TXN0005549,S0007472,2026-07-17,UPI,155,SUCCESS
TXN0005550,S0007474,2026-07-17,UPI,140,SUCCESS
TXN0005551,S0007475,2026-07-17,CASH,78,SUCCESS
TXN0005552,S0007476,2026-07-17,UPI,490,SUCCESS
TXN0005553,S0007477,2026-07-17,UPI,110,SUCCESS
TXN0005554,S0007482,2026-07-18,CASH,18,SUCCESS
TXN0005555,S0007483,2026-07-18,CASH,36,SUCCESS
TXN0005556,S0007484,2026-07-18,CASH,253,SUCCESS
TXN0005557,S0007485,2026-07-18,UPI,10,SUCCESS
TXN0005558,S0007487,2026-07-18,CARD,120,SUCCESS
TXN0005559,S0007488,2026-07-18,CASH,186,SUCCESS
TXN0005560,S0007489,2026-07-18,UPI,186,SUCCESS
TXN0005561,S0007491,2026-07-18,UPI,190,SUCCESS
TXN0005562,S0007492,2026-07-18,CARD,155,SUCCESS
TXN0005563,S0007493,2026-07-18,UPI,90,SUCCESS
TXN0005564,S0007495,2026-07-18,CARD,143,SUCCESS
TXN0005565,S0007496,2026-07-18,CARD,135,SUCCESS
TXN0005566,S0007497,2026-07-18,CARD,310,SUCCESS
TXN0005567,S0007498,2026-07-18,CASH,270,SUCCESS
TXN0005568,S0007499,2026-07-18,CASH,60,SUCCESS
TXN0005569,S0007500,2026-07-18,CARD,130,SUCCESS
TXN0005570,S0007501,2026-07-18,UPI,105,SUCCESS
TXN0005571,S0007502,2026-07-18,CASH,270,SUCCESS
TXN0005572,S0007505,2026-07-18,CASH,290,SUCCESS
TXN0005573,S0007506,2026-07-18,CARD,255,SUCCESS
TXN0005574,S0007507,2026-07-18,UPI,135,SUCCESS
TXN0005575,S0007509,2026-07-18,UPI,220,SUCCESS
TXN0005576,S0007510,2026-07-18,CASH,110,SUCCESS
TXN0005577,S0007511,2026-07-18,CARD,24,SUCCESS
TXN0005578,S0007512,2026-07-18,UPI,76,SUCCESS
TXN0005579,S0007513,2026-07-18,UPI,50,SUCCESS
TXN0005580,S0007515,2026-07-18,CARD,84,SUCCESS
TXN0005581,S0007517,2026-07-18,UPI,90,SUCCESS
TXN0005582,S0007518,2026-07-18,CARD,260,SUCCESS
TXN0005583,S0007519,2026-07-18,CASH,310,SUCCESS
TXN0005584,S0007520,2026-07-18,CARD,420,SUCCESS
TXN0005585,S0007522,2026-07-18,UPI,440,SUCCESS
TXN0005586,S0007523,2026-07-18,UPI,255,SUCCESS
TXN0005587,S0007524,2026-07-18,UPI,52,SUCCESS
TXN0005588,S0007525,2026-07-18,UPI,27,SUCCESS
TXN0005589,S0007526,2026-07-19,CARD,5,SUCCESS
TXN0005590,S0007528,2026-07-19,UPI,315,SUCCESS
TXN0005591,S0007530,2026-07-19,CARD,270,SUCCESS
TXN0005592,S0007531,2026-07-19,UPI,308,SUCCESS
TXN0005593,S0007532,2026-07-19,CARD,50,SUCCESS
TXN0005594,S0007533,2026-07-19,UPI,429,SUCCESS
TXN0005595,S0007534,2026-07-19,CASH,93,SUCCESS
TXN0005596,S0007535,2026-07-19,UPI,25,SUCCESS
TXN0005597,S0007537,2026-07-19,UPI,25,SUCCESS
TXN0005598,S0007539,2026-07-19,UPI,630,SUCCESS
TXN0005599,S0007540,2026-07-19,UPI,105,SUCCESS
TXN0005600,S0007541,2026-07-19,CASH,52,SUCCESS
TXN0005601,S0007542,2026-07-19,UPI,135,SUCCESS
TXN0005602,S0007544,2026-07-19,CASH,48,SUCCESS
TXN0005603,S0007546,2026-07-19,CASH,52,SUCCESS
TXN0005604,S0007547,2026-07-19,CARD,200,SUCCESS
TXN0005605,S0007548,2026-07-19,UPI,308,SUCCESS
TXN0005606,S0007550,2026-07-19,UPI,253,SUCCESS
TXN0005607,S0007551,2026-07-19,UPI,500,SUCCESS
TXN0005608,S0007552,2026-07-19,CARD,170,SUCCESS
TXN0005609,S0007553,2026-07-19,CASH,285,SUCCESS
TXN0005610,S0007554,2026-07-19,CASH,95,SUCCESS
TXN0005611,S0007555,2026-07-19,UPI,35,SUCCESS
TXN0005612,S0007556,2026-07-19,CARD,13,SUCCESS
TXN0005613,S0007557,2026-07-19,CASH,190,SUCCESS
TXN0005614,S0007558,2026-07-19,UPI,70,SUCCESS
TXN0005615,S0007560,2026-07-19,CASH,255,SUCCESS
TXN0005616,S0007561,2026-07-19,CASH,260,SUCCESS
TXN0005617,S0007562,2026-07-19,UPI,50,SUCCESS
TXN0005618,S0007563,2026-07-20,CARD,270,SUCCESS
TXN0005619,S0007565,2026-07-20,UPI,54,SUCCESS
TXN0005620,S0007566,2026-07-20,CASH,180,SUCCESS
TXN0005621,S0007568,2026-07-20,UPI,155,SUCCESS
TXN0005622,S0007569,2026-07-20,CASH,144,SUCCESS
TXN0005623,S0007573,2026-07-20,UPI,620,SUCCESS
TXN0005624,S0007574,2026-07-20,UPI,94,SUCCESS
TXN0005625,S0007575,2026-07-20,UPI,30,SUCCESS
TXN0005626,S0007578,2026-07-20,CARD,70,SUCCESS
TXN0005627,S0007579,2026-07-20,UPI,255,SUCCESS
TXN0005628,S0007581,2026-07-20,CASH,620,SUCCESS
TXN0005629,S0007582,2026-07-20,UPI,60,SUCCESS
TXN0005630,S0007583,2026-07-20,CARD,125,SUCCESS
TXN0005631,S0007584,2026-07-20,UPI,924,SUCCESS
TXN0005632,S0007585,2026-07-20,UPI,300,SUCCESS
TXN0005633,S0007586,2026-07-20,UPI,288,SUCCESS
TXN0005634,S0007587,2026-07-20,UPI,128,SUCCESS
TXN0005635,S0007588,2026-07-20,UPI,104,SUCCESS
TXN0005636,S0007589,2026-07-20,CASH,100,SUCCESS
TXN0005637,S0007591,2026-07-20,CARD,100,SUCCESS
TXN0005638,S0007592,2026-07-20,CASH,340,SUCCESS
TXN0005639,S0007595,2026-07-20,CARD,84,SUCCESS
TXN0005640,S0007596,2026-07-20,CARD,210,SUCCESS
TXN0005641,S0007597,2026-07-20,UPI,84,SUCCESS
TXN0005642,S0007598,2026-07-20,CARD,90,SUCCESS
TXN0005643,S0007599,2026-07-20,CARD,50,SUCCESS
TXN0005644,S0007600,2026-07-20,UPI,93,SUCCESS
TXN0005645,S0007601,2026-07-20,UPI,285,SUCCESS
TXN0005646,S0007603,2026-07-20,CASH,47,SUCCESS
TXN0005647,S0007604,2026-07-20,CARD,16,SUCCESS
TXN0005648,S0007605,2026-07-20,CASH,45,SUCCESS
TXN0005649,S0007606,2026-07-20,CARD,69,SUCCESS
TXN0005650,S0007610,2026-07-20,CASH,270,SUCCESS
TXN0005651,S0007611,2026-07-20,UPI,16,SUCCESS
TXN0005652,S0007614,2026-07-21,CASH,70,SUCCESS
TXN0005653,S0007615,2026-07-21,CARD,42,SUCCESS
TXN0005654,S0007616,2026-07-21,UPI,180,SUCCESS
TXN0005655,S0007617,2026-07-21,UPI,52,SUCCESS
TXN0005656,S0007618,2026-07-21,UPI,310,SUCCESS
TXN0005657,S0007619,2026-07-21,UPI,45,SUCCESS
TXN0005658,S0007620,2026-07-21,CARD,15,SUCCESS
TXN0005659,S0007621,2026-07-21,UPI,90,SUCCESS
TXN0005660,S0007622,2026-07-21,CARD,260,SUCCESS
TXN0005661,S0007623,2026-07-21,CASH,72,SUCCESS
TXN0005662,S0007626,2026-07-21,CARD,40,SUCCESS
TXN0005663,S0007627,2026-07-21,CARD,660,SUCCESS
TXN0005664,S0007628,2026-07-21,UPI,50,SUCCESS
TXN0005665,S0007629,2026-07-21,UPI,20,SUCCESS
TXN0005666,S0007631,2026-07-21,CARD,40,SUCCESS
TXN0005667,S0007632,2026-07-21,CASH,250,SUCCESS
TXN0005668,S0007633,2026-07-21,UPI,90,SUCCESS
TXN0005669,S0007634,2026-07-21,CARD,95,SUCCESS
TXN0005670,S0007635,2026-07-21,CARD,48,SUCCESS
TXN0005671,S0007637,2026-07-21,CARD,66,SUCCESS
TXN0005672,S0007638,2026-07-21,CASH,105,SUCCESS
TXN0005673,S0007640,2026-07-21,UPI,125,SUCCESS
TXN0005674,S0007641,2026-07-21,UPI,95,SUCCESS
TXN0005675,S0007642,2026-07-21,CASH,150,SUCCESS
TXN0005676,S0007643,2026-07-21,CARD,25,SUCCESS
TXN0005677,S0007644,2026-07-22,CASH,135,SUCCESS
TXN0005678,S0007645,2026-07-22,CASH,100,SUCCESS
TXN0005679,S0007647,2026-07-22,CASH,300,SUCCESS
TXN0005680,S0007649,2026-07-22,CASH,54,SUCCESS
TXN0005681,S0007650,2026-07-22,CASH,95,SUCCESS
TXN0005682,S0007652,2026-07-22,CASH,99,SUCCESS
TXN0005683,S0007654,2026-07-22,CASH,93,SUCCESS
TXN0005684,S0007655,2026-07-22,CARD,180,SUCCESS
TXN0005685,S0007656,2026-07-22,CASH,60,SUCCESS
TXN0005686,S0007657,2026-07-22,UPI,90,SUCCESS
TXN0005687,S0007658,2026-07-22,UPI,72,SUCCESS
TXN0005688,S0007659,2026-07-22,CASH,155,SUCCESS
TXN0005689,S0007660,2026-07-22,CASH,170,SUCCESS
TXN0005690,S0007661,2026-07-22,CASH,180,SUCCESS
TXN0005691,S0007662,2026-07-22,UPI,110,SUCCESS
TXN0005692,S0007663,2026-07-22,CASH,144,SUCCESS
TXN0005693,S0007665,2026-07-22,UPI,10,SUCCESS
TXN0005694,S0007666,2026-07-22,CARD,5,SUCCESS
TXN0005695,S0007668,2026-07-22,UPI,15,SUCCESS
TXN0005696,S0007669,2026-07-22,UPI,108,SUCCESS
TXN0005697,S0007671,2026-07-22,CASH,18,SUCCESS
TXN0005698,S0007673,2026-07-22,CASH,25,SUCCESS
TXN0005699,S0007675,2026-07-23,UPI,38,SUCCESS
TXN0005700,S0007676,2026-07-23,UPI,40,SUCCESS
TXN0005701,S0007677,2026-07-23,CARD,35,SUCCESS
TXN0005702,S0007679,2026-07-23,CARD,620,SUCCESS
TXN0005703,S0007680,2026-07-23,UPI,255,SUCCESS
TXN0005704,S0007681,2026-07-23,CASH,52,SUCCESS
TXN0005705,S0007682,2026-07-23,CARD,48,SUCCESS
TXN0005706,S0007683,2026-07-23,UPI,47,SUCCESS
TXN0005707,S0007685,2026-07-23,UPI,50,SUCCESS
TXN0005708,S0007686,2026-07-23,UPI,52,SUCCESS
TXN0005709,S0007688,2026-07-23,CARD,125,SUCCESS
TXN0005710,S0007690,2026-07-23,UPI,45,SUCCESS
TXN0005711,S0007691,2026-07-23,UPI,35,SUCCESS
TXN0005712,S0007693,2026-07-23,CARD,500,SUCCESS
TXN0005713,S0007695,2026-07-23,UPI,50,SUCCESS
TXN0005714,S0007696,2026-07-23,CARD,16,SUCCESS
TXN0005715,S0007697,2026-07-23,CASH,13,SUCCESS
TXN0005716,S0007698,2026-07-23,CASH,143,SUCCESS
TXN0005717,S0007700,2026-07-23,CARD,30,SUCCESS
TXN0005718,S0007701,2026-07-23,CARD,40,SUCCESS
TXN0005719,S0007703,2026-07-24,CARD,253,SUCCESS
TXN0005720,S0007704,2026-07-24,CARD,30,SUCCESS
TXN0005721,S0007705,2026-07-24,CASH,90,SUCCESS
TXN0005722,S0007707,2026-07-24,CASH,18,SUCCESS
TXN0005723,S0007708,2026-07-24,CARD,76,SUCCESS
TXN0005724,S0007709,2026-07-24,UPI,140,SUCCESS
TXN0005725,S0007710,2026-07-24,UPI,20,SUCCESS
TXN0005726,S0007711,2026-07-24,UPI,95,SUCCESS
TXN0005727,S0007712,2026-07-24,CARD,52,SUCCESS
TXN0005728,S0007713,2026-07-24,UPI,95,SUCCESS
TXN0005729,S0007715,2026-07-24,CASH,40,SUCCESS
TXN0005730,S0007716,2026-07-24,CARD,52,SUCCESS
TXN0005731,S0007717,2026-07-24,CASH,270,SUCCESS
TXN0005732,S0007720,2026-07-24,CASH,290,SUCCESS
TXN0005733,S0007722,2026-07-24,CARD,510,SUCCESS
TXN0005734,S0007723,2026-07-24,UPI,155,SUCCESS
TXN0005735,S0007724,2026-07-24,CASH,60,SUCCESS
TXN0005736,S0007725,2026-07-24,CARD,135,SUCCESS
TXN0005737,S0007726,2026-07-24,CARD,105,SUCCESS
TXN0005738,S0007727,2026-07-24,CARD,70,SUCCESS
TXN0005739,S0007730,2026-07-24,CASH,210,SUCCESS
TXN0005740,S0007732,2026-07-24,UPI,52,SUCCESS
TXN0005741,S0007733,2026-07-24,UPI,245,SUCCESS
TXN0005742,S0007734,2026-07-24,UPI,144,SUCCESS
TXN0005743,S0007735,2026-07-24,UPI,35,SUCCESS
TXN0005744,S0007736,2026-07-24,CARD,290,SUCCESS
TXN0005745,S0007739,2026-07-24,CARD,75,SUCCESS
TXN0005746,S0007740,2026-07-24,CASH,810,SUCCESS
TXN0005747,S0007741,2026-07-24,CARD,25,SUCCESS
TXN0005748,S0007744,2026-07-25,CARD,480,SUCCESS
TXN0005749,S0007745,2026-07-25,UPI,210,SUCCESS
TXN0005750,S0007746,2026-07-25,CARD,135,SUCCESS
TXN0005751,S0007747,2026-07-25,CASH,15,SUCCESS
TXN0005752,S0007748,2026-07-25,CARD,15,SUCCESS
TXN0005753,S0007750,2026-07-25,CASH,18,SUCCESS
TXN0005754,S0007752,2026-07-25,CASH,308,SUCCESS
TXN0005755,S0007753,2026-07-25,UPI,10,SUCCESS
TXN0005756,S0007754,2026-07-25,UPI,32,SUCCESS
TXN0005757,S0007755,2026-07-25,UPI,190,SUCCESS
TXN0005758,S0007756,2026-07-25,CARD,100,SUCCESS
TXN0005759,S0007758,2026-07-25,CARD,255,SUCCESS
TXN0005760,S0007759,2026-07-25,CASH,32,SUCCESS
TXN0005761,S0007760,2026-07-25,CARD,616,SUCCESS
TXN0005762,S0007761,2026-07-25,CARD,64,SUCCESS
TXN0005763,S0007765,2026-07-25,CARD,42,SUCCESS
TXN0005764,S0007766,2026-07-25,UPI,50,SUCCESS
TXN0005765,S0007767,2026-07-25,CARD,110,SUCCESS
TXN0005766,S0007768,2026-07-25,CARD,540,SUCCESS
TXN0005767,S0007769,2026-07-25,CARD,1020,SUCCESS
TXN0005768,S0007771,2026-07-25,CARD,32,SUCCESS
TXN0005769,S0007772,2026-07-25,CASH,520,SUCCESS
TXN0005770,S0007773,2026-07-25,UPI,144,SUCCESS
TXN0005771,S0007774,2026-07-25,UPI,13,SUCCESS
TXN0005772,S0007775,2026-07-25,UPI,47,SUCCESS
TXN0005773,S0007776,2026-07-25,CARD,40,SUCCESS
TXN0005774,S0007777,2026-07-25,UPI,125,SUCCESS
TXN0005775,S0007778,2026-07-25,CASH,190,SUCCESS
TXN0005776,S0007779,2026-07-25,UPI,13,SUCCESS
TXN0005777,S0007780,2026-07-25,CARD,38,SUCCESS
TXN0005778,S0007781,2026-07-25,UPI,156,SUCCESS
TXN0005779,S0007784,2026-07-26,CARD,114,SUCCESS
TXN0005780,S0007785,2026-07-26,UPI,420,SUCCESS
TXN0005781,S0007786,2026-07-26,CARD,90,SUCCESS
TXN0005782,S0007787,2026-07-26,CASH,309,SUCCESS
TXN0005783,S0007788,2026-07-26,CASH,110,SUCCESS
TXN0005784,S0007790,2026-07-26,CARD,48,SUCCESS
TXN0005785,S0007791,2026-07-26,CASH,143,SUCCESS
TXN0005786,S0007792,2026-07-26,CASH,90,SUCCESS
TXN0005787,S0007793,2026-07-26,CARD,25,SUCCESS
TXN0005788,S0007794,2026-07-26,CARD,60,SUCCESS
TXN0005789,S0007796,2026-07-26,UPI,16,SUCCESS
TXN0005790,S0007797,2026-07-26,UPI,38,SUCCESS
TXN0005791,S0007798,2026-07-26,CASH,70,SUCCESS
TXN0005792,S0007799,2026-07-26,UPI,100,SUCCESS
TXN0005793,S0007800,2026-07-26,UPI,52,SUCCESS
TXN0005794,S0007801,2026-07-26,CASH,144,SUCCESS
TXN0005795,S0007803,2026-07-26,CARD,168,SUCCESS
TXN0005796,S0007804,2026-07-26,UPI,86,SUCCESS
TXN0005797,S0007805,2026-07-26,CASH,45,SUCCESS
TXN0005798,S0007806,2026-07-26,CASH,66,SUCCESS
TXN0005799,S0007808,2026-07-26,UPI,96,SUCCESS
TXN0005800,S0007810,2026-07-26,UPI,285,SUCCESS
TXN0005801,S0007813,2026-07-26,CARD,1000,SUCCESS
TXN0005802,S0007814,2026-07-26,CARD,76,SUCCESS
TXN0005803,S0007816,2026-07-26,CARD,90,SUCCESS
TXN0005804,S0007817,2026-07-26,UPI,324,SUCCESS
TXN0005805,S0007818,2026-07-26,UPI,186,SUCCESS
TXN0005806,S0007820,2026-07-26,UPI,180,SUCCESS
TXN0005807,S0007821,2026-07-26,UPI,75,SUCCESS
TXN0005808,S0007822,2026-07-26,CARD,186,SUCCESS
TXN0005809,S0007824,2026-07-26,CASH,75,SUCCESS
TXN0005810,S0007826,2026-07-27,UPI,90,SUCCESS
TXN0005811,S0007828,2026-07-27,CASH,105,SUCCESS
TXN0005812,S0007829,2026-07-27,UPI,216,SUCCESS
TXN0005813,S0007830,2026-07-27,UPI,25,SUCCESS
TXN0005814,S0007831,2026-07-27,UPI,40,SUCCESS
TXN0005815,S0007832,2026-07-27,UPI,170,SUCCESS
TXN0005816,S0007834,2026-07-27,UPI,20,SUCCESS
TXN0005817,S0007835,2026-07-27,UPI,320,SUCCESS
TXN0005818,S0007836,2026-07-27,UPI,40,SUCCESS
TXN0005819,S0007837,2026-07-27,UPI,35,SUCCESS
TXN0005820,S0007838,2026-07-27,CASH,125,SUCCESS
TXN0005821,S0007839,2026-07-27,CASH,95,SUCCESS
TXN0005822,S0007841,2026-07-27,CASH,93,SUCCESS
TXN0005823,S0007844,2026-07-27,CARD,255,SUCCESS
TXN0005824,S0007845,2026-07-27,CARD,255,SUCCESS
TXN0005825,S0007847,2026-07-27,CASH,160,SUCCESS
TXN0005826,S0007850,2026-07-27,CASH,270,SUCCESS
TXN0005827,S0007851,2026-07-27,CARD,210,SUCCESS
TXN0005828,S0007852,2026-07-27,UPI,15,SUCCESS
TXN0005829,S0007853,2026-07-27,CARD,95,SUCCESS
TXN0005830,S0007854,2026-07-27,UPI,66,SUCCESS
TXN0005831,S0007855,2026-07-27,UPI,52,SUCCESS
TXN0005832,S0007856,2026-07-27,CASH,270,SUCCESS
TXN0005833,S0007857,2026-07-27,CARD,180,SUCCESS
TXN0005834,S0007858,2026-07-27,CARD,25,SUCCESS
TXN0005835,S0007859,2026-07-27,UPI,88,SUCCESS
TXN0005836,S0007860,2026-07-27,CARD,155,SUCCESS
TXN0005837,S0007861,2026-07-27,UPI,270,SUCCESS
TXN0005838,S0007862,2026-07-28,CARD,52,SUCCESS
TXN0005839,S0007865,2026-07-28,UPI,93,SUCCESS
TXN0005840,S0007867,2026-07-28,UPI,300,SUCCESS
TXN0005841,S0007868,2026-07-28,CARD,52,SUCCESS
TXN0005842,S0007871,2026-07-28,CARD,266,SUCCESS
TXN0005843,S0007873,2026-07-28,CARD,110,SUCCESS
TXN0005844,S0007874,2026-07-28,CASH,930,SUCCESS
TXN0005845,S0007876,2026-07-28,CASH,300,SUCCESS
TXN0005846,S0007878,2026-07-28,CASH,104,SUCCESS
TXN0005847,S0007879,2026-07-28,CASH,180,SUCCESS
TXN0005848,S0007880,2026-07-28,UPI,525,SUCCESS
TXN0005849,S0007881,2026-07-28,CASH,180,SUCCESS
TXN0005850,S0007882,2026-07-28,UPI,250,SUCCESS
TXN0005851,S0007883,2026-07-28,CARD,26,SUCCESS
TXN0005852,S0007884,2026-07-28,CASH,60,SUCCESS
TXN0005853,S0007885,2026-07-28,UPI,190,SUCCESS
TXN0005854,S0007886,2026-07-28,CARD,25,SUCCESS
TXN0005855,S0007887,2026-07-28,CARD,153,SUCCESS
TXN0005856,S0007889,2026-07-28,CASH,70,SUCCESS
TXN0005857,S0007892,2026-07-28,CARD,120,SUCCESS
TXN0005858,S0007893,2026-07-28,CARD,27,SUCCESS
TXN0005859,S0007894,2026-07-28,UPI,190,SUCCESS
TXN0005860,S0007895,2026-07-28,UPI,30,SUCCESS
TXN0005861,S0007896,2026-07-29,UPI,45,SUCCESS
TXN0005862,S0007897,2026-07-29,CASH,30,SUCCESS
TXN0005863,S0007898,2026-07-29,UPI,153,SUCCESS
TXN0005864,S0007899,2026-07-29,UPI,33,SUCCESS
TXN0005865,S0007900,2026-07-29,UPI,20,SUCCESS
TXN0005866,S0007901,2026-07-29,CARD,85,SUCCESS
TXN0005867,S0007903,2026-07-29,CARD,50,SUCCESS
TXN0005868,S0007905,2026-07-29,CASH,38,SUCCESS
TXN0005869,S0007906,2026-07-29,CASH,62,SUCCESS
TXN0005870,S0007907,2026-07-29,CASH,95,SUCCESS
TXN0005871,S0007908,2026-07-29,UPI,200,SUCCESS
TXN0005872,S0007909,2026-07-29,CARD,52,SUCCESS
TXN0005873,S0007911,2026-07-29,UPI,200,SUCCESS
TXN0005874,S0007914,2026-07-29,UPI,45,SUCCESS
TXN0005875,S0007916,2026-07-29,UPI,95,SUCCESS
TXN0005876,S0007917,2026-07-29,CASH,42,SUCCESS
TXN0005877,S0007918,2026-07-29,CASH,47,SUCCESS
TXN0005878,S0007919,2026-07-29,UPI,46,SUCCESS
TXN0005879,S0007922,2026-07-29,UPI,270,SUCCESS
TXN0005880,S0007924,2026-07-29,CASH,200,SUCCESS
TXN0005881,S0007926,2026-07-29,UPI,435,SUCCESS
TXN0005882,S0007927,2026-07-29,CASH,100,SUCCESS
TXN0005883,S0007928,2026-07-29,CARD,52,SUCCESS
TXN0005884,S0007929,2026-07-29,CARD,70,SUCCESS
TXN0005885,S0007932,2026-07-30,CASH,95,SUCCESS
TXN0005886,S0007933,2026-07-30,CARD,175,SUCCESS
TXN0005887,S0007934,2026-07-30,CARD,27,SUCCESS
TXN0005888,S0007935,2026-07-30,CASH,250,SUCCESS
TXN0005889,S0007937,2026-07-30,CARD,25,SUCCESS
TXN0005890,S0007938,2026-07-30,UPI,465,SUCCESS
TXN0005891,S0007939,2026-07-30,CARD,1860,SUCCESS
TXN0005892,S0007940,2026-07-30,CARD,310,SUCCESS
TXN0005893,S0007941,2026-07-30,CASH,30,SUCCESS
TXN0005894,S0007942,2026-07-30,CARD,30,SUCCESS
TXN0005895,S0007943,2026-07-30,CASH,95,SUCCESS
TXN0005896,S0007944,2026-07-30,CASH,23,SUCCESS
TXN0005897,S0007946,2026-07-30,CARD,95,SUCCESS
TXN0005898,S0007947,2026-07-30,UPI,104,SUCCESS
TXN0005899,S0007948,2026-07-30,CARD,47,SUCCESS
TXN0005900,S0007949,2026-07-30,CASH,248,SUCCESS
TXN0005901,S0007950,2026-07-30,CARD,156,SUCCESS
TXN0005902,S0007952,2026-07-30,CARD,176,SUCCESS
TXN0005903,S0007953,2026-07-30,UPI,220,SUCCESS
TXN0005904,S0007954,2026-07-30,CARD,90,SUCCESS
TXN0005905,S0007956,2026-07-30,UPI,30,SUCCESS
TXN0005906,S0007957,2026-07-30,CARD,450,SUCCESS
TXN0005907,S0007958,2026-07-30,UPI,450,SUCCESS
TXN0005908,S0007960,2026-07-31,CASH,190,SUCCESS
TXN0005909,S0007961,2026-07-31,UPI,72,SUCCESS
TXN0005910,S0007963,2026-07-31,CASH,399,SUCCESS
TXN0005911,S0007964,2026-07-31,UPI,30,SUCCESS
TXN0005912,S0007965,2026-07-31,UPI,250,SUCCESS
TXN0005913,S0007966,2026-07-31,UPI,475,SUCCESS
TXN0005914,S0007967,2026-07-31,CARD,45,SUCCESS
TXN0005915,S0007968,2026-07-31,CARD,270,SUCCESS
TXN0005916,S0007970,2026-07-31,UPI,56,SUCCESS
TXN0005917,S0007971,2026-07-31,CASH,22,SUCCESS
TXN0005918,S0007972,2026-07-31,UPI,85,SUCCESS
TXN0005919,S0007973,2026-07-31,CASH,104,SUCCESS
TXN0005920,S0007974,2026-07-31,UPI,310,SUCCESS
TXN0005921,S0007975,2026-07-31,CASH,25,SUCCESS
TXN0005922,S0007976,2026-07-31,CARD,540,SUCCESS
TXN0005923,S0007977,2026-07-31,UPI,25,SUCCESS
TXN0005924,S0007978,2026-07-31,CASH,315,SUCCESS
TXN0005925,S0007979,2026-07-31,UPI,25,SUCCESS
TXN0005926,S0007980,2026-07-31,CASH,290,SUCCESS
TXN0005927,S0007982,2026-07-31,UPI,255,SUCCESS
TXN0005928,S0007983,2026-07-31,CASH,25,SUCCESS
TXN0005929,S0007985,2026-07-31,CASH,135,SUCCESS
TXN0005930,S0007986,2026-07-31,CASH,104,SUCCESS
TXN0005931,S0007987,2026-07-31,CARD,25,SUCCESS
TXN0005932,S0007988,2026-07-31,CASH,85,SUCCESS
TXN0005933,S0007989,2026-07-31,UPI,100,SUCCESS
TXN0005934,S0007990,2026-07-31,UPI,260,SUCCESS
TXN0005935,S0007991,2026-07-31,UPI,280,SUCCESS
TXN0005936,S0007992,2026-07-31,CASH,620,SUCCESS
TXN0005937,S0007993,2026-07-31,CASH,46,SUCCESS
TXN0005938,S0007994,2026-07-31,CASH,186,SUCCESS
TXN0005939,S0007995,2026-07-31,CARD,90,SUCCESS
TXN0005940,S0007996,2026-07-31,UPI,46,SUCCESS
TXN0005941,S0007997,2026-07-31,CARD,220,SUCCESS
TXN0005942,S0007999,2026-07-31,CASH,210,SUCCESS
TXN0005943,S0008001,2026-08-01,CARD,32,SUCCESS
TXN0005944,S0008002,2026-08-01,UPI,50,SUCCESS
TXN0005945,S0008004,2026-08-01,CASH,135,SUCCESS
TXN0005946,S0008005,2026-08-01,CARD,64,SUCCESS
TXN0005947,S0008007,2026-08-01,CASH,25,SUCCESS
TXN0005948,S0008008,2026-08-01,CARD,80,SUCCESS
TXN0005949,S0008009,2026-08-01,CASH,46,SUCCESS
TXN0005950,S0008010,2026-08-01,UPI,208,SUCCESS
TXN0005951,S0008012,2026-08-01,CARD,70,SUCCESS
TXN0005952,S0008013,2026-08-01,CARD,186,SUCCESS
TXN0005953,S0008015,2026-08-01,CASH,25,SUCCESS
TXN0005954,S0008017,2026-08-01,CARD,135,SUCCESS
TXN0005955,S0008018,2026-08-01,CASH,125,SUCCESS
TXN0005956,S0008019,2026-08-01,CARD,95,SUCCESS
TXN0005957,S0008022,2026-08-01,CASH,32,SUCCESS
TXN0005958,S0008024,2026-08-01,CARD,42,SUCCESS
TXN0005959,S0008025,2026-08-01,CARD,32,SUCCESS
TXN0005960,S0008027,2026-08-01,CARD,133,SUCCESS
TXN0005961,S0008028,2026-08-01,UPI,290,SUCCESS
TXN0005962,S0008030,2026-08-01,CASH,315,SUCCESS
TXN0005963,S0008031,2026-08-01,CARD,15,SUCCESS
TXN0005964,S0008033,2026-08-01,UPI,180,SUCCESS
TXN0005965,S0008035,2026-08-01,CARD,60,SUCCESS
TXN0005966,S0008036,2026-08-01,CASH,144,SUCCESS
TXN0005967,S0008037,2026-08-01,UPI,192,SUCCESS
TXN0005968,S0008038,2026-08-01,CASH,180,SUCCESS
TXN0005969,S0008039,2026-08-01,UPI,206,SUCCESS
TXN0005970,S0008040,2026-08-01,CASH,25,SUCCESS
TXN0005971,S0008041,2026-08-01,UPI,50,SUCCESS
TXN0005972,S0008042,2026-08-01,CASH,95,SUCCESS
TXN0005973,S0008043,2026-08-01,UPI,135,SUCCESS
TXN0005974,S0008044,2026-08-01,UPI,130,SUCCESS
TXN0005975,S0008046,2026-08-02,UPI,133,SUCCESS
TXN0005976,S0008047,2026-08-02,CARD,95,SUCCESS
TXN0005977,S0008048,2026-08-02,CASH,72,SUCCESS
TXN0005978,S0008049,2026-08-02,CASH,145,SUCCESS
TXN0005979,S0008051,2026-08-02,CARD,140,SUCCESS
TXN0005980,S0008052,2026-08-02,CASH,47,SUCCESS
TXN0005981,S0008053,2026-08-02,CARD,50,SUCCESS
TXN0005982,S0008054,2026-08-02,CASH,84,SUCCESS
TXN0005983,S0008056,2026-08-02,CARD,141,SUCCESS
TXN0005984,S0008057,2026-08-02,CARD,620,SUCCESS
TXN0005985,S0008058,2026-08-02,UPI,160,SUCCESS
TXN0005986,S0008060,2026-08-02,CARD,50,SUCCESS
TXN0005987,S0008063,2026-08-02,CASH,309,SUCCESS
TXN0005988,S0008064,2026-08-02,UPI,30,SUCCESS
TXN0005989,S0008065,2026-08-02,UPI,510,SUCCESS
TXN0005990,S0008066,2026-08-02,UPI,25,SUCCESS
TXN0005991,S0008067,2026-08-02,CASH,290,SUCCESS
TXN0005992,S0008068,2026-08-02,UPI,140,SUCCESS
TXN0005993,S0008069,2026-08-02,CASH,155,SUCCESS
TXN0005994,S0008072,2026-08-02,CARD,95,SUCCESS
TXN0005995,S0008073,2026-08-03,CARD,170,SUCCESS
TXN0005996,S0008074,2026-08-03,CARD,245,SUCCESS
TXN0005997,S0008075,2026-08-03,UPI,300,SUCCESS
TXN0005998,S0008076,2026-08-03,CASH,180,SUCCESS
TXN0005999,S0008077,2026-08-03,UPI,255,SUCCESS
TXN0006000,S0008078,2026-08-03,CARD,580,SUCCESS
TXN0006001,S0008079,2026-08-03,UPI,402,SUCCESS
TXN0006002,S0008080,2026-08-03,CARD,310,SUCCESS
TXN0006003,S0008081,2026-08-03,UPI,30,SUCCESS
TXN0006004,S0008083,2026-08-03,UPI,225,SUCCESS
TXN0006005,S0008084,2026-08-03,UPI,32,SUCCESS
TXN0006006,S0008085,2026-08-03,UPI,95,SUCCESS
TXN0006007,S0008086,2026-08-03,CARD,110,SUCCESS
TXN0006008,S0008087,2026-08-03,CASH,96,SUCCESS
TXN0006009,S0008088,2026-08-03,CASH,255,SUCCESS
TXN0006010,S0008093,2026-08-03,UPI,135,SUCCESS
TXN0006011,S0008094,2026-08-03,CASH,540,SUCCESS
TXN0006012,S0008095,2026-08-03,CARD,50,SUCCESS
TXN0006013,S0008097,2026-08-03,CASH,190,SUCCESS
TXN0006014,S0008098,2026-08-03,UPI,68,SUCCESS
TXN0006015,S0008099,2026-08-03,CASH,18,SUCCESS
TXN0006016,S0008100,2026-08-03,CARD,95,SUCCESS
TXN0006017,S0008102,2026-08-03,CASH,150,SUCCESS
TXN0006018,S0008103,2026-08-03,CARD,135,SUCCESS
TXN0006019,S0008105,2026-08-03,CASH,216,SUCCESS
TXN0006020,S0008106,2026-08-03,UPI,170,SUCCESS
TXN0006021,S0008107,2026-08-04,UPI,30,SUCCESS
TXN0006022,S0008108,2026-08-04,CARD,105,SUCCESS
TXN0006023,S0008109,2026-08-04,CASH,50,SUCCESS
TXN0006024,S0008110,2026-08-04,UPI,290,SUCCESS
TXN0006025,S0008111,2026-08-04,UPI,300,SUCCESS
TXN0006026,S0008112,2026-08-04,UPI,15,SUCCESS
TXN0006027,S0008114,2026-08-04,UPI,105,SUCCESS
TXN0006028,S0008115,2026-08-04,CARD,43,SUCCESS
TXN0006029,S0008116,2026-08-04,CASH,15,SUCCESS
TXN0006030,S0008117,2026-08-04,CARD,30,SUCCESS
TXN0006031,S0008118,2026-08-04,CARD,310,SUCCESS
TXN0006032,S0008119,2026-08-04,UPI,18,SUCCESS
TXN0006033,S0008120,2026-08-04,CARD,100,SUCCESS
TXN0006034,S0008121,2026-08-04,CARD,176,SUCCESS
TXN0006035,S0008122,2026-08-04,CARD,45,SUCCESS
TXN0006036,S0008123,2026-08-04,CASH,88,SUCCESS
TXN0006037,S0008124,2026-08-04,UPI,1020,SUCCESS
TXN0006038,S0008125,2026-08-04,CARD,134,SUCCESS
TXN0006039,S0008127,2026-08-04,CARD,110,SUCCESS
TXN0006040,S0008130,2026-08-04,CASH,104,SUCCESS
TXN0006041,S0008131,2026-08-04,CARD,90,SUCCESS
TXN0006042,S0008132,2026-08-04,UPI,310,SUCCESS
TXN0006043,S0008133,2026-08-04,UPI,135,SUCCESS
TXN0006044,S0008134,2026-08-04,CARD,465,SUCCESS
TXN0006045,S0008135,2026-08-04,UPI,675,SUCCESS
TXN0006046,S0008139,2026-08-04,UPI,43,SUCCESS
TXN0006047,S0008140,2026-08-04,UPI,105,SUCCESS
TXN0006048,S0008141,2026-08-04,CASH,135,SUCCESS
TXN0006049,S0008142,2026-08-04,CASH,930,SUCCESS
TXN0006050,S0008143,2026-08-04,UPI,216,SUCCESS
TXN0006051,S0008144,2026-08-04,CASH,145,SUCCESS
TXN0006052,S0008145,2026-08-04,CASH,52,SUCCESS
TXN0006053,S0008146,2026-08-04,CASH,75,SUCCESS
TXN0006054,S0008147,2026-08-04,CARD,18,SUCCESS
TXN0006055,S0008148,2026-08-05,CASH,270,SUCCESS
TXN0006056,S0008149,2026-08-05,CARD,90,SUCCESS
TXN0006057,S0008150,2026-08-05,UPI,255,SUCCESS
TXN0006058,S0008151,2026-08-05,CARD,250,SUCCESS
TXN0006059,S0008152,2026-08-05,UPI,36,SUCCESS
TXN0006060,S0008153,2026-08-05,UPI,190,SUCCESS
TXN0006061,S0008154,2026-08-05,CASH,100,SUCCESS
TXN0006062,S0008155,2026-08-05,CARD,47,SUCCESS
TXN0006063,S0008157,2026-08-05,CASH,104,SUCCESS
TXN0006064,S0008159,2026-08-05,CARD,90,SUCCESS
TXN0006065,S0008161,2026-08-05,CASH,180,SUCCESS
TXN0006066,S0008162,2026-08-05,UPI,190,SUCCESS
TXN0006067,S0008163,2026-08-05,CARD,1550,SUCCESS
TXN0006068,S0008164,2026-08-05,CARD,150,SUCCESS
TXN0006069,S0008165,2026-08-05,CASH,153,SUCCESS
TXN0006070,S0008166,2026-08-05,UPI,80,SUCCESS
TXN0006071,S0008169,2026-08-05,CASH,39,SUCCESS
TXN0006072,S0008170,2026-08-05,UPI,190,SUCCESS
TXN0006073,S0008171,2026-08-05,CASH,28,SUCCESS
TXN0006074,S0008172,2026-08-05,CARD,930,SUCCESS
TXN0006075,S0008173,2026-08-05,UPI,399,SUCCESS
TXN0006076,S0008174,2026-08-05,UPI,105,SUCCESS
TXN0006077,S0008175,2026-08-05,CASH,210,SUCCESS
TXN0006078,S0008178,2026-08-05,CARD,192,SUCCESS
TXN0006079,S0008179,2026-08-05,CARD,26,SUCCESS
TXN0006080,S0008180,2026-08-05,CARD,250,SUCCESS
TXN0006081,S0008181,2026-08-05,CARD,160,SUCCESS
TXN0006082,S0008182,2026-08-05,UPI,46,SUCCESS
TXN0006083,S0008183,2026-08-05,UPI,43,SUCCESS
TXN0006084,S0008184,2026-08-05,CASH,150,SUCCESS
TXN0006085,S0008186,2026-08-06,UPI,930,SUCCESS
TXN0006086,S0008188,2026-08-06,CARD,95,SUCCESS
TXN0006087,S0008189,2026-08-06,UPI,52,SUCCESS
TXN0006088,S0008190,2026-08-06,CASH,155,SUCCESS
TXN0006089,S0008191,2026-08-06,CASH,38,SUCCESS
TXN0006090,S0008192,2026-08-06,UPI,120,SUCCESS
TXN0006091,S0008193,2026-08-06,UPI,16,SUCCESS
TXN0006092,S0008194,2026-08-06,UPI,104,SUCCESS
TXN0006093,S0008196,2026-08-06,CASH,192,SUCCESS
TXN0006094,S0008199,2026-08-06,CASH,125,SUCCESS
TXN0006095,S0008200,2026-08-06,UPI,10,SUCCESS
TXN0006096,S0008201,2026-08-06,CASH,190,SUCCESS
TXN0006097,S0008202,2026-08-06,CARD,90,SUCCESS
TXN0006098,S0008203,2026-08-06,UPI,50,SUCCESS
TXN0006099,S0008205,2026-08-06,UPI,100,SUCCESS
TXN0006100,S0008206,2026-08-06,CASH,64,SUCCESS
TXN0006101,S0008207,2026-08-06,CARD,33,SUCCESS
TXN0006102,S0008209,2026-08-06,UPI,8,SUCCESS
TXN0006103,S0008211,2026-08-06,UPI,124,SUCCESS
TXN0006104,S0008212,2026-08-06,CARD,25,SUCCESS
TXN0006105,S0008213,2026-08-06,CASH,38,SUCCESS
TXN0006106,S0008214,2026-08-06,CARD,90,SUCCESS
TXN0006107,S0008215,2026-08-07,CARD,103,SUCCESS
TXN0006108,S0008216,2026-08-07,UPI,50,SUCCESS
TXN0006109,S0008217,2026-08-07,CASH,10,SUCCESS
TXN0006110,S0008218,2026-08-07,UPI,180,SUCCESS
TXN0006111,S0008219,2026-08-07,CASH,30,SUCCESS
TXN0006112,S0008220,2026-08-07,CASH,200,SUCCESS
TXN0006113,S0008221,2026-08-07,UPI,48,SUCCESS
TXN0006114,S0008223,2026-08-07,CASH,54,SUCCESS
TXN0006115,S0008224,2026-08-07,UPI,52,SUCCESS
TXN0006116,S0008225,2026-08-07,CASH,45,SUCCESS
TXN0006117,S0008226,2026-08-07,CASH,145,SUCCESS
TXN0006118,S0008229,2026-08-07,CASH,620,SUCCESS
TXN0006119,S0008230,2026-08-07,CASH,42,SUCCESS
TXN0006120,S0008231,2026-08-07,CASH,675,SUCCESS
TXN0006121,S0008232,2026-08-07,CARD,90,SUCCESS
TXN0006122,S0008233,2026-08-07,UPI,1860,SUCCESS
TXN0006123,S0008234,2026-08-07,UPI,45,SUCCESS
TXN0006124,S0008235,2026-08-07,CASH,429,SUCCESS
TXN0006125,S0008236,2026-08-07,CASH,110,SUCCESS
TXN0006126,S0008237,2026-08-07,UPI,133,SUCCESS
TXN0006127,S0008238,2026-08-07,UPI,200,SUCCESS
TXN0006128,S0008239,2026-08-07,CARD,30,SUCCESS
TXN0006129,S0008240,2026-08-07,CASH,90,SUCCESS
TXN0006130,S0008242,2026-08-07,CARD,90,SUCCESS
TXN0006131,S0008243,2026-08-07,CARD,100,SUCCESS
TXN0006132,S0008244,2026-08-07,UPI,150,SUCCESS
TXN0006133,S0008245,2026-08-08,CASH,128,SUCCESS
TXN0006134,S0008246,2026-08-08,CARD,95,SUCCESS
TXN0006135,S0008247,2026-08-08,CASH,22,SUCCESS
TXN0006136,S0008250,2026-08-08,CARD,85,SUCCESS
TXN0006137,S0008252,2026-08-08,CASH,64,SUCCESS
TXN0006138,S0008253,2026-08-08,UPI,38,SUCCESS
TXN0006139,S0008254,2026-08-08,CARD,100,SUCCESS
TXN0006140,S0008255,2026-08-08,UPI,315,SUCCESS
TXN0006141,S0008258,2026-08-08,CASH,90,SUCCESS
TXN0006142,S0008260,2026-08-08,CASH,620,SUCCESS
TXN0006143,S0008261,2026-08-08,CARD,95,SUCCESS
TXN0006144,S0008263,2026-08-08,UPI,105,SUCCESS
TXN0006145,S0008264,2026-08-08,UPI,52,SUCCESS
TXN0006146,S0008268,2026-08-08,CARD,30,SUCCESS
TXN0006147,S0008269,2026-08-08,CASH,190,SUCCESS
TXN0006148,S0008270,2026-08-08,CARD,315,SUCCESS
TXN0006149,S0008271,2026-08-08,CASH,144,SUCCESS
TXN0006150,S0008272,2026-08-08,CARD,25,SUCCESS
TXN0006151,S0008274,2026-08-09,UPI,570,SUCCESS
TXN0006152,S0008275,2026-08-09,CARD,8,SUCCESS
TXN0006153,S0008276,2026-08-09,UPI,110,SUCCESS
TXN0006154,S0008277,2026-08-09,CARD,128,SUCCESS
TXN0006155,S0008278,2026-08-09,CASH,93,SUCCESS
TXN0006156,S0008279,2026-08-09,UPI,180,SUCCESS
TXN0006157,S0008282,2026-08-09,CASH,33,SUCCESS
TXN0006158,S0008283,2026-08-09,CARD,125,SUCCESS
TXN0006159,S0008284,2026-08-09,CASH,145,SUCCESS
TXN0006160,S0008285,2026-08-09,CARD,315,SUCCESS
TXN0006161,S0008286,2026-08-09,CARD,144,SUCCESS
TXN0006162,S0008287,2026-08-09,UPI,540,SUCCESS
TXN0006163,S0008288,2026-08-09,CARD,145,SUCCESS
TXN0006164,S0008292,2026-08-09,CASH,28,SUCCESS
TXN0006165,S0008293,2026-08-09,CASH,104,SUCCESS
TXN0006166,S0008294,2026-08-09,CARD,540,SUCCESS
TXN0006167,S0008295,2026-08-09,CASH,52,SUCCESS
TXN0006168,S0008300,2026-08-09,CARD,50,SUCCESS
TXN0006169,S0008301,2026-08-09,UPI,100,SUCCESS
TXN0006170,S0008302,2026-08-09,CASH,310,SUCCESS
TXN0006171,S0008303,2026-08-09,CASH,75,SUCCESS
TXN0006172,S0008305,2026-08-09,UPI,95,SUCCESS
TXN0006173,S0008306,2026-08-09,UPI,84,SUCCESS
TXN0006174,S0008308,2026-08-09,CASH,40,SUCCESS
TXN0006175,S0008309,2026-08-09,CARD,50,SUCCESS
TXN0006176,S0008311,2026-08-09,CARD,124,SUCCESS
TXN0006177,S0008312,2026-08-09,CASH,210,SUCCESS
TXN0006178,S0008313,2026-08-09,UPI,310,SUCCESS
TXN0006179,S0008314,2026-08-10,CARD,36,SUCCESS
TXN0006180,S0008315,2026-08-10,CASH,310,SUCCESS
TXN0006181,S0008316,2026-08-10,UPI,36,SUCCESS
TXN0006182,S0008318,2026-08-10,CARD,52,SUCCESS
TXN0006183,S0008320,2026-08-10,CASH,310,SUCCESS
TXN0006184,S0008321,2026-08-10,CASH,310,SUCCESS
TXN0006185,S0008322,2026-08-10,CASH,95,SUCCESS
TXN0006186,S0008323,2026-08-10,CARD,250,SUCCESS
TXN0006187,S0008327,2026-08-10,CASH,30,SUCCESS
TXN0006188,S0008328,2026-08-10,UPI,90,SUCCESS
TXN0006189,S0008329,2026-08-10,CASH,290,SUCCESS
TXN0006190,S0008330,2026-08-10,UPI,600,SUCCESS
TXN0006191,S0008331,2026-08-10,CARD,27,SUCCESS
TXN0006192,S0008333,2026-08-10,CASH,45,SUCCESS
TXN0006193,S0008336,2026-08-10,CASH,600,SUCCESS
TXN0006194,S0008338,2026-08-10,UPI,130,SUCCESS
TXN0006195,S0008339,2026-08-10,UPI,50,SUCCESS
TXN0006196,S0008340,2026-08-10,CARD,30,SUCCESS
TXN0006197,S0008342,2026-08-10,CARD,100,SUCCESS
TXN0006198,S0008343,2026-08-10,UPI,45,SUCCESS
TXN0006199,S0008344,2026-08-10,CASH,135,SUCCESS
TXN0006200,S0008345,2026-08-10,UPI,23,SUCCESS
TXN0006201,S0008346,2026-08-10,UPI,144,SUCCESS
TXN0006202,S0008347,2026-08-10,UPI,20,SUCCESS
TXN0006203,S0008349,2026-08-10,UPI,145,SUCCESS
TXN0006204,S0008350,2026-08-10,UPI,380,SUCCESS
TXN0006205,S0008351,2026-08-11,UPI,36,SUCCESS
TXN0006206,S0008352,2026-08-11,CARD,510,SUCCESS
TXN0006207,S0008354,2026-08-11,UPI,66,SUCCESS
TXN0006208,S0008355,2026-08-11,CARD,190,SUCCESS
TXN0006209,S0008356,2026-08-11,UPI,648,SUCCESS
TXN0006210,S0008357,2026-08-11,CASH,69,SUCCESS
TXN0006211,S0008358,2026-08-11,CARD,405,SUCCESS
TXN0006212,S0008359,2026-08-11,CASH,200,SUCCESS
TXN0006213,S0008360,2026-08-11,UPI,253,SUCCESS
TXN0006214,S0008361,2026-08-11,CARD,145,SUCCESS
TXN0006215,S0008362,2026-08-11,UPI,70,SUCCESS
TXN0006216,S0008364,2026-08-11,UPI,285,SUCCESS
TXN0006217,S0008366,2026-08-11,CASH,210,SUCCESS
TXN0006218,S0008371,2026-08-11,CASH,35,SUCCESS
TXN0006219,S0008373,2026-08-11,UPI,310,SUCCESS
TXN0006220,S0008374,2026-08-11,UPI,32,SUCCESS
TXN0006221,S0008375,2026-08-11,CARD,13,SUCCESS
TXN0006222,S0008376,2026-08-11,UPI,660,SUCCESS
TXN0006223,S0008377,2026-08-11,CARD,72,SUCCESS
TXN0006224,S0008378,2026-08-11,CARD,33,SUCCESS
TXN0006225,S0008379,2026-08-11,CASH,95,SUCCESS
TXN0006226,S0008380,2026-08-11,CASH,134,SUCCESS
TXN0006227,S0008383,2026-08-11,UPI,50,SUCCESS
TXN0006228,S0008384,2026-08-11,CARD,600,SUCCESS
TXN0006229,S0008386,2026-08-11,UPI,40,SUCCESS
TXN0006230,S0008387,2026-08-11,CARD,220,SUCCESS
TXN0006231,S0008390,2026-08-11,CASH,215,SUCCESS
TXN0006232,S0008391,2026-08-12,CARD,75,SUCCESS
TXN0006233,S0008392,2026-08-12,CASH,135,SUCCESS
TXN0006234,S0008393,2026-08-12,CARD,15,SUCCESS
TXN0006235,S0008394,2026-08-12,CASH,36,SUCCESS
TXN0006236,S0008397,2026-08-12,UPI,47,SUCCESS
TXN0006237,S0008398,2026-08-12,CASH,60,SUCCESS
TXN0006238,S0008399,2026-08-12,CASH,85,SUCCESS
TXN0006239,S0008401,2026-08-12,UPI,66,SUCCESS
TXN0006240,S0008402,2026-08-12,CARD,540,SUCCESS
TXN0006241,S0008405,2026-08-12,UPI,110,SUCCESS
TXN0006242,S0008406,2026-08-12,UPI,620,SUCCESS
TXN0006243,S0008407,2026-08-12,CASH,104,SUCCESS
TXN0006244,S0008408,2026-08-12,CASH,40,SUCCESS
TXN0006245,S0008409,2026-08-12,CARD,220,SUCCESS
TXN0006246,S0008410,2026-08-12,UPI,270,SUCCESS
TXN0006247,S0008417,2026-08-12,UPI,38,SUCCESS
TXN0006248,S0008419,2026-08-12,CASH,160,SUCCESS
TXN0006249,S0008420,2026-08-12,UPI,16,SUCCESS
TXN0006250,S0008421,2026-08-12,CARD,308,SUCCESS
TXN0006251,S0008422,2026-08-13,CARD,52,SUCCESS
TXN0006252,S0008423,2026-08-13,CARD,141,SUCCESS
TXN0006253,S0008424,2026-08-13,CASH,200,SUCCESS
TXN0006254,S0008425,2026-08-13,UPI,100,SUCCESS
TXN0006255,S0008426,2026-08-13,CARD,144,SUCCESS
TXN0006256,S0008427,2026-08-13,UPI,93,SUCCESS
TXN0006257,S0008428,2026-08-13,CARD,76,SUCCESS
TXN0006258,S0008430,2026-08-13,CARD,1225,SUCCESS
TXN0006259,S0008431,2026-08-13,UPI,375,SUCCESS
TXN0006260,S0008432,2026-08-13,UPI,310,SUCCESS
TXN0006261,S0008433,2026-08-13,CASH,255,SUCCESS
TXN0006262,S0008434,2026-08-13,UPI,45,SUCCESS
TXN0006263,S0008435,2026-08-13,CASH,52,SUCCESS
TXN0006264,S0008437,2026-08-13,CASH,13,SUCCESS
TXN0006265,S0008438,2026-08-13,CASH,190,SUCCESS
TXN0006266,S0008439,2026-08-13,UPI,52,SUCCESS
TXN0006267,S0008440,2026-08-13,CARD,300,SUCCESS
TXN0006268,S0008441,2026-08-13,UPI,72,SUCCESS
TXN0006269,S0008443,2026-08-13,CARD,120,SUCCESS
TXN0006270,S0008444,2026-08-13,CASH,190,SUCCESS
TXN0006271,S0008447,2026-08-13,CASH,90,SUCCESS
TXN0006272,S0008448,2026-08-13,CARD,18,SUCCESS
TXN0006273,S0008449,2026-08-13,CASH,15,SUCCESS
TXN0006274,S0008450,2026-08-13,CASH,64,SUCCESS
TXN0006275,S0008451,2026-08-13,UPI,36,SUCCESS
TXN0006276,S0008452,2026-08-13,CASH,90,SUCCESS
TXN0006277,S0008453,2026-08-13,UPI,308,SUCCESS
TXN0006278,S0008455,2026-08-13,UPI,310,SUCCESS
TXN0006279,S0008456,2026-08-13,CARD,85,SUCCESS
TXN0006280,S0008458,2026-08-13,CASH,145,SUCCESS
TXN0006281,S0008459,2026-08-13,CASH,32,SUCCESS
TXN0006282,S0008461,2026-08-14,CASH,60,SUCCESS
TXN0006283,S0008462,2026-08-14,UPI,310,SUCCESS
TXN0006284,S0008463,2026-08-14,UPI,500,SUCCESS
TXN0006285,S0008464,2026-08-14,CASH,80,SUCCESS
TXN0006286,S0008465,2026-08-14,UPI,306,SUCCESS
TXN0006287,S0008466,2026-08-14,CARD,32,SUCCESS
TXN0006288,S0008467,2026-08-14,CASH,570,SUCCESS
TXN0006289,S0008468,2026-08-14,UPI,20,SUCCESS
TXN0006290,S0008469,2026-08-14,CASH,13,SUCCESS
TXN0006291,S0008470,2026-08-14,CASH,135,SUCCESS
TXN0006292,S0008471,2026-08-14,CASH,255,SUCCESS
TXN0006293,S0008474,2026-08-14,UPI,105,SUCCESS
TXN0006294,S0008475,2026-08-14,UPI,80,SUCCESS
TXN0006295,S0008477,2026-08-14,CARD,270,SUCCESS
TXN0006296,S0008479,2026-08-14,CASH,300,SUCCESS
TXN0006297,S0008480,2026-08-14,UPI,145,SUCCESS
TXN0006298,S0008481,2026-08-14,CASH,1530,SUCCESS
TXN0006299,S0008482,2026-08-14,CASH,95,SUCCESS
TXN0006300,S0008485,2026-08-14,CASH,48,SUCCESS
TXN0006301,S0008486,2026-08-14,UPI,286,SUCCESS
TXN0006302,S0008489,2026-08-14,UPI,66,SUCCESS
TXN0006303,S0008491,2026-08-14,UPI,45,SUCCESS
TXN0006304,S0008493,2026-08-15,CASH,188,SUCCESS
TXN0006305,S0008494,2026-08-15,CARD,25,SUCCESS
TXN0006306,S0008497,2026-08-15,CASH,115,SUCCESS
TXN0006307,S0008499,2026-08-15,UPI,240,SUCCESS
TXN0006308,S0008500,2026-08-15,CASH,67,SUCCESS
TXN0006309,S0008501,2026-08-15,UPI,66,SUCCESS
TXN0006310,S0008502,2026-08-15,CASH,50,SUCCESS
TXN0006311,S0008503,2026-08-15,UPI,23,SUCCESS
TXN0006312,S0008504,2026-08-15,CASH,76,SUCCESS
TXN0006313,S0008505,2026-08-15,UPI,13,SUCCESS
TXN0006314,S0008509,2026-08-15,CASH,70,SUCCESS
TXN0006315,S0008510,2026-08-15,UPI,190,SUCCESS
TXN0006316,S0008511,2026-08-15,UPI,15,SUCCESS
TXN0006317,S0008513,2026-08-15,CARD,405,SUCCESS
TXN0006318,S0008514,2026-08-15,CASH,399,SUCCESS
TXN0006319,S0008515,2026-08-15,CASH,216,SUCCESS
TXN0006320,S0008518,2026-08-15,CARD,300,SUCCESS
TXN0006321,S0008519,2026-08-15,UPI,90,SUCCESS
TXN0006322,S0008520,2026-08-15,UPI,90,SUCCESS
TXN0006323,S0008521,2026-08-15,CASH,305,SUCCESS
TXN0006324,S0008522,2026-08-15,CASH,25,SUCCESS
TXN0006325,S0008524,2026-08-15,UPI,282,SUCCESS
TXN0006326,S0008525,2026-08-15,UPI,30,SUCCESS
TXN0006327,S0008526,2026-08-15,UPI,100,SUCCESS
TXN0006328,S0008527,2026-08-15,CASH,290,SUCCESS
TXN0006329,S0008528,2026-08-16,UPI,30,SUCCESS
TXN0006330,S0008529,2026-08-16,UPI,56,SUCCESS
TXN0006331,S0008530,2026-08-16,UPI,540,SUCCESS
TXN0006332,S0008531,2026-08-16,CARD,30,SUCCESS
TXN0006333,S0008532,2026-08-16,CASH,52,SUCCESS
TXN0006334,S0008533,2026-08-16,CASH,550,SUCCESS
TXN0006335,S0008534,2026-08-16,UPI,140,SUCCESS
TXN0006336,S0008535,2026-08-16,UPI,70,SUCCESS
TXN0006337,S0008536,2026-08-16,CASH,900,SUCCESS
TXN0006338,S0008537,2026-08-16,CARD,310,SUCCESS
TXN0006339,S0008540,2026-08-16,CARD,52,SUCCESS
TXN0006340,S0008541,2026-08-16,CARD,305,SUCCESS
TXN0006341,S0008542,2026-08-16,UPI,375,SUCCESS
TXN0006342,S0008543,2026-08-16,CARD,20,SUCCESS
TXN0006343,S0008544,2026-08-16,CARD,90,SUCCESS
TXN0006344,S0008547,2026-08-16,CASH,190,SUCCESS
TXN0006345,S0008548,2026-08-16,CARD,94,SUCCESS
TXN0006346,S0008549,2026-08-16,CARD,52,SUCCESS
TXN0006347,S0008552,2026-08-16,CASH,252,SUCCESS
TXN0006348,S0008553,2026-08-16,CARD,500,SUCCESS
TXN0006349,S0008554,2026-08-16,CARD,360,SUCCESS
TXN0006350,S0008555,2026-08-17,CASH,180,SUCCESS
TXN0006351,S0008559,2026-08-17,CASH,16,SUCCESS
TXN0006352,S0008562,2026-08-17,CARD,1540,SUCCESS
TXN0006353,S0008564,2026-08-17,CARD,144,SUCCESS
TXN0006354,S0008566,2026-08-17,UPI,45,SUCCESS
TXN0006355,S0008567,2026-08-17,CARD,156,SUCCESS
TXN0006356,S0008568,2026-08-17,CARD,10,SUCCESS
TXN0006357,S0008569,2026-08-17,CASH,64,SUCCESS
TXN0006358,S0008571,2026-08-17,UPI,40,SUCCESS
TXN0006359,S0008572,2026-08-17,CARD,510,SUCCESS
TXN0006360,S0008573,2026-08-17,CASH,15,SUCCESS
TXN0006361,S0008576,2026-08-17,CARD,84,SUCCESS
TXN0006362,S0008577,2026-08-17,CARD,60,SUCCESS
TXN0006363,S0008578,2026-08-17,UPI,100,SUCCESS
TXN0006364,S0008579,2026-08-17,UPI,93,SUCCESS
TXN0006365,S0008580,2026-08-17,CARD,155,SUCCESS
TXN0006366,S0008581,2026-08-17,CARD,95,SUCCESS
TXN0006367,S0008582,2026-08-17,UPI,500,SUCCESS
TXN0006368,S0008583,2026-08-17,CASH,36,SUCCESS
TXN0006369,S0008584,2026-08-17,CASH,190,SUCCESS
TXN0006370,S0008585,2026-08-17,UPI,15,SUCCESS
TXN0006371,S0008586,2026-08-17,CARD,104,SUCCESS
TXN0006372,S0008587,2026-08-17,CASH,100,SUCCESS
TXN0006373,S0008588,2026-08-17,CARD,85,SUCCESS
TXN0006374,S0008589,2026-08-17,UPI,550,SUCCESS
TXN0006375,S0008590,2026-08-17,CARD,290,SUCCESS
TXN0006376,S0008591,2026-08-17,CASH,144,SUCCESS
TXN0006377,S0008594,2026-08-17,CASH,210,SUCCESS
TXN0006378,S0008595,2026-08-17,UPI,315,SUCCESS
TXN0006379,S0008596,2026-08-17,CASH,90,SUCCESS
TXN0006380,S0008597,2026-08-17,CARD,450,SUCCESS
TXN0006381,S0008598,2026-08-18,UPI,52,SUCCESS
TXN0006382,S0008600,2026-08-18,UPI,980,SUCCESS
TXN0006383,S0008601,2026-08-18,UPI,72,SUCCESS
TXN0006384,S0008602,2026-08-18,CARD,155,SUCCESS
TXN0006385,S0008603,2026-08-18,CARD,42,SUCCESS
TXN0006386,S0008606,2026-08-18,UPI,156,SUCCESS
TXN0006387,S0008607,2026-08-18,CASH,90,SUCCESS
TXN0006388,S0008608,2026-08-18,UPI,38,SUCCESS
TXN0006389,S0008609,2026-08-18,CARD,84,SUCCESS
TXN0006390,S0008610,2026-08-18,CASH,135,SUCCESS
TXN0006391,S0008611,2026-08-18,UPI,45,SUCCESS
TXN0006392,S0008612,2026-08-18,UPI,30,SUCCESS
TXN0006393,S0008613,2026-08-18,UPI,270,SUCCESS
TXN0006394,S0008615,2026-08-18,UPI,105,SUCCESS
TXN0006395,S0008616,2026-08-18,UPI,43,SUCCESS
TXN0006396,S0008617,2026-08-18,CASH,200,SUCCESS
TXN0006397,S0008618,2026-08-18,CASH,900,SUCCESS
TXN0006398,S0008619,2026-08-18,UPI,192,SUCCESS
TXN0006399,S0008620,2026-08-18,UPI,40,SUCCESS
TXN0006400,S0008621,2026-08-18,CARD,90,SUCCESS
TXN0006401,S0008622,2026-08-18,CASH,90,SUCCESS
TXN0006402,S0008624,2026-08-18,UPI,18,SUCCESS
TXN0006403,S0008625,2026-08-18,CARD,45,SUCCESS
TXN0006404,S0008626,2026-08-19,UPI,170,SUCCESS
TXN0006405,S0008627,2026-08-19,UPI,32,SUCCESS
TXN0006406,S0008628,2026-08-19,CASH,210,SUCCESS
TXN0006407,S0008629,2026-08-19,CASH,1275,SUCCESS
TXN0006408,S0008630,2026-08-19,UPI,35,SUCCESS
TXN0006409,S0008631,2026-08-19,CASH,210,SUCCESS
TXN0006410,S0008632,2026-08-19,CASH,64,SUCCESS
TXN0006411,S0008633,2026-08-19,CARD,75,SUCCESS
TXN0006412,S0008635,2026-08-19,UPI,92,SUCCESS
TXN0006413,S0008636,2026-08-19,CARD,700,SUCCESS
TXN0006414,S0008637,2026-08-19,CARD,72,SUCCESS
TXN0006415,S0008638,2026-08-19,UPI,30,SUCCESS
TXN0006416,S0008639,2026-08-19,CASH,80,SUCCESS
TXN0006417,S0008641,2026-08-19,UPI,100,SUCCESS
TXN0006418,S0008642,2026-08-19,CASH,1000,SUCCESS
TXN0006419,S0008644,2026-08-19,UPI,140,SUCCESS
TXN0006420,S0008645,2026-08-19,CASH,15,SUCCESS
TXN0006421,S0008647,2026-08-19,CARD,100,SUCCESS
TXN0006422,S0008648,2026-08-19,CASH,155,SUCCESS
TXN0006423,S0008650,2026-08-19,UPI,235,SUCCESS
TXN0006424,S0008652,2026-08-19,CASH,340,SUCCESS
TXN0006425,S0008653,2026-08-19,CASH,25,SUCCESS
TXN0006426,S0008654,2026-08-19,UPI,99,SUCCESS
TXN0006427,S0008656,2026-08-19,UPI,35,SUCCESS
TXN0006428,S0008658,2026-08-19,CARD,270,SUCCESS
TXN0006429,S0008659,2026-08-19,UPI,126,SUCCESS
TXN0006430,S0008660,2026-08-19,UPI,42,SUCCESS
TXN0006431,S0008661,2026-08-19,UPI,25,SUCCESS
TXN0006432,S0008662,2026-08-20,UPI,600,SUCCESS
TXN0006433,S0008664,2026-08-20,CASH,44,SUCCESS
TXN0006434,S0008665,2026-08-20,UPI,190,SUCCESS
TXN0006435,S0008666,2026-08-20,CARD,315,SUCCESS
TXN0006436,S0008667,2026-08-20,CARD,510,SUCCESS
TXN0006437,S0008669,2026-08-20,UPI,510,SUCCESS
TXN0006438,S0008670,2026-08-20,CASH,50,SUCCESS
TXN0006439,S0008672,2026-08-20,UPI,105,SUCCESS
TXN0006440,S0008673,2026-08-20,CASH,90,SUCCESS
TXN0006441,S0008674,2026-08-20,UPI,170,SUCCESS
TXN0006442,S0008675,2026-08-20,CASH,255,SUCCESS
TXN0006443,S0008677,2026-08-20,CARD,75,SUCCESS
TXN0006444,S0008678,2026-08-20,CARD,145,SUCCESS
TXN0006445,S0008679,2026-08-20,CARD,35,SUCCESS
TXN0006446,S0008680,2026-08-20,UPI,25,SUCCESS
TXN0006447,S0008681,2026-08-20,CASH,279,SUCCESS
TXN0006448,S0008682,2026-08-20,CASH,42,SUCCESS
TXN0006449,S0008683,2026-08-20,CASH,490,SUCCESS
TXN0006450,S0008686,2026-08-20,UPI,190,SUCCESS
TXN0006451,S0008687,2026-08-20,UPI,279,SUCCESS
TXN0006452,S0008688,2026-08-21,CASH,25,SUCCESS
TXN0006453,S0008689,2026-08-21,UPI,32,SUCCESS
TXN0006454,S0008690,2026-08-21,CARD,33,SUCCESS
TXN0006455,S0008692,2026-08-21,UPI,50,SUCCESS
TXN0006456,S0008693,2026-08-21,CARD,104,SUCCESS
TXN0006457,S0008694,2026-08-21,UPI,45,SUCCESS
TXN0006458,S0008695,2026-08-21,UPI,405,SUCCESS
TXN0006459,S0008696,2026-08-21,CARD,45,SUCCESS
TXN0006460,S0008697,2026-08-21,CARD,300,SUCCESS
TXN0006461,S0008699,2026-08-21,UPI,308,SUCCESS
TXN0006462,S0008700,2026-08-21,UPI,135,SUCCESS
TXN0006463,S0008701,2026-08-21,CARD,50,SUCCESS
TXN0006464,S0008702,2026-08-21,CARD,260,SUCCESS
TXN0006465,S0008703,2026-08-21,CASH,129,SUCCESS
TXN0006466,S0008704,2026-08-21,CARD,50,SUCCESS
TXN0006467,S0008705,2026-08-21,CASH,100,SUCCESS
TXN0006468,S0008706,2026-08-21,UPI,114,SUCCESS
TXN0006469,S0008707,2026-08-21,UPI,190,SUCCESS
TXN0006470,S0008709,2026-08-21,CASH,42,SUCCESS
TXN0006471,S0008710,2026-08-21,UPI,72,SUCCESS
TXN0006472,S0008712,2026-08-21,UPI,72,SUCCESS
TXN0006473,S0008713,2026-08-21,CASH,104,SUCCESS
TXN0006474,S0008715,2026-08-21,UPI,160,SUCCESS
TXN0006475,S0008716,2026-08-22,CASH,40,SUCCESS
TXN0006476,S0008717,2026-08-22,CARD,400,SUCCESS
TXN0006477,S0008718,2026-08-22,CARD,210,SUCCESS
TXN0006478,S0008720,2026-08-22,CASH,25,SUCCESS
TXN0006479,S0008721,2026-08-22,CARD,32,SUCCESS
TXN0006480,S0008723,2026-08-22,CARD,35,SUCCESS
TXN0006481,S0008724,2026-08-22,UPI,20,SUCCESS
TXN0006482,S0008725,2026-08-22,CASH,52,SUCCESS
TXN0006483,S0008731,2026-08-22,CASH,930,SUCCESS
TXN0006484,S0008732,2026-08-22,CASH,310,SUCCESS
TXN0006485,S0008733,2026-08-22,CASH,260,SUCCESS
TXN0006486,S0008734,2026-08-22,UPI,90,SUCCESS
TXN0006487,S0008735,2026-08-22,CASH,50,SUCCESS
TXN0006488,S0008736,2026-08-22,CASH,192,SUCCESS
TXN0006489,S0008737,2026-08-22,CARD,270,SUCCESS
TXN0006490,S0008738,2026-08-22,UPI,100,SUCCESS
TXN0006491,S0008740,2026-08-22,UPI,135,SUCCESS
TXN0006492,S0008741,2026-08-22,CASH,459,SUCCESS
TXN0006493,S0008742,2026-08-22,CARD,50,SUCCESS
TXN0006494,S0008743,2026-08-22,CASH,135,SUCCESS
TXN0006495,S0008744,2026-08-22,UPI,930,SUCCESS
TXN0006496,S0008747,2026-08-22,CARD,20,SUCCESS
TXN0006497,S0008748,2026-08-22,CARD,216,SUCCESS
TXN0006498,S0008749,2026-08-22,UPI,70,SUCCESS
TXN0006499,S0008750,2026-08-22,CASH,1,SUCCESS
TXN0006500,S0008751,2026-08-22,UPI,290,SUCCESS
TXN0006501,S0008753,2026-08-22,UPI,15,SUCCESS
TXN0006502,S0008754,2026-08-22,UPI,186,SUCCESS
TXN0006503,S0008756,2026-08-23,CARD,315,SUCCESS
TXN0006504,S0008757,2026-08-23,UPI,35,SUCCESS
TXN0006505,S0008758,2026-08-23,UPI,270,SUCCESS
TXN0006506,S0008759,2026-08-23,CARD,69,SUCCESS
TXN0006507,S0008760,2026-08-23,CASH,208,SUCCESS
TXN0006508,S0008762,2026-08-23,CARD,580,SUCCESS
TXN0006509,S0008764,2026-08-23,UPI,93,SUCCESS
TXN0006510,S0008765,2026-08-23,CASH,248,SUCCESS
TXN0006511,S0008766,2026-08-23,UPI,80,SUCCESS
TXN0006512,S0008767,2026-08-23,UPI,33,SUCCESS
TXN0006513,S0008768,2026-08-23,UPI,405,SUCCESS
TXN0006514,S0008770,2026-08-23,CASH,52,SUCCESS
TXN0006515,S0008771,2026-08-23,CASH,580,SUCCESS
TXN0006516,S0008772,2026-08-23,CASH,90,SUCCESS
TXN0006517,S0008773,2026-08-23,CARD,310,SUCCESS
TXN0006518,S0008774,2026-08-23,UPI,69,SUCCESS
TXN0006519,S0008775,2026-08-23,UPI,13,SUCCESS
TXN0006520,S0008776,2026-08-23,CASH,95,SUCCESS
TXN0006521,S0008777,2026-08-23,CARD,50,SUCCESS
TXN0006522,S0008778,2026-08-23,CARD,100,SUCCESS
TXN0006523,S0008780,2026-08-23,UPI,270,SUCCESS
TXN0006524,S0008781,2026-08-23,CARD,156,SUCCESS
TXN0006525,S0008782,2026-08-23,CASH,64,SUCCESS
TXN0006526,S0008783,2026-08-23,CARD,156,SUCCESS
TXN0006527,S0008784,2026-08-23,CARD,145,SUCCESS
TXN0006528,S0008785,2026-08-23,CASH,145,SUCCESS
TXN0006529,S0008786,2026-08-23,UPI,52,SUCCESS
TXN0006530,S0008787,2026-08-23,CARD,25,SUCCESS
TXN0006531,S0008788,2026-08-23,CASH,125,SUCCESS
TXN0006532,S0008789,2026-08-23,CASH,270,SUCCESS
TXN0006533,S0008790,2026-08-23,UPI,50,SUCCESS
TXN0006534,S0008792,2026-08-23,CARD,93,SUCCESS
TXN0006535,S0008793,2026-08-23,CASH,52,SUCCESS
TXN0006536,S0008794,2026-08-23,CARD,22,SUCCESS
TXN0006537,S0008795,2026-08-23,CARD,30,SUCCESS
TXN0006538,S0008796,2026-08-23,UPI,35,SUCCESS
TXN0006539,S0008798,2026-08-23,CARD,200,SUCCESS
TXN0006540,S0008800,2026-08-23,CARD,45,SUCCESS
TXN0006541,S0008801,2026-08-23,CASH,140,SUCCESS
TXN0006542,S0008802,2026-08-23,UPI,60,SUCCESS
TXN0006543,S0008803,2026-08-23,CASH,450,SUCCESS
TXN0006544,S0008805,2026-08-23,CASH,20,SUCCESS
TXN0006545,S0008806,2026-08-23,UPI,30,SUCCESS
TXN0006546,S0008807,2026-08-23,UPI,45,SUCCESS
TXN0006547,S0008809,2026-08-23,UPI,110,SUCCESS
TXN0006548,S0008810,2026-08-23,UPI,260,SUCCESS
TXN0006549,S0008811,2026-08-24,CARD,260,SUCCESS
TXN0006550,S0008812,2026-08-24,CASH,305,SUCCESS
TXN0006551,S0008813,2026-08-24,CASH,36,SUCCESS
TXN0006552,S0008814,2026-08-24,CARD,30,SUCCESS
TXN0006553,S0008815,2026-08-24,CASH,140,SUCCESS
TXN0006554,S0008816,2026-08-24,CASH,255,SUCCESS
TXN0006555,S0008818,2026-08-24,UPI,30,SUCCESS
TXN0006556,S0008819,2026-08-24,CARD,143,SUCCESS
TXN0006557,S0008820,2026-08-24,CARD,36,SUCCESS
TXN0006558,S0008821,2026-08-24,CARD,85,SUCCESS
TXN0006559,S0008822,2026-08-24,UPI,94,SUCCESS
TXN0006560,S0008823,2026-08-24,CASH,60,SUCCESS
TXN0006561,S0008824,2026-08-24,CARD,52,SUCCESS
TXN0006562,S0008825,2026-08-24,UPI,76,SUCCESS
TXN0006563,S0008828,2026-08-24,CARD,25,SUCCESS
TXN0006564,S0008829,2026-08-24,CARD,290,SUCCESS
TXN0006565,S0008830,2026-08-24,UPI,216,SUCCESS
TXN0006566,S0008831,2026-08-24,CARD,550,SUCCESS
TXN0006567,S0008832,2026-08-24,CASH,16,SUCCESS
TXN0006568,S0008833,2026-08-24,UPI,16,SUCCESS
TXN0006569,S0008834,2026-08-24,UPI,100,SUCCESS
TXN0006570,S0008836,2026-08-24,UPI,450,SUCCESS
TXN0006571,S0008837,2026-08-24,CARD,305,SUCCESS
TXN0006572,S0008838,2026-08-24,CARD,140,SUCCESS
TXN0006573,S0008839,2026-08-24,CASH,40,SUCCESS
TXN0006574,S0008840,2026-08-24,CASH,750,SUCCESS
TXN0006575,S0008843,2026-08-24,CASH,150,SUCCESS
TXN0006576,S0008844,2026-08-24,CASH,72,SUCCESS
TXN0006577,S0008845,2026-08-24,CARD,95,SUCCESS
TXN0006578,S0008846,2026-08-24,CASH,145,SUCCESS
TXN0006579,S0008847,2026-08-24,CASH,135,SUCCESS
TXN0006580,S0008848,2026-08-24,CASH,18,SUCCESS
TXN0006581,S0008850,2026-08-24,CASH,315,SUCCESS
TXN0006582,S0008851,2026-08-24,CASH,25,SUCCESS
TXN0006583,S0008852,2026-08-24,CASH,13,SUCCESS
TXN0006584,S0008855,2026-08-24,UPI,86,SUCCESS
TXN0006585,S0008856,2026-08-24,CARD,90,SUCCESS
TXN0006586,S0008857,2026-08-24,CASH,108,SUCCESS
TXN0006587,S0008859,2026-08-25,CARD,100,SUCCESS
TXN0006588,S0008860,2026-08-25,CARD,30,SUCCESS
TXN0006589,S0008861,2026-08-25,UPI,110,SUCCESS
TXN0006590,S0008862,2026-08-25,CASH,62,SUCCESS
TXN0006591,S0008863,2026-08-25,CARD,360,SUCCESS
TXN0006592,S0008865,2026-08-25,CASH,20,SUCCESS
TXN0006593,S0008867,2026-08-25,CARD,36,SUCCESS
TXN0006594,S0008869,2026-08-25,CARD,70,SUCCESS
TXN0006595,S0008870,2026-08-25,CASH,38,SUCCESS
TXN0006596,S0008871,2026-08-25,CARD,910,SUCCESS
TXN0006597,S0008875,2026-08-25,CARD,225,SUCCESS
TXN0006598,S0008876,2026-08-25,UPI,152,SUCCESS
TXN0006599,S0008877,2026-08-25,UPI,66,SUCCESS
TXN0006600,S0008878,2026-08-25,UPI,43,SUCCESS
TXN0006601,S0008879,2026-08-25,UPI,46,SUCCESS
TXN0006602,S0008880,2026-08-25,CASH,310,SUCCESS
TXN0006603,S0008883,2026-08-25,CARD,208,SUCCESS
TXN0006604,S0008884,2026-08-25,UPI,915,SUCCESS
TXN0006605,S0008887,2026-08-25,CARD,130,SUCCESS
TXN0006606,S0008888,2026-08-25,CASH,67,SUCCESS
TXN0006607,S0008889,2026-08-25,CASH,110,SUCCESS
TXN0006608,S0008891,2026-08-25,UPI,140,SUCCESS
TXN0006609,S0008892,2026-08-25,UPI,75,SUCCESS
TXN0006610,S0008894,2026-08-25,CASH,70,SUCCESS
TXN0006611,S0008895,2026-08-25,UPI,135,SUCCESS
TXN0006612,S0008896,2026-08-25,CARD,42,SUCCESS
TXN0006613,S0008898,2026-08-25,CASH,155,SUCCESS
TXN0006614,S0008899,2026-08-25,UPI,10,SUCCESS
TXN0006615,S0008900,2026-08-25,CASH,18,SUCCESS
TXN0006616,S0008901,2026-08-25,CASH,15,SUCCESS
TXN0006617,S0008904,2026-08-25,UPI,32,SUCCESS
TXN0006618,S0008905,2026-08-25,CASH,60,SUCCESS
TXN0006619,S0008906,2026-08-25,CASH,170,SUCCESS
TXN0006620,S0008907,2026-08-25,UPI,160,SUCCESS
TXN0006621,S0008908,2026-08-25,CARD,105,SUCCESS
TXN0006622,S0008909,2026-08-25,UPI,180,SUCCESS
TXN0006623,S0008910,2026-08-26,UPI,110,SUCCESS
TXN0006624,S0008911,2026-08-26,CASH,145,SUCCESS
TXN0006625,S0008913,2026-08-26,CASH,50,SUCCESS
TXN0006626,S0008914,2026-08-26,CARD,600,SUCCESS
TXN0006627,S0008917,2026-08-26,CASH,270,SUCCESS
TXN0006628,S0008918,2026-08-26,CASH,70,SUCCESS
TXN0006629,S0008920,2026-08-26,CARD,220,SUCCESS
TXN0006630,S0008921,2026-08-26,CARD,210,SUCCESS
TXN0006631,S0008923,2026-08-26,CASH,54,SUCCESS
TXN0006632,S0008924,2026-08-26,UPI,285,SUCCESS
TXN0006633,S0008925,2026-08-26,CASH,210,SUCCESS
TXN0006634,S0008927,2026-08-26,UPI,155,SUCCESS
TXN0006635,S0008928,2026-08-26,UPI,76,SUCCESS
TXN0006636,S0008929,2026-08-26,CARD,190,SUCCESS
TXN0006637,S0008931,2026-08-26,CASH,20,SUCCESS
TXN0006638,S0008933,2026-08-26,UPI,380,SUCCESS
TXN0006639,S0008936,2026-08-26,CARD,250,SUCCESS
TXN0006640,S0008937,2026-08-26,CARD,30,SUCCESS
TXN0006641,S0008938,2026-08-26,CASH,250,SUCCESS
TXN0006642,S0008939,2026-08-26,CARD,33,SUCCESS
TXN0006643,S0008940,2026-08-26,CASH,1200,SUCCESS
TXN0006644,S0008942,2026-08-26,UPI,190,SUCCESS
TXN0006645,S0008943,2026-08-26,UPI,30,SUCCESS
TXN0006646,S0008944,2026-08-26,CARD,405,SUCCESS
TXN0006647,S0008946,2026-08-26,UPI,104,SUCCESS
TXN0006648,S0008948,2026-08-26,CASH,105,SUCCESS
TXN0006649,S0008949,2026-08-26,UPI,253,SUCCESS
TXN0006650,S0008950,2026-08-26,UPI,500,SUCCESS
TXN0006651,S0008951,2026-08-26,UPI,62,SUCCESS
TXN0006652,S0008952,2026-08-26,CARD,45,SUCCESS
TXN0006653,S0008953,2026-08-26,CASH,30,SUCCESS
TXN0006654,S0008954,2026-08-26,CARD,32,SUCCESS
TXN0006655,S0008955,2026-08-26,CARD,30,SUCCESS
TXN0006656,S0008956,2026-08-26,CARD,125,SUCCESS
TXN0006657,S0008957,2026-08-26,CASH,95,SUCCESS
TXN0006658,S0008959,2026-08-26,UPI,750,SUCCESS
TXN0006659,S0008960,2026-08-26,UPI,510,SUCCESS
TXN0006660,S0008961,2026-08-26,UPI,134,SUCCESS
TXN0006661,S0008962,2026-08-27,CARD,500,SUCCESS
TXN0006662,S0008963,2026-08-27,CARD,124,SUCCESS
TXN0006663,S0008965,2026-08-27,UPI,45,SUCCESS
TXN0006664,S0008966,2026-08-27,CASH,105,SUCCESS
TXN0006665,S0008967,2026-08-27,CARD,64,SUCCESS
TXN0006666,S0008968,2026-08-27,CARD,70,SUCCESS
TXN0006667,S0008971,2026-08-27,UPI,180,SUCCESS
TXN0006668,S0008974,2026-08-27,UPI,285,SUCCESS
TXN0006669,S0008975,2026-08-27,CASH,32,SUCCESS
TXN0006670,S0008976,2026-08-27,CARD,52,SUCCESS
TXN0006671,S0008977,2026-08-27,UPI,308,SUCCESS
TXN0006672,S0008978,2026-08-27,CASH,20,SUCCESS
TXN0006673,S0008979,2026-08-27,CASH,50,SUCCESS
TXN0006674,S0008981,2026-08-27,UPI,135,SUCCESS
TXN0006675,S0008984,2026-08-27,CARD,25,SUCCESS
TXN0006676,S0008985,2026-08-27,CASH,255,SUCCESS
TXN0006677,S0008987,2026-08-27,CARD,255,SUCCESS
TXN0006678,S0008988,2026-08-27,CASH,28,SUCCESS
TXN0006679,S0008989,2026-08-27,UPI,465,SUCCESS
TXN0006680,S0008990,2026-08-27,CARD,75,SUCCESS
TXN0006681,S0008991,2026-08-27,CARD,25,SUCCESS
TXN0006682,S0008992,2026-08-27,UPI,8,SUCCESS
TXN0006683,S0008993,2026-08-27,CARD,110,SUCCESS
TXN0006684,S0008994,2026-08-27,CASH,54,SUCCESS
TXN0006685,S0008996,2026-08-27,CARD,30,SUCCESS
TXN0006686,S0008999,2026-08-27,CASH,135,SUCCESS
TXN0006687,S0009000,2026-08-27,CARD,155,SUCCESS
TXN0006688,S0009001,2026-08-27,CASH,306,SUCCESS
TXN0006689,S0009002,2026-08-27,CARD,310,SUCCESS
TXN0006690,S0009004,2026-08-27,UPI,13,SUCCESS
TXN0006691,S0009005,2026-08-27,CARD,52,SUCCESS
TXN0006692,S0009006,2026-08-27,UPI,90,SUCCESS
TXN0006693,S0009007,2026-08-27,CARD,113,SUCCESS
TXN0006694,S0009008,2026-08-27,UPI,13,SUCCESS
TXN0006695,S0009009,2026-08-27,UPI,140,SUCCESS
TXN0006696,S0009010,2026-08-27,CARD,69,SUCCESS
TXN0006697,S0009011,2026-08-27,UPI,126,SUCCESS
TXN0006698,S0009012,2026-08-27,CASH,70,SUCCESS
TXN0006699,S0009013,2026-08-27,UPI,108,SUCCESS
TXN0006700,S0009014,2026-08-27,UPI,216,SUCCESS
TXN0006701,S0009015,2026-08-27,UPI,180,SUCCESS
TXN0006702,S0009016,2026-08-27,UPI,32,SUCCESS
TXN0006703,S0009017,2026-08-28,CASH,90,SUCCESS
TXN0006704,S0009018,2026-08-28,CASH,100,SUCCESS
TXN0006705,S0009019,2026-08-28,CARD,36,SUCCESS
TXN0006706,S0009020,2026-08-28,CASH,360,SUCCESS
TXN0006707,S0009021,2026-08-28,UPI,735,SUCCESS
TXN0006708,S0009022,2026-08-28,CARD,25,SUCCESS
TXN0006709,S0009023,2026-08-28,CASH,104,SUCCESS
TXN0006710,S0009024,2026-08-28,CARD,18,SUCCESS
TXN0006711,S0009025,2026-08-28,CASH,32,SUCCESS
TXN0006712,S0009026,2026-08-28,CARD,285,SUCCESS
TXN0006713,S0009027,2026-08-28,UPI,52,SUCCESS
TXN0006714,S0009028,2026-08-28,UPI,155,SUCCESS
TXN0006715,S0009029,2026-08-28,CARD,220,SUCCESS
TXN0006716,S0009031,2026-08-28,UPI,95,SUCCESS
TXN0006717,S0009033,2026-08-28,CARD,50,SUCCESS
TXN0006718,S0009034,2026-08-28,CARD,190,SUCCESS
TXN0006719,S0009036,2026-08-28,CARD,180,SUCCESS
TXN0006720,S0009037,2026-08-28,CASH,15,SUCCESS
TXN0006721,S0009038,2026-08-28,CASH,48,SUCCESS
TXN0006722,S0009039,2026-08-28,CARD,215,SUCCESS
TXN0006723,S0009041,2026-08-28,UPI,26,SUCCESS
TXN0006724,S0009043,2026-08-28,UPI,60,SUCCESS
TXN0006725,S0009044,2026-08-28,CASH,620,SUCCESS
TXN0006726,S0009045,2026-08-28,CASH,20,SUCCESS
TXN0006727,S0009046,2026-08-28,CASH,32,SUCCESS
TXN0006728,S0009047,2026-08-28,CASH,35,SUCCESS
TXN0006729,S0009049,2026-08-28,CASH,141,SUCCESS
TXN0006730,S0009051,2026-08-28,CASH,104,SUCCESS
TXN0006731,S0009052,2026-08-28,UPI,30,SUCCESS
TXN0006732,S0009053,2026-08-28,CARD,32,SUCCESS
TXN0006733,S0009054,2026-08-28,CARD,72,SUCCESS
TXN0006734,S0009055,2026-08-28,CASH,135,SUCCESS
TXN0006735,S0009056,2026-08-28,UPI,90,SUCCESS
TXN0006736,S0009057,2026-08-28,CASH,100,SUCCESS
TXN0006737,S0009060,2026-08-28,CASH,32,SUCCESS
TXN0006738,S0009061,2026-08-28,CASH,190,SUCCESS
TXN0006739,S0009062,2026-08-28,CARD,150,SUCCESS
TXN0006740,S0009063,2026-08-28,UPI,30,SUCCESS
TXN0006741,S0009064,2026-08-28,UPI,10,SUCCESS
TXN0006742,S0009066,2026-08-28,UPI,300,SUCCESS
TXN0006743,S0009067,2026-08-28,CASH,16,SUCCESS
TXN0006744,S0009071,2026-08-28,UPI,144,SUCCESS
TXN0006745,S0009072,2026-08-28,CARD,144,SUCCESS
TXN0006746,S0009073,2026-08-28,CARD,300,SUCCESS
TXN0006747,S0009074,2026-08-28,CARD,90,SUCCESS
TXN0006748,S0009076,2026-08-29,CARD,20,SUCCESS
TXN0006749,S0009077,2026-08-29,CASH,175,SUCCESS
TXN0006750,S0009080,2026-08-29,CASH,48,SUCCESS
TXN0006751,S0009081,2026-08-29,UPI,310,SUCCESS
TXN0006752,S0009082,2026-08-29,CASH,40,SUCCESS
TXN0006753,S0009083,2026-08-29,UPI,72,SUCCESS
TXN0006754,S0009084,2026-08-29,CASH,405,SUCCESS
TXN0006755,S0009085,2026-08-29,CARD,190,SUCCESS
TXN0006756,S0009086,2026-08-29,CARD,250,SUCCESS
TXN0006757,S0009087,2026-08-29,UPI,95,SUCCESS
TXN0006758,S0009088,2026-08-29,CASH,70,SUCCESS
TXN0006759,S0009089,2026-08-29,CARD,90,SUCCESS
TXN0006760,S0009090,2026-08-29,CARD,405,SUCCESS
TXN0006761,S0009091,2026-08-29,CARD,440,SUCCESS
TXN0006762,S0009092,2026-08-29,CASH,64,SUCCESS
TXN0006763,S0009093,2026-08-29,CARD,48,SUCCESS
TXN0006764,S0009094,2026-08-29,UPI,612,SUCCESS
TXN0006765,S0009095,2026-08-29,UPI,50,SUCCESS
TXN0006766,S0009097,2026-08-29,CARD,50,SUCCESS
TXN0006767,S0009099,2026-08-29,CARD,210,SUCCESS
TXN0006768,S0009101,2026-08-29,CARD,405,SUCCESS
TXN0006769,S0009104,2026-08-29,CASH,45,SUCCESS
TXN0006770,S0009105,2026-08-29,CASH,72,SUCCESS
TXN0006771,S0009106,2026-08-29,CASH,23,SUCCESS
TXN0006772,S0009107,2026-08-29,UPI,48,SUCCESS
TXN0006773,S0009108,2026-08-30,CASH,286,SUCCESS
TXN0006774,S0009109,2026-08-30,UPI,95,SUCCESS
TXN0006775,S0009110,2026-08-30,CARD,172,SUCCESS
TXN0006776,S0009111,2026-08-30,CARD,43,SUCCESS
TXN0006777,S0009113,2026-08-30,UPI,80,SUCCESS
TXN0006778,S0009114,2026-08-30,CARD,100,SUCCESS
TXN0006779,S0009115,2026-08-30,CARD,95,SUCCESS
TXN0006780,S0009116,2026-08-30,CARD,32,SUCCESS
TXN0006781,S0009117,2026-08-30,CASH,72,SUCCESS
TXN0006782,S0009118,2026-08-30,CASH,465,SUCCESS
TXN0006783,S0009119,2026-08-30,CARD,465,SUCCESS
TXN0006784,S0009120,2026-08-30,CARD,190,SUCCESS
TXN0006785,S0009123,2026-08-30,UPI,25,SUCCESS
TXN0006786,S0009126,2026-08-30,UPI,5,SUCCESS
TXN0006787,S0009128,2026-08-30,CARD,25,SUCCESS
TXN0006788,S0009129,2026-08-30,CARD,50,SUCCESS
TXN0006789,S0009133,2026-08-30,UPI,270,SUCCESS
TXN0006790,S0009134,2026-08-30,CASH,124,SUCCESS
TXN0006791,S0009136,2026-08-30,UPI,100,SUCCESS
TXN0006792,S0009138,2026-08-30,CASH,50,SUCCESS
TXN0006793,S0009139,2026-08-30,CARD,25,SUCCESS
TXN0006794,S0009140,2026-08-30,CASH,85,SUCCESS
TXN0006795,S0009141,2026-08-30,CASH,32,SUCCESS
TXN0006796,S0009142,2026-08-30,UPI,270,SUCCESS
TXN0006797,S0009143,2026-08-30,CARD,67,SUCCESS
TXN0006798,S0009144,2026-08-30,UPI,80,SUCCESS
TXN0006799,S0009145,2026-08-30,UPI,435,SUCCESS
TXN0006800,S0009146,2026-08-30,CASH,25,SUCCESS
TXN0006801,S0009147,2026-08-31,UPI,220,SUCCESS
TXN0006802,S0009148,2026-08-31,CARD,435,SUCCESS
TXN0006803,S0009149,2026-08-31,CASH,95,SUCCESS
TXN0006804,S0009151,2026-08-31,UPI,30,SUCCESS
TXN0006805,S0009152,2026-08-31,CARD,312,SUCCESS
TXN0006806,S0009153,2026-08-31,CASH,45,SUCCESS
TXN0006807,S0009158,2026-08-31,CARD,260,SUCCESS
TXN0006808,S0009159,2026-08-31,CARD,128,SUCCESS
TXN0006809,S0009160,2026-08-31,UPI,48,SUCCESS
TXN0006810,S0009161,2026-08-31,CARD,90,SUCCESS
TXN0006811,S0009162,2026-08-31,CASH,135,SUCCESS
TXN0006812,S0009163,2026-08-31,UPI,540,SUCCESS
TXN0006813,S0009164,2026-08-31,CARD,25,SUCCESS
TXN0006814,S0009165,2026-08-31,CASH,30,SUCCESS
TXN0006815,S0009166,2026-08-31,UPI,95,SUCCESS
TXN0006816,S0009167,2026-08-31,CARD,105,SUCCESS
TXN0006817,S0009168,2026-08-31,UPI,26,SUCCESS
TXN0006818,S0009170,2026-08-31,CARD,50,SUCCESS
TXN0006819,S0009171,2026-08-31,CARD,70,SUCCESS
TXN0006820,S0009172,2026-08-31,UPI,78,SUCCESS
TXN0006821,S0009173,2026-08-31,UPI,36,SUCCESS
TXN0006822,S0009174,2026-08-31,UPI,250,SUCCESS
TXN0006823,S0009175,2026-08-31,UPI,95,SUCCESS
TXN0006824,S0009177,2026-08-31,UPI,270,SUCCESS
TXN0006825,S0009178,2026-08-31,CARD,250,SUCCESS
TXN0006826,S0009179,2026-09-01,CARD,18,SUCCESS
TXN0006827,S0009180,2026-09-01,CARD,40,SUCCESS
TXN0006828,S0009182,2026-09-01,CASH,23,SUCCESS
TXN0006829,S0009183,2026-09-01,CASH,80,SUCCESS
TXN0006830,S0009184,2026-09-01,CARD,160,SUCCESS
TXN0006831,S0009185,2026-09-01,CARD,103,SUCCESS
TXN0006832,S0009186,2026-09-01,CARD,38,SUCCESS
TXN0006833,S0009187,2026-09-01,UPI,50,SUCCESS
TXN0006834,S0009188,2026-09-01,CARD,270,SUCCESS
TXN0006835,S0009189,2026-09-01,CARD,65,SUCCESS
TXN0006836,S0009190,2026-09-01,CASH,40,SUCCESS
TXN0006837,S0009191,2026-09-01,CASH,20,SUCCESS
TXN0006838,S0009194,2026-09-01,UPI,72,SUCCESS
TXN0006839,S0009195,2026-09-01,UPI,72,SUCCESS
TXN0006840,S0009196,2026-09-01,CASH,270,SUCCESS
TXN0006841,S0009197,2026-09-01,CARD,16,SUCCESS
TXN0006842,S0009199,2026-09-01,UPI,114,SUCCESS
TXN0006843,S0009200,2026-09-01,CARD,290,SUCCESS
TXN0006844,S0009201,2026-09-01,CASH,228,SUCCESS
TXN0006845,S0009202,2026-09-01,CASH,32,SUCCESS
TXN0006846,S0009203,2026-09-01,CARD,105,SUCCESS
TXN0006847,S0009204,2026-09-01,CASH,144,SUCCESS
TXN0006848,S0009206,2026-09-01,CARD,270,SUCCESS
TXN0006849,S0009207,2026-09-01,CARD,725,SUCCESS
TXN0006850,S0009209,2026-09-01,CARD,36,SUCCESS
TXN0006851,S0009210,2026-09-01,CASH,60,SUCCESS
TXN0006852,S0009211,2026-09-01,CASH,45,SUCCESS
TXN0006853,S0009212,2026-09-01,CARD,85,SUCCESS
TXN0006854,S0009213,2026-09-01,UPI,104,SUCCESS
TXN0006855,S0009214,2026-09-01,CARD,300,SUCCESS
TXN0006856,S0009215,2026-09-02,CARD,260,SUCCESS
TXN0006857,S0009216,2026-09-02,UPI,405,SUCCESS
TXN0006858,S0009217,2026-09-02,UPI,60,SUCCESS
TXN0006859,S0009218,2026-09-02,CARD,84,SUCCESS
TXN0006860,S0009219,2026-09-02,CASH,75,SUCCESS
TXN0006861,S0009220,2026-09-02,CASH,90,SUCCESS
TXN0006862,S0009221,2026-09-02,CARD,27,SUCCESS
TXN0006863,S0009222,2026-09-02,UPI,152,SUCCESS
TXN0006864,S0009224,2026-09-02,UPI,432,SUCCESS
TXN0006865,S0009226,2026-09-02,CASH,22,SUCCESS
TXN0006866,S0009227,2026-09-02,CARD,72,SUCCESS
TXN0006867,S0009228,2026-09-02,CARD,50,SUCCESS
TXN0006868,S0009229,2026-09-02,CASH,759,SUCCESS
TXN0006869,S0009231,2026-09-02,UPI,1020,SUCCESS
TXN0006870,S0009234,2026-09-02,UPI,150,SUCCESS
TXN0006871,S0009235,2026-09-02,UPI,95,SUCCESS
TXN0006872,S0009237,2026-09-02,CARD,144,SUCCESS
TXN0006873,S0009239,2026-09-02,CARD,96,SUCCESS
TXN0006874,S0009241,2026-09-02,CARD,100,SUCCESS
TXN0006875,S0009242,2026-09-02,CASH,372,SUCCESS
TXN0006876,S0009244,2026-09-02,CASH,76,SUCCESS
TXN0006877,S0009246,2026-09-02,CARD,270,SUCCESS
TXN0006878,S0009249,2026-09-02,CASH,52,SUCCESS
TXN0006879,S0009250,2026-09-02,CASH,15,SUCCESS
TXN0006880,S0009251,2026-09-02,UPI,340,SUCCESS
TXN0006881,S0009252,2026-09-02,UPI,216,SUCCESS
TXN0006882,S0009254,2026-09-03,CARD,18,SUCCESS
TXN0006883,S0009258,2026-09-03,UPI,28,SUCCESS
TXN0006884,S0009259,2026-09-03,UPI,50,SUCCESS
TXN0006885,S0009260,2026-09-03,UPI,210,SUCCESS
TXN0006886,S0009262,2026-09-03,CARD,100,SUCCESS
TXN0006887,S0009263,2026-09-03,CARD,40,SUCCESS
TXN0006888,S0009265,2026-09-03,CARD,308,SUCCESS
TXN0006889,S0009266,2026-09-03,CASH,20,SUCCESS
TXN0006890,S0009267,2026-09-03,CARD,96,SUCCESS
TXN0006891,S0009268,2026-09-03,UPI,80,SUCCESS
TXN0006892,S0009270,2026-09-03,UPI,86,SUCCESS
TXN0006893,S0009271,2026-09-03,CASH,47,SUCCESS
TXN0006894,S0009272,2026-09-03,CASH,125,SUCCESS
TXN0006895,S0009275,2026-09-03,CASH,112,SUCCESS
TXN0006896,S0009276,2026-09-03,CARD,15,SUCCESS
TXN0006897,S0009277,2026-09-03,CARD,25,SUCCESS
TXN0006898,S0009278,2026-09-03,CARD,38,SUCCESS
TXN0006899,S0009279,2026-09-03,CASH,105,SUCCESS
TXN0006900,S0009280,2026-09-03,CARD,25,SUCCESS
TXN0006901,S0009281,2026-09-03,UPI,75,SUCCESS
TXN0006902,S0009282,2026-09-03,CARD,429,SUCCESS
TXN0006903,S0009284,2026-09-03,CARD,108,SUCCESS
TXN0006904,S0009285,2026-09-03,UPI,156,SUCCESS
TXN0006905,S0009287,2026-09-03,CARD,96,SUCCESS
TXN0006906,S0009288,2026-09-03,CARD,143,SUCCESS
TXN0006907,S0009290,2026-09-03,UPI,105,SUCCESS
TXN0006908,S0009291,2026-09-03,CASH,155,SUCCESS
TXN0006909,S0009292,2026-09-03,CARD,220,SUCCESS
TXN0006910,S0009293,2026-09-03,CASH,1020,SUCCESS
TXN0006911,S0009294,2026-09-03,CASH,38,SUCCESS
TXN0006912,S0009295,2026-09-03,UPI,140,SUCCESS
TXN0006913,S0009298,2026-09-03,UPI,250,SUCCESS
TXN0006914,S0009300,2026-09-04,CASH,90,SUCCESS
TXN0006915,S0009301,2026-09-04,CARD,76,SUCCESS
TXN0006916,S0009304,2026-09-04,CASH,25,SUCCESS
TXN0006917,S0009306,2026-09-04,CARD,190,SUCCESS
TXN0006918,S0009307,2026-09-04,CASH,143,SUCCESS
TXN0006919,S0009308,2026-09-04,CASH,1020,SUCCESS
TXN0006920,S0009309,2026-09-04,CARD,50,SUCCESS
TXN0006921,S0009311,2026-09-04,UPI,76,SUCCESS
TXN0006922,S0009312,2026-09-04,CASH,35,SUCCESS
TXN0006923,S0009314,2026-09-04,UPI,90,SUCCESS
TXN0006924,S0009316,2026-09-04,CARD,120,SUCCESS
TXN0006925,S0009317,2026-09-04,UPI,156,SUCCESS
TXN0006926,S0009318,2026-09-04,UPI,48,SUCCESS
TXN0006927,S0009319,2026-09-04,CARD,143,SUCCESS
TXN0006928,S0009320,2026-09-04,CASH,93,SUCCESS
TXN0006929,S0009322,2026-09-04,CARD,38,SUCCESS
TXN0006930,S0009323,2026-09-04,CASH,50,SUCCESS
TXN0006931,S0009325,2026-09-04,CARD,128,SUCCESS
TXN0006932,S0009326,2026-09-04,UPI,75,SUCCESS
TXN0006933,S0009328,2026-09-04,UPI,67,SUCCESS
TXN0006934,S0009330,2026-09-04,UPI,84,SUCCESS
TXN0006935,S0009331,2026-09-05,CASH,42,SUCCESS
TXN0006936,S0009332,2026-09-05,CASH,100,SUCCESS
TXN0006937,S0009333,2026-09-05,CASH,160,SUCCESS
TXN0006938,S0009334,2026-09-05,UPI,190,SUCCESS
TXN0006939,S0009336,2026-09-05,UPI,170,SUCCESS
TXN0006940,S0009337,2026-09-05,CARD,135,SUCCESS
TXN0006941,S0009338,2026-09-05,CARD,33,SUCCESS
TXN0006942,S0009339,2026-09-05,CASH,145,SUCCESS
TXN0006943,S0009340,2026-09-05,UPI,32,SUCCESS
TXN0006944,S0009341,2026-09-05,CASH,465,SUCCESS
TXN0006945,S0009342,2026-09-05,CARD,330,SUCCESS
TXN0006946,S0009344,2026-09-05,CASH,70,SUCCESS
TXN0006947,S0009347,2026-09-05,UPI,290,SUCCESS
TXN0006948,S0009349,2026-09-05,UPI,180,SUCCESS
TXN0006949,S0009350,2026-09-05,CASH,144,SUCCESS
TXN0006950,S0009351,2026-09-05,UPI,60,SUCCESS
TXN0006951,S0009352,2026-09-05,CARD,15,SUCCESS
TXN0006952,S0009353,2026-09-05,CARD,255,SUCCESS
TXN0006953,S0009357,2026-09-05,CARD,1275,SUCCESS
TXN0006954,S0009359,2026-09-05,CASH,200,SUCCESS
TXN0006955,S0009361,2026-09-05,CASH,190,SUCCESS
TXN0006956,S0009364,2026-09-05,CARD,10,SUCCESS
TXN0006957,S0009365,2026-09-05,UPI,15,SUCCESS
TXN0006958,S0009366,2026-09-06,UPI,64,SUCCESS
TXN0006959,S0009368,2026-09-06,UPI,44,SUCCESS
TXN0006960,S0009370,2026-09-06,CARD,300,SUCCESS
TXN0006961,S0009372,2026-09-06,CARD,120,SUCCESS
TXN0006962,S0009373,2026-09-06,CARD,134,SUCCESS
TXN0006963,S0009374,2026-09-06,UPI,135,SUCCESS
TXN0006964,S0009376,2026-09-06,CARD,216,SUCCESS
TXN0006965,S0009377,2026-09-06,CARD,38,SUCCESS
TXN0006966,S0009378,2026-09-06,CASH,180,SUCCESS
TXN0006967,S0009380,2026-09-06,CASH,260,SUCCESS
TXN0006968,S0009381,2026-09-06,CARD,16,SUCCESS
TXN0006969,S0009382,2026-09-06,CASH,105,SUCCESS
TXN0006970,S0009383,2026-09-06,CARD,72,SUCCESS
TXN0006971,S0009384,2026-09-06,CARD,105,SUCCESS
TXN0006972,S0009386,2026-09-06,CASH,60,SUCCESS
TXN0006973,S0009388,2026-09-06,CASH,620,SUCCESS
TXN0006974,S0009391,2026-09-06,CARD,114,SUCCESS
TXN0006975,S0009392,2026-09-06,CASH,114,SUCCESS
TXN0006976,S0009396,2026-09-06,UPI,150,SUCCESS
TXN0006977,S0009397,2026-09-06,CASH,510,SUCCESS
TXN0006978,S0009399,2026-09-06,UPI,25,SUCCESS
TXN0006979,S0009400,2026-09-06,CASH,43,SUCCESS
TXN0006980,S0009401,2026-09-06,CASH,18,SUCCESS
TXN0006981,S0009402,2026-09-06,CASH,105,SUCCESS
TXN0006982,S0009403,2026-09-06,CASH,245,SUCCESS
TXN0006983,S0009404,2026-09-06,CASH,48,SUCCESS
TXN0006984,S0009405,2026-09-06,UPI,80,SUCCESS
TXN0006985,S0009406,2026-09-06,UPI,25,SUCCESS
TXN0006986,S0009407,2026-09-06,CASH,99,SUCCESS
TXN0006987,S0009408,2026-09-07,CARD,210,SUCCESS
TXN0006988,S0009409,2026-09-07,CARD,30,SUCCESS
TXN0006989,S0009411,2026-09-07,CARD,20,SUCCESS
TXN0006990,S0009412,2026-09-07,CARD,620,SUCCESS
TXN0006991,S0009413,2026-09-07,UPI,190,SUCCESS
TXN0006992,S0009414,2026-09-07,CARD,245,SUCCESS
TXN0006993,S0009415,2026-09-07,CARD,92,SUCCESS
TXN0006994,S0009416,2026-09-07,CARD,16,SUCCESS
TXN0006995,S0009417,2026-09-07,UPI,190,SUCCESS
TXN0006996,S0009418,2026-09-07,CARD,25,SUCCESS
TXN0006997,S0009419,2026-09-07,UPI,90,SUCCESS
TXN0006998,S0009421,2026-09-07,CARD,18,SUCCESS
TXN0006999,S0009424,2026-09-07,CASH,190,SUCCESS
TXN0007000,S0009425,2026-09-07,CASH,255,SUCCESS
TXN0007001,S0009426,2026-09-07,UPI,25,SUCCESS
TXN0007002,S0009427,2026-09-07,UPI,405,SUCCESS
TXN0007003,S0009428,2026-09-07,CARD,270,SUCCESS
TXN0007004,S0009429,2026-09-07,CASH,285,SUCCESS
TXN0007005,S0009430,2026-09-07,CASH,124,SUCCESS
TXN0007006,S0009432,2026-09-07,CASH,23,SUCCESS
TXN0007007,S0009433,2026-09-07,CASH,100,SUCCESS
TXN0007008,S0009435,2026-09-07,UPI,46,SUCCESS
TXN0007009,S0009438,2026-09-07,CASH,310,SUCCESS
TXN0007010,S0009439,2026-09-07,UPI,93,SUCCESS
TXN0007011,S0009440,2026-09-07,CARD,135,SUCCESS
TXN0007012,S0009441,2026-09-07,CASH,300,SUCCESS
TXN0007013,S0009442,2026-09-07,CARD,90,SUCCESS
TXN0007014,S0009443,2026-09-07,UPI,105,SUCCESS
TXN0007015,S0009444,2026-09-07,UPI,94,SUCCESS
TXN0007016,S0009446,2026-09-07,CARD,156,SUCCESS
TXN0007017,S0009448,2026-09-07,UPI,200,SUCCESS
TXN0007018,S0009449,2026-09-07,CARD,1225,SUCCESS
TXN0007019,S0009451,2026-09-07,UPI,20,SUCCESS
TXN0007020,S0009454,2026-09-08,UPI,150,SUCCESS
TXN0007021,S0009456,2026-09-08,CARD,510,SUCCESS
TXN0007022,S0009457,2026-09-08,CASH,26,SUCCESS
TXN0007023,S0009458,2026-09-08,CARD,220,SUCCESS
TXN0007024,S0009459,2026-09-08,CASH,90,SUCCESS
TXN0007025,S0009461,2026-09-08,UPI,270,SUCCESS
TXN0007026,S0009462,2026-09-08,UPI,45,SUCCESS
TXN0007027,S0009463,2026-09-08,CASH,75,SUCCESS
TXN0007028,S0009465,2026-09-08,CARD,155,SUCCESS
TXN0007029,S0009467,2026-09-08,UPI,310,SUCCESS
TXN0007030,S0009470,2026-09-08,CASH,105,SUCCESS
TXN0007031,S0009471,2026-09-08,CASH,104,SUCCESS
TXN0007032,S0009472,2026-09-08,CASH,765,SUCCESS
TXN0007033,S0009473,2026-09-08,CARD,90,SUCCESS
TXN0007034,S0009474,2026-09-08,CASH,52,SUCCESS
TXN0007035,S0009475,2026-09-08,UPI,432,SUCCESS
TXN0007036,S0009476,2026-09-08,CASH,46,SUCCESS
TXN0007037,S0009477,2026-09-08,CASH,798,SUCCESS
TXN0007038,S0009478,2026-09-08,CARD,72,SUCCESS
TXN0007039,S0009479,2026-09-08,UPI,15,SUCCESS
TXN0007040,S0009481,2026-09-08,CASH,155,SUCCESS
TXN0007041,S0009482,2026-09-08,CARD,600,SUCCESS
TXN0007042,S0009483,2026-09-09,UPI,38,SUCCESS
TXN0007043,S0009485,2026-09-09,CASH,279,SUCCESS
TXN0007044,S0009486,2026-09-09,UPI,70,SUCCESS
TXN0007045,S0009487,2026-09-09,UPI,88,SUCCESS
TXN0007046,S0009491,2026-09-09,CARD,15,SUCCESS
TXN0007047,S0009492,2026-09-09,CASH,315,SUCCESS
TXN0007048,S0009493,2026-09-09,CARD,30,SUCCESS
TXN0007049,S0009496,2026-09-09,CARD,156,SUCCESS
TXN0007050,S0009497,2026-09-09,CARD,25,SUCCESS
TXN0007051,S0009498,2026-09-09,UPI,279,SUCCESS
TXN0007052,S0009499,2026-09-09,UPI,46,SUCCESS
TXN0007053,S0009500,2026-09-09,UPI,380,SUCCESS
TXN0007054,S0009501,2026-09-09,CARD,60,SUCCESS
TXN0007055,S0009503,2026-09-09,UPI,1500,SUCCESS
TXN0007056,S0009504,2026-09-09,UPI,72,SUCCESS
TXN0007057,S0009506,2026-09-09,CASH,190,SUCCESS
TXN0007058,S0009508,2026-09-09,CASH,40,SUCCESS
TXN0007059,S0009509,2026-09-09,CASH,52,SUCCESS
TXN0007060,S0009510,2026-09-09,CASH,510,SUCCESS
TXN0007061,S0009511,2026-09-09,UPI,506,SUCCESS
TXN0007062,S0009512,2026-09-09,UPI,100,SUCCESS
TXN0007063,S0009513,2026-09-09,CASH,140,SUCCESS
TXN0007064,S0009514,2026-09-09,UPI,76,SUCCESS
TXN0007065,S0009515,2026-09-10,CASH,76,SUCCESS
TXN0007066,S0009516,2026-09-10,UPI,105,SUCCESS
TXN0007067,S0009517,2026-09-10,CARD,75,SUCCESS
TXN0007068,S0009518,2026-09-10,UPI,86,SUCCESS
TXN0007069,S0009519,2026-09-10,CARD,1220,SUCCESS
TXN0007070,S0009520,2026-09-10,CASH,50,SUCCESS
TXN0007071,S0009521,2026-09-10,CARD,440,SUCCESS
TXN0007072,S0009522,2026-09-10,CASH,28,SUCCESS
TXN0007073,S0009523,2026-09-10,CASH,23,SUCCESS
TXN0007074,S0009526,2026-09-10,UPI,125,SUCCESS
TXN0007075,S0009527,2026-09-10,UPI,52,SUCCESS
TXN0007076,S0009528,2026-09-10,CASH,25,SUCCESS
TXN0007077,S0009529,2026-09-10,CASH,128,SUCCESS
TXN0007078,S0009530,2026-09-10,UPI,105,SUCCESS
TXN0007079,S0009531,2026-09-10,UPI,64,SUCCESS
TXN0007080,S0009532,2026-09-10,UPI,144,SUCCESS
TXN0007081,S0009534,2026-09-10,CARD,25,SUCCESS
TXN0007082,S0009536,2026-09-10,CARD,85,SUCCESS
TXN0007083,S0009537,2026-09-10,UPI,15,SUCCESS
TXN0007084,S0009538,2026-09-10,CASH,50,SUCCESS
TXN0007085,S0009540,2026-09-10,UPI,100,SUCCESS
TXN0007086,S0009541,2026-09-10,CARD,64,SUCCESS
TXN0007087,S0009542,2026-09-10,CASH,23,SUCCESS
TXN0007088,S0009544,2026-09-10,CARD,72,SUCCESS
TXN0007089,S0009545,2026-09-10,CASH,105,SUCCESS
TXN0007090,S0009547,2026-09-10,CARD,270,SUCCESS
TXN0007091,S0009548,2026-09-10,UPI,76,SUCCESS
TXN0007092,S0009550,2026-09-10,CASH,285,SUCCESS
TXN0007093,S0009551,2026-09-10,CASH,40,SUCCESS
TXN0007094,S0009553,2026-09-10,CASH,18,SUCCESS
TXN0007095,S0009555,2026-09-10,CARD,50,SUCCESS
TXN0007096,S0009557,2026-09-10,CASH,100,SUCCESS
TXN0007097,S0009558,2026-09-10,UPI,208,SUCCESS
TXN0007098,S0009559,2026-09-10,CASH,35,SUCCESS
TXN0007099,S0009560,2026-09-11,UPI,52,SUCCESS
TXN0007100,S0009561,2026-09-11,CARD,130,SUCCESS
TXN0007101,S0009563,2026-09-11,CARD,245,SUCCESS
TXN0007102,S0009564,2026-09-11,CARD,125,SUCCESS
TXN0007103,S0009565,2026-09-11,CARD,156,SUCCESS
TXN0007104,S0009566,2026-09-11,UPI,45,SUCCESS
TXN0007105,S0009567,2026-09-11,CASH,153,SUCCESS
TXN0007106,S0009568,2026-09-11,UPI,42,SUCCESS
TXN0007107,S0009569,2026-09-11,UPI,104,SUCCESS
TXN0007108,S0009570,2026-09-11,UPI,125,SUCCESS
TXN0007109,S0009571,2026-09-11,CASH,72,SUCCESS
TXN0007110,S0009572,2026-09-11,UPI,32,SUCCESS
TXN0007111,S0009573,2026-09-11,CASH,47,SUCCESS
TXN0007112,S0009574,2026-09-11,CARD,27,SUCCESS
TXN0007113,S0009577,2026-09-11,UPI,15,SUCCESS
TXN0007114,S0009578,2026-09-11,CASH,70,SUCCESS
TXN0007115,S0009579,2026-09-11,CASH,138,SUCCESS
TXN0007116,S0009580,2026-09-11,UPI,25,SUCCESS
TXN0007117,S0009582,2026-09-11,UPI,84,SUCCESS
TXN0007118,S0009583,2026-09-11,CARD,400,SUCCESS
TXN0007119,S0009584,2026-09-11,CARD,150,SUCCESS
TXN0007120,S0009585,2026-09-11,UPI,104,SUCCESS
TXN0007121,S0009586,2026-09-11,CARD,38,SUCCESS
TXN0007122,S0009587,2026-09-12,UPI,510,SUCCESS
TXN0007123,S0009590,2026-09-12,UPI,50,SUCCESS
TXN0007124,S0009591,2026-09-12,CASH,18,SUCCESS
TXN0007125,S0009592,2026-09-12,UPI,100,SUCCESS
TXN0007126,S0009593,2026-09-12,UPI,66,SUCCESS
TXN0007127,S0009594,2026-09-12,CARD,435,SUCCESS
TXN0007128,S0009595,2026-09-12,UPI,40,SUCCESS
TXN0007129,S0009596,2026-09-12,CASH,32,SUCCESS
TXN0007130,S0009597,2026-09-12,UPI,250,SUCCESS
TXN0007131,S0009598,2026-09-12,UPI,93,SUCCESS
TXN0007132,S0009600,2026-09-12,CASH,210,SUCCESS
TXN0007133,S0009602,2026-09-12,CARD,180,SUCCESS
TXN0007134,S0009603,2026-09-12,CARD,459,SUCCESS
TXN0007135,S0009604,2026-09-12,CARD,43,SUCCESS
TXN0007136,S0009606,2026-09-12,CASH,15,SUCCESS
TXN0007137,S0009607,2026-09-12,UPI,70,SUCCESS
TXN0007138,S0009609,2026-09-12,UPI,30,SUCCESS
TXN0007139,S0009610,2026-09-12,CARD,100,SUCCESS
TXN0007140,S0009611,2026-09-12,CASH,38,SUCCESS
TXN0007141,S0009613,2026-09-12,CASH,18,SUCCESS
TXN0007142,S0009614,2026-09-12,UPI,81,SUCCESS
TXN0007143,S0009616,2026-09-12,CARD,50,SUCCESS
TXN0007144,S0009617,2026-09-12,CARD,280,SUCCESS
TXN0007145,S0009618,2026-09-12,CASH,16,SUCCESS
TXN0007146,S0009619,2026-09-12,UPI,45,SUCCESS
TXN0007147,S0009620,2026-09-12,CARD,25,SUCCESS
TXN0007148,S0009623,2026-09-12,CARD,76,SUCCESS
TXN0007149,S0009625,2026-09-12,UPI,72,SUCCESS
TXN0007150,S0009626,2026-09-12,CARD,47,SUCCESS
TXN0007151,S0009627,2026-09-12,CASH,70,SUCCESS
TXN0007152,S0009629,2026-09-13,CASH,324,SUCCESS
TXN0007153,S0009630,2026-09-13,CASH,305,SUCCESS
TXN0007154,S0009631,2026-09-13,CARD,100,SUCCESS
TXN0007155,S0009632,2026-09-13,CASH,45,SUCCESS
TXN0007156,S0009634,2026-09-13,UPI,250,SUCCESS
TXN0007157,S0009637,2026-09-13,CASH,858,SUCCESS
TXN0007158,S0009638,2026-09-13,CARD,45,SUCCESS
TXN0007159,S0009639,2026-09-13,CASH,475,SUCCESS
TXN0007160,S0009640,2026-09-13,CASH,600,SUCCESS
TXN0007161,S0009641,2026-09-13,CASH,40,SUCCESS
TXN0007162,S0009642,2026-09-13,CARD,126,SUCCESS
TXN0007163,S0009643,2026-09-13,UPI,15,SUCCESS
TXN0007164,S0009644,2026-09-13,UPI,30,SUCCESS
TXN0007165,S0009645,2026-09-13,UPI,85,SUCCESS
TXN0007166,S0009646,2026-09-13,CASH,103,SUCCESS
TXN0007167,S0009649,2026-09-13,UPI,52,SUCCESS
TXN0007168,S0009650,2026-09-13,CASH,35,SUCCESS
TXN0007169,S0009651,2026-09-13,CASH,36,SUCCESS
TXN0007170,S0009652,2026-09-13,UPI,105,SUCCESS
TXN0007171,S0009653,2026-09-13,CASH,144,SUCCESS
TXN0007172,S0009654,2026-09-13,CARD,15,SUCCESS
TXN0007173,S0009656,2026-09-13,UPI,45,SUCCESS
TXN0007174,S0009660,2026-09-13,UPI,300,SUCCESS
TXN0007175,S0009662,2026-09-13,CASH,25,SUCCESS
TXN0007176,S0009664,2026-09-13,CASH,1020,SUCCESS
TXN0007177,S0009665,2026-09-13,CASH,380,SUCCESS
TXN0007178,S0009667,2026-09-13,UPI,12,SUCCESS
TXN0007179,S0009668,2026-09-13,CARD,150,SUCCESS
TXN0007180,S0009669,2026-09-13,UPI,88,SUCCESS
TXN0007181,S0009670,2026-09-13,CASH,75,SUCCESS
TXN0007182,S0009671,2026-09-14,UPI,360,SUCCESS
TXN0007183,S0009672,2026-09-14,UPI,45,SUCCESS
TXN0007184,S0009673,2026-09-14,UPI,288,SUCCESS
TXN0007185,S0009674,2026-09-14,CASH,25,SUCCESS
TXN0007186,S0009675,2026-09-14,CARD,665,SUCCESS
TXN0007187,S0009676,2026-09-14,UPI,25,SUCCESS
TXN0007188,S0009677,2026-09-14,CASH,210,SUCCESS
TXN0007189,S0009678,2026-09-14,CASH,90,SUCCESS
TXN0007190,S0009679,2026-09-14,CARD,270,SUCCESS
TXN0007191,S0009680,2026-09-14,CARD,85,SUCCESS
TXN0007192,S0009681,2026-09-14,UPI,54,SUCCESS
TXN0007193,S0009682,2026-09-14,CARD,52,SUCCESS
TXN0007194,S0009683,2026-09-14,CARD,96,SUCCESS
TXN0007195,S0009685,2026-09-14,CASH,525,SUCCESS
TXN0007196,S0009686,2026-09-14,UPI,38,SUCCESS
TXN0007197,S0009687,2026-09-14,CASH,18,SUCCESS
TXN0007198,S0009688,2026-09-14,UPI,145,SUCCESS
TXN0007199,S0009689,2026-09-14,CASH,95,SUCCESS
TXN0007200,S0009690,2026-09-14,UPI,30,SUCCESS
TXN0007201,S0009691,2026-09-14,CASH,30,SUCCESS
TXN0007202,S0009692,2026-09-14,UPI,412,SUCCESS
TXN0007203,S0009693,2026-09-14,CARD,105,SUCCESS
TXN0007204,S0009694,2026-09-14,UPI,56,SUCCESS
TXN0007205,S0009695,2026-09-14,UPI,88,SUCCESS
TXN0007206,S0009696,2026-09-14,CASH,270,SUCCESS
TXN0007207,S0009698,2026-09-14,CASH,300,SUCCESS
TXN0007208,S0009700,2026-09-14,CASH,93,SUCCESS
TXN0007209,S0009701,2026-09-14,CASH,18,SUCCESS
TXN0007210,S0009702,2026-09-14,UPI,100,SUCCESS
TXN0007211,S0009703,2026-09-14,UPI,100,SUCCESS
TXN0007212,S0009704,2026-09-14,UPI,270,SUCCESS
TXN0007213,S0009705,2026-09-14,UPI,18,SUCCESS
TXN0007214,S0009706,2026-09-14,CASH,135,SUCCESS
TXN0007215,S0009708,2026-09-14,CARD,134,SUCCESS
TXN0007216,S0009709,2026-09-14,CARD,36,SUCCESS
TXN0007217,S0009710,2026-09-14,CARD,225,SUCCESS
TXN0007218,S0009713,2026-09-14,UPI,180,SUCCESS
TXN0007219,S0009714,2026-09-14,CARD,220,SUCCESS
TXN0007220,S0009717,2026-09-15,CARD,10,SUCCESS
TXN0007221,S0009718,2026-09-15,CARD,510,SUCCESS
TXN0007222,S0009721,2026-09-15,CASH,1540,SUCCESS
TXN0007223,S0009722,2026-09-15,CASH,200,SUCCESS
TXN0007224,S0009723,2026-09-15,CARD,30,SUCCESS
TXN0007225,S0009727,2026-09-15,UPI,76,SUCCESS
TXN0007226,S0009728,2026-09-15,UPI,90,SUCCESS
TXN0007227,S0009730,2026-09-15,UPI,380,SUCCESS
TXN0007228,S0009733,2026-09-15,CASH,870,SUCCESS
TXN0007229,S0009734,2026-09-15,CARD,70,SUCCESS
TXN0007230,S0009738,2026-09-15,CARD,75,SUCCESS
TXN0007231,S0009739,2026-09-15,UPI,270,SUCCESS
TXN0007232,S0009740,2026-09-15,CASH,114,SUCCESS
TXN0007233,S0009741,2026-09-15,UPI,25,SUCCESS
TXN0007234,S0009744,2026-09-15,CASH,125,SUCCESS
TXN0007235,S0009745,2026-09-15,CARD,30,SUCCESS
TXN0007236,S0009746,2026-09-15,CASH,300,SUCCESS
TXN0007237,S0009747,2026-09-15,UPI,1020,SUCCESS
TXN0007238,S0009748,2026-09-15,UPI,580,SUCCESS
TXN0007239,S0009750,2026-09-16,UPI,510,SUCCESS
TXN0007240,S0009751,2026-09-16,CARD,25,SUCCESS
TXN0007241,S0009752,2026-09-16,CARD,54,SUCCESS
TXN0007242,S0009754,2026-09-16,CASH,76,SUCCESS
TXN0007243,S0009755,2026-09-16,CARD,180,SUCCESS
TXN0007244,S0009757,2026-09-16,CASH,50,SUCCESS
TXN0007245,S0009759,2026-09-16,CASH,105,SUCCESS
TXN0007246,S0009760,2026-09-16,CASH,32,SUCCESS
TXN0007247,S0009761,2026-09-16,CARD,1800,SUCCESS
TXN0007248,S0009762,2026-09-16,CASH,45,SUCCESS
TXN0007249,S0009763,2026-09-16,CARD,30,SUCCESS
TXN0007250,S0009764,2026-09-16,UPI,210,SUCCESS
TXN0007251,S0009766,2026-09-16,CASH,95,SUCCESS
TXN0007252,S0009769,2026-09-16,CASH,45,SUCCESS
TXN0007253,S0009770,2026-09-16,CARD,22,SUCCESS
TXN0007254,S0009771,2026-09-16,CARD,450,SUCCESS
TXN0007255,S0009772,2026-09-16,CASH,315,SUCCESS
TXN0007256,S0009774,2026-09-16,UPI,95,SUCCESS
TXN0007257,S0009775,2026-09-16,CASH,20,SUCCESS
TXN0007258,S0009776,2026-09-16,UPI,46,SUCCESS
TXN0007259,S0009778,2026-09-16,CARD,510,SUCCESS
TXN0007260,S0009779,2026-09-16,UPI,100,SUCCESS
TXN0007261,S0009780,2026-09-16,CARD,125,SUCCESS
TXN0007262,S0009781,2026-09-16,UPI,108,SUCCESS
TXN0007263,S0009782,2026-09-16,CASH,200,SUCCESS
TXN0007264,S0009783,2026-09-16,CASH,15,SUCCESS
TXN0007265,S0009786,2026-09-16,CARD,930,SUCCESS
TXN0007266,S0009787,2026-09-16,CASH,52,SUCCESS
TXN0007267,S0009788,2026-09-16,CARD,45,SUCCESS
TXN0007268,S0009789,2026-09-16,UPI,210,SUCCESS
TXN0007269,S0009791,2026-09-16,CARD,120,SUCCESS
TXN0007270,S0009792,2026-09-17,UPI,30,SUCCESS
TXN0007271,S0009793,2026-09-17,CASH,30,SUCCESS
TXN0007272,S0009794,2026-09-17,UPI,35,SUCCESS
TXN0007273,S0009795,2026-09-17,UPI,210,SUCCESS
TXN0007274,S0009796,2026-09-17,UPI,285,SUCCESS
TXN0007275,S0009799,2026-09-17,CARD,88,SUCCESS
TXN0007276,S0009800,2026-09-17,UPI,90,SUCCESS
TXN0007277,S0009801,2026-09-17,CASH,52,SUCCESS
TXN0007278,S0009802,2026-09-17,CASH,620,SUCCESS
TXN0007279,S0009803,2026-09-17,CARD,40,SUCCESS
TXN0007280,S0009804,2026-09-17,UPI,630,SUCCESS
TXN0007281,S0009806,2026-09-17,CASH,675,SUCCESS
TXN0007282,S0009807,2026-09-17,CARD,465,SUCCESS
TXN0007283,S0009811,2026-09-17,CASH,153,SUCCESS
TXN0007284,S0009812,2026-09-17,CASH,145,SUCCESS
TXN0007285,S0009813,2026-09-17,CASH,52,SUCCESS
TXN0007286,S0009816,2026-09-17,CASH,300,SUCCESS
TXN0007287,S0009819,2026-09-17,CASH,50,SUCCESS
TXN0007288,S0009820,2026-09-17,UPI,10,SUCCESS
TXN0007289,S0009822,2026-09-17,CASH,25,SUCCESS
TXN0007290,S0009823,2026-09-17,UPI,156,SUCCESS
TXN0007291,S0009824,2026-09-17,CASH,96,SUCCESS
TXN0007292,S0009825,2026-09-18,CASH,315,SUCCESS
TXN0007293,S0009828,2026-09-18,CARD,100,SUCCESS
TXN0007294,S0009829,2026-09-18,CARD,40,SUCCESS
TXN0007295,S0009830,2026-09-18,CASH,25,SUCCESS
TXN0007296,S0009831,2026-09-18,CARD,100,SUCCESS
TXN0007297,S0009832,2026-09-18,CARD,25,SUCCESS
TXN0007298,S0009835,2026-09-18,UPI,270,SUCCESS
TXN0007299,S0009836,2026-09-18,CASH,155,SUCCESS
TXN0007300,S0009837,2026-09-18,CARD,95,SUCCESS
TXN0007301,S0009838,2026-09-18,UPI,1232,SUCCESS
TXN0007302,S0009840,2026-09-18,CARD,725,SUCCESS
TXN0007303,S0009841,2026-09-18,UPI,100,SUCCESS
TXN0007304,S0009842,2026-09-18,CASH,30,SUCCESS
TXN0007305,S0009843,2026-09-18,UPI,133,SUCCESS
TXN0007306,S0009844,2026-09-18,UPI,25,SUCCESS
TXN0007307,S0009845,2026-09-18,CARD,50,SUCCESS
TXN0007308,S0009846,2026-09-18,CASH,35,SUCCESS
TXN0007309,S0009848,2026-09-18,CASH,30,SUCCESS
TXN0007310,S0009849,2026-09-18,CARD,104,SUCCESS
TXN0007311,S0009850,2026-09-18,UPI,306,SUCCESS
TXN0007312,S0009851,2026-09-18,CARD,23,SUCCESS
TXN0007313,S0009854,2026-09-18,CARD,72,SUCCESS
TXN0007314,S0009855,2026-09-18,CARD,375,SUCCESS
TXN0007315,S0009856,2026-09-18,CASH,52,SUCCESS
TXN0007316,S0009857,2026-09-18,CARD,60,SUCCESS
TXN0007317,S0009858,2026-09-18,UPI,210,SUCCESS
TXN0007318,S0009862,2026-09-19,CASH,90,SUCCESS
TXN0007319,S0009863,2026-09-19,CASH,50,SUCCESS
TXN0007320,S0009864,2026-09-19,UPI,220,SUCCESS
TXN0007321,S0009866,2026-09-19,CASH,190,SUCCESS
TXN0007322,S0009867,2026-09-19,CARD,144,SUCCESS
TXN0007323,S0009869,2026-09-19,CASH,255,SUCCESS
TXN0007324,S0009871,2026-09-19,CASH,200,SUCCESS
TXN0007325,S0009873,2026-09-19,CARD,360,SUCCESS
TXN0007326,S0009874,2026-09-19,CASH,32,SUCCESS
TXN0007327,S0009875,2026-09-19,CASH,25,SUCCESS
TXN0007328,S0009877,2026-09-19,CASH,616,SUCCESS
TXN0007329,S0009878,2026-09-19,UPI,95,SUCCESS
TXN0007330,S0009879,2026-09-19,CASH,160,SUCCESS
TXN0007331,S0009881,2026-09-19,CARD,315,SUCCESS
TXN0007332,S0009882,2026-09-19,CARD,465,SUCCESS
TXN0007333,S0009883,2026-09-19,UPI,260,SUCCESS
TXN0007334,S0009884,2026-09-19,UPI,310,SUCCESS
TXN0007335,S0009885,2026-09-19,CARD,506,SUCCESS
TXN0007336,S0009886,2026-09-19,CARD,96,SUCCESS
TXN0007337,S0009888,2026-09-19,UPI,25,SUCCESS
TXN0007338,S0009889,2026-09-19,UPI,620,SUCCESS
TXN0007339,S0009890,2026-09-19,CASH,76,SUCCESS
TXN0007340,S0009891,2026-09-19,CASH,15,SUCCESS
TXN0007341,S0009892,2026-09-19,CASH,610,SUCCESS
TXN0007342,S0009893,2026-09-19,CASH,315,SUCCESS
TXN0007343,S0009895,2026-09-19,UPI,20,SUCCESS
TXN0007344,S0009896,2026-09-19,CASH,35,SUCCESS
TXN0007345,S0009897,2026-09-19,UPI,475,SUCCESS
TXN0007346,S0009898,2026-09-19,CASH,160,SUCCESS
TXN0007347,S0009901,2026-09-19,UPI,54,SUCCESS
TXN0007348,S0009902,2026-09-19,UPI,95,SUCCESS
TXN0007349,S0009903,2026-09-19,CARD,50,SUCCESS
TXN0007350,S0009904,2026-09-19,UPI,310,SUCCESS
TXN0007351,S0009906,2026-09-20,CARD,1240,SUCCESS
TXN0007352,S0009907,2026-09-20,CARD,8,SUCCESS
TXN0007353,S0009908,2026-09-20,CARD,570,SUCCESS
TXN0007354,S0009911,2026-09-20,UPI,50,SUCCESS
TXN0007355,S0009912,2026-09-20,UPI,72,SUCCESS
TXN0007356,S0009913,2026-09-20,CARD,145,SUCCESS
TXN0007357,S0009916,2026-09-20,CASH,280,SUCCESS
TXN0007358,S0009917,2026-09-20,CASH,725,SUCCESS
TXN0007359,S0009918,2026-09-20,CASH,100,SUCCESS
TXN0007360,S0009919,2026-09-20,CASH,100,SUCCESS
TXN0007361,S0009920,2026-09-20,UPI,188,SUCCESS
TXN0007362,S0009921,2026-09-20,CASH,13,SUCCESS
TXN0007363,S0009922,2026-09-20,CARD,33,SUCCESS
TXN0007364,S0009923,2026-09-20,CARD,380,SUCCESS
TXN0007365,S0009924,2026-09-20,CARD,128,SUCCESS
TXN0007366,S0009925,2026-09-20,CARD,810,SUCCESS
TXN0007367,S0009926,2026-09-20,CASH,88,SUCCESS
TXN0007368,S0009927,2026-09-20,UPI,50,SUCCESS
TXN0007369,S0009928,2026-09-20,CARD,465,SUCCESS
TXN0007370,S0009929,2026-09-20,CARD,15,SUCCESS
TXN0007371,S0009930,2026-09-20,CASH,510,SUCCESS
TXN0007372,S0009931,2026-09-20,CASH,56,SUCCESS
TXN0007373,S0009932,2026-09-20,UPI,70,SUCCESS
TXN0007374,S0009933,2026-09-20,UPI,76,SUCCESS
TXN0007375,S0009934,2026-09-20,CARD,95,SUCCESS
TXN0007376,S0009935,2026-09-20,UPI,85,SUCCESS
TXN0007377,S0009938,2026-09-20,CARD,145,SUCCESS
TXN0007378,S0009939,2026-09-20,CASH,156,SUCCESS
TXN0007379,S0009940,2026-09-20,CARD,94,SUCCESS
TXN0007380,S0009941,2026-09-20,CASH,100,SUCCESS
TXN0007381,S0009942,2026-09-20,CARD,255,SUCCESS
TXN0007382,S0009943,2026-09-20,CARD,288,SUCCESS
TXN0007383,S0009944,2026-09-20,UPI,114,SUCCESS
TXN0007384,S0009946,2026-09-20,CASH,124,SUCCESS
TXN0007385,S0009947,2026-09-20,CARD,305,SUCCESS
TXN0007386,S0009949,2026-09-20,UPI,25,SUCCESS
TXN0007387,S0009950,2026-09-20,CARD,155,SUCCESS
TXN0007388,S0009951,2026-09-21,UPI,176,SUCCESS
TXN0007389,S0009952,2026-09-21,CASH,580,SUCCESS
TXN0007390,S0009953,2026-09-21,CASH,75,SUCCESS
TXN0007391,S0009955,2026-09-21,CASH,510,SUCCESS
TXN0007392,S0009956,2026-09-21,UPI,75,SUCCESS
TXN0007393,S0009957,2026-09-21,CASH,47,SUCCESS
TXN0007394,S0009959,2026-09-21,UPI,25,SUCCESS
TXN0007395,S0009960,2026-09-21,CASH,64,SUCCESS
TXN0007396,S0009962,2026-09-21,CASH,248,SUCCESS
TXN0007397,S0009963,2026-09-21,CARD,38,SUCCESS
TXN0007398,S0009964,2026-09-21,UPI,50,SUCCESS
TXN0007399,S0009966,2026-09-21,CARD,30,SUCCESS
TXN0007400,S0009968,2026-09-21,CARD,340,SUCCESS
TXN0007401,S0009970,2026-09-21,UPI,100,SUCCESS
TXN0007402,S0009971,2026-09-21,CASH,90,SUCCESS
TXN0007403,S0009972,2026-09-21,CARD,266,SUCCESS
TXN0007404,S0009973,2026-09-21,CARD,25,SUCCESS
TXN0007405,S0009974,2026-09-21,UPI,36,SUCCESS
TXN0007406,S0009975,2026-09-21,CASH,76,SUCCESS
TXN0007407,S0009977,2026-09-21,CARD,20,SUCCESS
TXN0007408,S0009978,2026-09-21,CARD,13,SUCCESS
TXN0007409,S0009979,2026-09-21,UPI,28,SUCCESS
TXN0007410,S0009980,2026-09-21,CARD,250,SUCCESS
TXN0007411,S0009981,2026-09-21,CASH,190,SUCCESS
TXN0007412,S0009982,2026-09-21,UPI,144,SUCCESS
TXN0007413,S0009984,2026-09-22,CARD,200,SUCCESS
TXN0007414,S0009985,2026-09-22,CASH,72,SUCCESS
TXN0007415,S0009987,2026-09-22,UPI,95,SUCCESS
TXN0007416,S0009988,2026-09-22,CARD,35,SUCCESS
TXN0007417,S0009989,2026-09-22,UPI,440,SUCCESS
TXN0007418,S0009990,2026-09-22,CASH,500,SUCCESS
TXN0007419,S0009991,2026-09-22,UPI,1530,SUCCESS
TXN0007420,S0009993,2026-09-22,CASH,175,SUCCESS
TXN0007421,S0009994,2026-09-22,UPI,30,SUCCESS
TXN0007422,S0009995,2026-09-22,CASH,532,SUCCESS
TXN0007423,S0009996,2026-09-22,CASH,66,SUCCESS
TXN0007424,S0009997,2026-09-22,CARD,110,SUCCESS
TXN0007425,S0009998,2026-09-22,CASH,90,SUCCESS
TXN0007426,S0009999,2026-09-22,CARD,86,SUCCESS
TXN0007427,S0010000,2026-09-22,UPI,100,SUCCESS
TXN0007428,S0010001,2026-09-22,UPI,64,SUCCESS
TXN0007429,S0010004,2026-09-22,CARD,95,SUCCESS
TXN0007430,S0010006,2026-09-22,UPI,104,SUCCESS
TXN0007431,S0010007,2026-09-22,CASH,220,SUCCESS
TXN0007432,S0010008,2026-09-22,UPI,25,SUCCESS
TXN0007433,S0010009,2026-09-22,CARD,18,SUCCESS
TXN0007434,S0010010,2026-09-22,CARD,253,SUCCESS
TXN0007435,S0010012,2026-09-22,UPI,255,SUCCESS
TXN0007436,S0010013,2026-09-22,CARD,180,SUCCESS
TXN0007437,S0010014,2026-09-22,CARD,155,SUCCESS
TXN0007438,S0010015,2026-09-23,CARD,15,SUCCESS
TXN0007439,S0010016,2026-09-23,UPI,375,SUCCESS
TXN0007440,S0010017,2026-09-23,CASH,100,SUCCESS
TXN0007441,S0010018,2026-09-23,CASH,206,SUCCESS
TXN0007442,S0010019,2026-09-23,UPI,130,SUCCESS
TXN0007443,S0010021,2026-09-23,CASH,64,SUCCESS
TXN0007444,S0010022,2026-09-23,CASH,75,SUCCESS
TXN0007445,S0010023,2026-09-23,UPI,25,SUCCESS
TXN0007446,S0010024,2026-09-23,CARD,156,SUCCESS
TXN0007447,S0010025,2026-09-23,CARD,86,SUCCESS
TXN0007448,S0010026,2026-09-23,CARD,90,SUCCESS
TXN0007449,S0010027,2026-09-23,CARD,104,SUCCESS
TXN0007450,S0010028,2026-09-23,CASH,72,SUCCESS
TXN0007451,S0010029,2026-09-23,CARD,135,SUCCESS
TXN0007452,S0010031,2026-09-23,CARD,375,SUCCESS
TXN0007453,S0010032,2026-09-23,CASH,110,SUCCESS
TXN0007454,S0010033,2026-09-23,CASH,675,SUCCESS
TXN0007455,S0010034,2026-09-23,UPI,67,SUCCESS
TXN0007456,S0010036,2026-09-23,CASH,765,SUCCESS
TXN0007457,S0010037,2026-09-23,CASH,225,SUCCESS
TXN0007458,S0010038,2026-09-23,CASH,66,SUCCESS
TXN0007459,S0010039,2026-09-23,CASH,129,SUCCESS
TXN0007460,S0010040,2026-09-23,UPI,105,SUCCESS
TXN0007461,S0010041,2026-09-23,CARD,72,SUCCESS
TXN0007462,S0010042,2026-09-23,UPI,210,SUCCESS
TXN0007463,S0010043,2026-09-23,UPI,28,SUCCESS
TXN0007464,S0010045,2026-09-24,CARD,610,SUCCESS
TXN0007465,S0010046,2026-09-24,UPI,105,SUCCESS
TXN0007466,S0010047,2026-09-24,CASH,510,SUCCESS
TXN0007467,S0010048,2026-09-24,UPI,25,SUCCESS
TXN0007468,S0010050,2026-09-24,CASH,75,SUCCESS
TXN0007469,S0010051,2026-09-24,CASH,172,SUCCESS
TXN0007470,S0010052,2026-09-24,CASH,105,SUCCESS
TXN0007471,S0010053,2026-09-24,UPI,67,SUCCESS
TXN0007472,S0010055,2026-09-24,UPI,28,SUCCESS
TXN0007473,S0010056,2026-09-24,CASH,300,SUCCESS
TXN0007474,S0010057,2026-09-24,CASH,620,SUCCESS
TXN0007475,S0010058,2026-09-24,UPI,25,SUCCESS
TXN0007476,S0010059,2026-09-24,CASH,190,SUCCESS
TXN0007477,S0010061,2026-09-24,CASH,66,SUCCESS
TXN0007478,S0010062,2026-09-24,CARD,28,SUCCESS
TXN0007479,S0010063,2026-09-24,CARD,16,SUCCESS
TXN0007480,S0010065,2026-09-24,CASH,23,SUCCESS
TXN0007481,S0010066,2026-09-24,CASH,510,SUCCESS
TXN0007482,S0010067,2026-09-24,UPI,20,SUCCESS
TXN0007483,S0010068,2026-09-24,UPI,620,SUCCESS
TXN0007484,S0010070,2026-09-24,CARD,100,SUCCESS
TXN0007485,S0010071,2026-09-24,CARD,47,SUCCESS
TXN0007486,S0010074,2026-09-24,CARD,50,SUCCESS
TXN0007487,S0010078,2026-09-24,UPI,279,SUCCESS
TXN0007488,S0010079,2026-09-24,CARD,38,SUCCESS
TXN0007489,S0010081,2026-09-25,UPI,112,SUCCESS
TXN0007490,S0010083,2026-09-25,CASH,100,SUCCESS
TXN0007491,S0010084,2026-09-25,CASH,33,SUCCESS
TXN0007492,S0010087,2026-09-25,UPI,50,SUCCESS
TXN0007493,S0010091,2026-09-25,CASH,93,SUCCESS
TXN0007494,S0010093,2026-09-25,CARD,35,SUCCESS
TXN0007495,S0010095,2026-09-25,UPI,70,SUCCESS
TXN0007496,S0010096,2026-09-25,CARD,15,SUCCESS
TXN0007497,S0010097,2026-09-25,CARD,150,SUCCESS
TXN0007498,S0010098,2026-09-25,CARD,95,SUCCESS
TXN0007499,S0010099,2026-09-25,UPI,435,SUCCESS
TXN0007500,S0010100,2026-09-25,UPI,306,SUCCESS
TXN0007501,S0010101,2026-09-25,CARD,96,SUCCESS
TXN0007502,S0010105,2026-09-25,UPI,250,SUCCESS
TXN0007503,S0010107,2026-09-25,UPI,66,SUCCESS
TXN0007504,S0010108,2026-09-25,UPI,125,SUCCESS
TXN0007505,S0010111,2026-09-25,CASH,50,SUCCESS
TXN0007506,S0010112,2026-09-25,UPI,90,SUCCESS
TXN0007507,S0010113,2026-09-25,UPI,315,SUCCESS
TXN0007508,S0010114,2026-09-25,UPI,155,SUCCESS
TXN0007509,S0010115,2026-09-26,UPI,1000,SUCCESS
TXN0007510,S0010116,2026-09-26,CARD,435,SUCCESS
TXN0007511,S0010117,2026-09-26,UPI,915,SUCCESS
TXN0007512,S0010118,2026-09-26,CARD,52,SUCCESS
TXN0007513,S0010120,2026-09-26,CASH,20,SUCCESS
TXN0007514,S0010121,2026-09-26,CASH,135,SUCCESS
TXN0007515,S0010122,2026-09-26,CASH,255,SUCCESS
TXN0007516,S0010124,2026-09-26,CARD,20,SUCCESS
TXN0007517,S0010127,2026-09-26,CASH,32,SUCCESS
TXN0007518,S0010128,2026-09-26,CARD,52,SUCCESS
TXN0007519,S0010129,2026-09-26,UPI,100,SUCCESS
TXN0007520,S0010130,2026-09-26,CARD,18,SUCCESS
TXN0007521,S0010131,2026-09-26,CASH,435,SUCCESS
TXN0007522,S0010132,2026-09-26,CARD,38,SUCCESS
TXN0007523,S0010138,2026-09-26,CARD,300,SUCCESS
TXN0007524,S0010139,2026-09-26,UPI,15,SUCCESS
TXN0007525,S0010140,2026-09-26,UPI,38,SUCCESS
TXN0007526,S0010142,2026-09-26,CARD,176,SUCCESS
TXN0007527,S0010143,2026-09-26,UPI,46,SUCCESS
TXN0007528,S0010144,2026-09-26,CARD,270,SUCCESS
TXN0007529,S0010145,2026-09-26,CARD,90,SUCCESS
TXN0007530,S0010146,2026-09-26,CARD,96,SUCCESS
TXN0007531,S0010147,2026-09-26,CARD,114,SUCCESS
TXN0007532,S0010149,2026-09-26,CARD,440,SUCCESS
TXN0007533,S0010151,2026-09-26,UPI,30,SUCCESS
TXN0007534,S0010152,2026-09-26,UPI,290,SUCCESS
TXN0007535,S0010153,2026-09-26,UPI,96,SUCCESS
TXN0007536,S0010155,2026-09-26,CARD,440,SUCCESS
TXN0007537,S0010156,2026-09-26,CASH,50,SUCCESS
TXN0007538,S0010158,2026-09-26,CASH,286,SUCCESS
TXN0007539,S0010160,2026-09-26,CARD,135,SUCCESS
TXN0007540,S0010161,2026-09-26,UPI,160,SUCCESS
TXN0007541,S0010164,2026-09-26,CARD,105,SUCCESS
TXN0007542,S0010165,2026-09-26,CASH,15,SUCCESS
TXN0007543,S0010167,2026-09-26,CASH,170,SUCCESS
TXN0007544,S0010168,2026-09-26,CARD,725,SUCCESS
TXN0007545,S0010169,2026-09-26,CARD,260,SUCCESS
TXN0007546,S0010170,2026-09-26,UPI,152,SUCCESS
TXN0007547,S0010171,2026-09-26,CASH,36,SUCCESS
TXN0007548,S0010172,2026-09-27,CARD,76,SUCCESS
TXN0007549,S0010173,2026-09-27,CASH,420,SUCCESS
TXN0007550,S0010174,2026-09-27,UPI,155,SUCCESS
TXN0007551,S0010175,2026-09-27,CARD,38,SUCCESS
TXN0007552,S0010176,2026-09-27,CARD,380,SUCCESS
TXN0007553,S0010177,2026-09-27,CASH,84,SUCCESS
TXN0007554,S0010181,2026-09-27,CARD,270,SUCCESS
TXN0007555,S0010183,2026-09-27,CARD,36,SUCCESS
TXN0007556,S0010184,2026-09-27,CASH,930,SUCCESS
TXN0007557,S0010185,2026-09-27,CASH,30,SUCCESS
TXN0007558,S0010186,2026-09-27,CARD,90,SUCCESS
TXN0007559,S0010188,2026-09-27,CASH,10,SUCCESS
TXN0007560,S0010189,2026-09-27,CASH,75,SUCCESS
TXN0007561,S0010190,2026-09-27,UPI,176,SUCCESS
TXN0007562,S0010191,2026-09-27,CARD,210,SUCCESS
TXN0007563,S0010192,2026-09-27,CASH,18,SUCCESS
TXN0007564,S0010193,2026-09-27,CARD,40,SUCCESS
TXN0007565,S0010194,2026-09-27,UPI,90,SUCCESS
TXN0007566,S0010196,2026-09-27,CASH,215,SUCCESS
TXN0007567,S0010197,2026-09-27,UPI,245,SUCCESS
TXN0007568,S0010198,2026-09-27,CARD,315,SUCCESS
TXN0007569,S0010199,2026-09-27,CARD,180,SUCCESS
TXN0007570,S0010200,2026-09-27,UPI,95,SUCCESS
TXN0007571,S0010202,2026-09-27,CASH,60,SUCCESS
TXN0007572,S0010205,2026-09-27,CASH,612,SUCCESS
TXN0007573,S0010206,2026-09-27,CARD,18,SUCCESS
TXN0007574,S0010207,2026-09-27,UPI,90,SUCCESS
TXN0007575,S0010208,2026-09-27,UPI,290,SUCCESS
TXN0007576,S0010209,2026-09-27,UPI,108,SUCCESS
TXN0007577,S0010210,2026-09-27,CASH,665,SUCCESS
TXN0007578,S0010211,2026-09-27,UPI,95,SUCCESS
TXN0007579,S0010212,2026-09-28,CARD,70,SUCCESS
TXN0007580,S0010213,2026-09-28,CARD,100,SUCCESS
TXN0007581,S0010214,2026-09-28,CASH,180,SUCCESS
TXN0007582,S0010215,2026-09-28,CARD,52,SUCCESS
TXN0007583,S0010216,2026-09-28,UPI,153,SUCCESS
TXN0007584,S0010217,2026-09-28,CASH,60,SUCCESS
TXN0007585,S0010218,2026-09-28,CASH,15,SUCCESS
TXN0007586,S0010220,2026-09-28,CARD,43,SUCCESS
TXN0007587,S0010221,2026-09-28,CARD,150,SUCCESS
TXN0007588,S0010222,2026-09-28,CASH,23,SUCCESS
TXN0007589,S0010223,2026-09-28,CARD,80,SUCCESS
TXN0007590,S0010224,2026-09-28,CASH,38,SUCCESS
TXN0007591,S0010225,2026-09-28,CASH,255,SUCCESS
TXN0007592,S0010227,2026-09-28,CASH,145,SUCCESS
TXN0007593,S0010228,2026-09-28,UPI,105,SUCCESS
TXN0007594,S0010230,2026-09-28,CASH,180,SUCCESS
TXN0007595,S0010233,2026-09-28,CARD,180,SUCCESS
TXN0007596,S0010235,2026-09-28,CASH,64,SUCCESS
TXN0007597,S0010237,2026-09-29,CARD,36,SUCCESS
TXN0007598,S0010238,2026-09-29,UPI,76,SUCCESS
TXN0007599,S0010239,2026-09-29,CASH,45,SUCCESS
TXN0007600,S0010240,2026-09-29,CARD,380,SUCCESS
TXN0007601,S0010243,2026-09-29,CASH,25,SUCCESS
TXN0007602,S0010244,2026-09-29,UPI,76,SUCCESS
TXN0007603,S0010245,2026-09-29,CASH,510,SUCCESS
TXN0007604,S0010248,2026-09-29,CASH,180,SUCCESS
TXN0007605,S0010250,2026-09-29,CASH,310,SUCCESS
TXN0007606,S0010251,2026-09-29,CASH,75,SUCCESS
TXN0007607,S0010252,2026-09-29,CARD,15,SUCCESS
TXN0007608,S0010253,2026-09-29,CASH,129,SUCCESS
TXN0007609,S0010255,2026-09-29,UPI,60,SUCCESS
TXN0007610,S0010256,2026-09-29,UPI,580,SUCCESS
TXN0007611,S0010258,2026-09-29,CARD,20,SUCCESS
TXN0007612,S0010260,2026-09-29,CARD,279,SUCCESS
TXN0007613,S0010261,2026-09-29,CARD,66,SUCCESS
TXN0007614,S0010262,2026-09-29,CARD,23,SUCCESS
TXN0007615,S0010264,2026-09-29,CASH,32,SUCCESS
TXN0007616,S0010265,2026-09-29,UPI,50,SUCCESS
TXN0007617,S0010266,2026-09-29,CARD,50,SUCCESS
TXN0007618,S0010269,2026-09-29,CARD,25,SUCCESS
TXN0007619,S0010270,2026-09-29,CARD,13,SUCCESS
TXN0007620,S0010271,2026-09-29,UPI,25,SUCCESS
TXN0007621,S0010272,2026-09-29,CARD,270,SUCCESS
TXN0007622,S0010273,2026-09-29,CASH,110,SUCCESS
TXN0007623,S0010274,2026-09-29,CASH,250,SUCCESS
TXN0007624,S0010275,2026-09-29,UPI,70,SUCCESS
TXN0007625,S0010278,2026-09-29,CASH,150,SUCCESS
TXN0007626,S0010279,2026-09-30,UPI,208,SUCCESS
TXN0007627,S0010280,2026-09-30,UPI,52,SUCCESS
TXN0007628,S0010281,2026-09-30,UPI,253,SUCCESS
TXN0007629,S0010282,2026-09-30,CASH,435,SUCCESS
TXN0007630,S0010283,2026-09-30,CASH,220,SUCCESS
TXN0007631,S0010284,2026-09-30,UPI,60,SUCCESS
TXN0007632,S0010288,2026-09-30,CARD,50,SUCCESS
TXN0007633,S0010289,2026-09-30,CARD,132,SUCCESS
TXN0007634,S0010290,2026-09-30,CARD,52,SUCCESS
TXN0007635,S0010291,2026-09-30,CARD,48,SUCCESS
TXN0007636,S0010292,2026-09-30,CASH,620,SUCCESS
TXN0007637,S0010293,2026-09-30,CASH,90,SUCCESS
TXN0007638,S0010294,2026-09-30,UPI,67,SUCCESS
TXN0007639,S0010295,2026-09-30,CARD,38,SUCCESS
TXN0007640,S0010296,2026-09-30,CASH,90,SUCCESS
TXN0007641,S0010297,2026-09-30,CARD,50,SUCCESS
TXN0007642,S0010298,2026-09-30,CARD,94,SUCCESS
TXN0007643,S0010299,2026-09-30,UPI,126,SUCCESS
TXN0007644,S0010300,2026-09-30,CASH,66,SUCCESS
TXN0007645,S0010301,2026-09-30,CARD,775,SUCCESS
TXN0007646,S0010302,2026-09-30,CASH,405,SUCCESS
TXN0007647,S0010303,2026-09-30,CARD,310,SUCCESS
TXN0007648,S0010304,2026-09-30,CARD,270,SUCCESS
TXN0007649,S0010305,2026-09-30,CASH,30,SUCCESS
TXN0007650,S0010306,2026-09-30,CASH,490,SUCCESS
TXN0007651,S0010307,2026-09-30,CARD,520,SUCCESS
TXN0007652,S0010308,2026-09-30,CASH,38,SUCCESS
